-- phpMyAdmin SQL Dump
-- version 3.5.2
-- http://www.phpmyadmin.net
--
-- 主机: localhost
-- 生成日期: 2015 年 01 月 08 日 07:01
-- 服务器版本: 5.5.25a
-- PHP 版本: 5.4.4

SET SQL_MODE="NO_AUTO_VALUE_ON_ZERO";
SET time_zone = "+00:00";


/*!40101 SET @OLD_CHARACTER_SET_CLIENT=@@CHARACTER_SET_CLIENT */;
/*!40101 SET @OLD_CHARACTER_SET_RESULTS=@@CHARACTER_SET_RESULTS */;
/*!40101 SET @OLD_COLLATION_CONNECTION=@@COLLATION_CONNECTION */;
/*!40101 SET NAMES utf8 */;

--
-- 数据库: `jamace`
--

-- --------------------------------------------------------

--
-- 表的结构 `eca_admin`
--

CREATE TABLE IF NOT EXISTS `eca_admin` (
  `id` mediumint(8) NOT NULL AUTO_INCREMENT,
  `admin_name` varchar(60) NOT NULL,
  `admin_password` varchar(60) NOT NULL,
  `admin_nich` varchar(60) NOT NULL,
  `admin_purview` mediumint(8) NOT NULL,
  `admin_admin` varchar(60) DEFAULT NULL,
  `admin_mail` varchar(60) DEFAULT NULL,
  `admin_tel` varchar(60) DEFAULT NULL,
  `is_disable` mediumint(8) NOT NULL DEFAULT '0',
  `admin_ip` varchar(60) DEFAULT NULL,
  `admin_time` varchar(60) DEFAULT NULL,
  PRIMARY KEY (`id`)
) ENGINE=MyISAM  DEFAULT CHARSET=utf8 AUTO_INCREMENT=13 ;

--
-- 转存表中的数据 `eca_admin`
--

INSERT INTO `eca_admin` (`id`, `admin_name`, `admin_password`, `admin_nich`, `admin_purview`, `admin_admin`, `admin_mail`, `admin_tel`, `is_disable`, `admin_ip`, `admin_time`) VALUES
(10, 'jam', 'e7c9acddca584ef9303e70b54c93ca02', 'admin', 1, '', '', '', 0, '127.0.0.1', '1411572646'),
(12, 'ace', 'e10adc3949ba59abbe56e057f20f883e', 'ace', 2, '', '', '', 0, '127.0.0.1', '1411572526');

-- --------------------------------------------------------

--
-- 表的结构 `eca_admin_group`
--

CREATE TABLE IF NOT EXISTS `eca_admin_group` (
  `id` mediumint(8) NOT NULL AUTO_INCREMENT,
  `admin_group_name` varchar(60) NOT NULL,
  `admin_group_info` varchar(255) DEFAULT NULL,
  `admin_group_purview` text COMMENT '分组权限-字符串以,分割',
  `is_disable` mediumint(8) NOT NULL DEFAULT '0' COMMENT '是否禁用',
  PRIMARY KEY (`id`)
) ENGINE=MyISAM  DEFAULT CHARSET=utf8 AUTO_INCREMENT=5 ;

--
-- 转存表中的数据 `eca_admin_group`
--

INSERT INTO `eca_admin_group` (`id`, `admin_group_name`, `admin_group_info`, `admin_group_purview`, `is_disable`) VALUES
(1, '超级管理员', '可以管理后台所有功能，没有任何限制', 'all_purview', 0),
(2, '信息发布员 ', '发布信息内容的管理员', 'content_create,content_edit', 0);

-- --------------------------------------------------------

--
-- 表的结构 `eca_alone`
--

CREATE TABLE IF NOT EXISTS `eca_alone` (
  `id` mediumint(8) NOT NULL,
  `content` text,
  PRIMARY KEY (`id`)
) ENGINE=MyISAM DEFAULT CHARSET=utf8;

--
-- 转存表中的数据 `eca_alone`
--

INSERT INTO `eca_alone` (`id`, `content`) VALUES
(1, '<p>\r\n	&nbsp;</p>\r\n<p>\r\n	<img alt="" src="../upload/img/201409231836597541.jpg" style="width: 600px; height: 300px;" /></p>\r\n<p>\r\n	&nbsp;</p>\r\n<p>\r\n	&nbsp;</p>\r\n<p>\r\n	　　此款logo将公司名称及公司经营理念合二为一。十字代表客户与公司利益相互影响，息息相关，准星则代表着公司以抓住最准确行情走势为优势，为客户带来最高利益。而双圈象征互利共赢，双双圆满之意。</p>\r\n<p>\r\n	&nbsp;</p>\r\n<p>\r\n	　　&ldquo;仲&rdquo;，中也。&ldquo;泰&rdquo;，安也。公司以平衡稳定为基本理念，以求得客户最终利益为目的的同时，求准，求稳，不断发展，不断创新。而字体选用粗字黑体，则彰显出仲泰业强大的资金实力和行业地位。</p>\r\n'),
(2, '<p>\r\n	联系我们</p>\r\n<div>\r\n	服务热线：400-089-7771</div>\r\n<div>\r\n	行情咨询：0411-66877907</div>\r\n<div>\r\n	客服邮箱：cs@chnzty.com</div>\r\n<div>\r\n	公司地址：辽宁大连市长江东路凯丹天地A座6层</div>\r\n<p>\r\n	&nbsp;</p>\r\n<p>\r\n	<img alt="" src="../upload/img/201410082037258521.jpg" style="width: 650px; height: 362px;" /></p>\r\n'),
(3, '<p>\r\n	<img alt="" src="../upload/img/201409231836597541.jpg" style="width: 600px; height: 300px;" /></p>\r\n<p>\r\n	　　现货交易是以现货市场为基础进行的，现货交易也称为网上现货商品交易，现货电子交易的对象是标准化的现货电子交易合约。其好处在于可以用一定比例的保证金进行先买入或先卖出的双向交易，并且无需马上交收实物，从而能够控制生产成本或出售价格。所以，生产者及需求者可以通过现货电子交易市场达到规避风险、保障利润的目的，而作为投资者亦可以在市场中赚取可观的价差利润。</p>\r\n<p>\r\n	&nbsp;</p>\r\n<p>\r\n	　　随着经济全球化的深入，国内金融改革步伐不断加快，现货电子交易已成为继证券、期货、外汇后的第四大金融投资品种。近年来，现货电子商品每年都以50%以上的速度增长，国内已经迎来现货投资新一轮的热潮。从 97 年开始，国内纷纷成立了各种商品的专业交易市场，各现货商品交易市场交易金额成几何级增长。这充分说明：现货交易让我们拥有了一个无限的发展空间。由于我国地域辽阔，资源丰富，人口众多，故而商品经济的发展更是突飞猛进。不远的将来，一半的商品将在网上进行。因此，对于广大投资者来说，现货交易可以说是最为高效和高收益的投资方式。</p>\r\n'),
(4, '<p style="text-align: center;">\r\n	<span style="font-size:14px;">江苏仲泰业投资管理有限公司</span></p>\r\n<p>\r\n	江苏仲泰业投资管理有限公司是一家专门从事金融衍生品投资服务的金融机构，是长三角大宗商品交易所的第131号会员单位。公司主要经营铜，白银、镍、石油等大宗商品现货及现货延期交收交易业务，并提供相关投资咨询服务。</p>\r\n<p>\r\n	公司具有强大的经营队伍，优秀的金融投资团队，团队成员具有多年的现货投资实战经验，能够通过专业化的行情分析、客服支持，及时、准确、全方位的为客户提供金融资讯、理财培训等高质量的服务。公司恪守&ldquo;高效稳健、严控风险&rdquo;的行业准则，为投资者提供规范、安全、便捷的交易通道及专业的现货交割业务。</p>\r\n<p>\r\n	我们坚信，我们将是您避险抗通胀、资源合理配置、提升投资收益的最智慧选择。</p>\r\n'),
(18, '<div class="newslist_box">\r\n	<div id="vertical_container">\r\n		<!--第1开始-->\r\n		<h1 class="accordion_toggle accordion_toggle_active">\r\n			现货白银</h1>\r\n		<div class="accordion_content" style="height: auto; display: block;">\r\n			<div id="vertical_nested_container">\r\n				<table border="1" bordercolor="#cccccc" cellpadding="0" cellspacing="0" class="product_jyxz" height="509" width="100%">\r\n					<tbody>\r\n						<tr>\r\n							<td bgcolor="#f2efe8" height="30" valign="center" width="17%">\r\n								交易单位</td>\r\n							<td bgcolor="#f5f5f5" height="30" valign="center" width="83%">\r\n								10千克/手，50千克/手，100千克/手</td>\r\n						</tr>\r\n						<tr>\r\n							<td bgcolor="#f2efe8" height="30" valign="center">\r\n								交易时间</td>\r\n							<td bgcolor="#f5f5f5" height="30" valign="center">\r\n								周一早6:00至周六早4:30，凌晨4:30至6:00为结算时间（夏令时）</td>\r\n						</tr>\r\n						<tr>\r\n							<td bgcolor="#f2efe8" height="30" valign="center">\r\n								交易单位</td>\r\n							<td bgcolor="#f5f5f5" height="30" valign="center">\r\n								人民币/千克</td>\r\n						</tr>\r\n						<tr>\r\n							<td bgcolor="#f2efe8" height="30" valign="center">\r\n								最小变动价</td>\r\n							<td bgcolor="#f5f5f5" height="30" valign="center">\r\n								1元/千克</td>\r\n						</tr>\r\n						<tr>\r\n							<td bgcolor="#f2efe8" height="30" valign="center">\r\n								延期费</td>\r\n							<td bgcolor="#f5f5f5" height="30" valign="center">\r\n								1元/千克/日</td>\r\n						</tr>\r\n						<tr>\r\n							<td bgcolor="#f2efe8" height="30" valign="center">\r\n								交易手续费</td>\r\n							<td bgcolor="#f5f5f5" height="30" valign="center">\r\n								万分之十</td>\r\n						</tr>\r\n						<tr>\r\n							<td bgcolor="#f2efe8" height="30" valign="center">\r\n								实物交割方式</td>\r\n							<td bgcolor="#f5f5f5" height="30" valign="center">\r\n								实收申报制</td>\r\n						</tr>\r\n						<tr>\r\n							<td bgcolor="#f2efe8" height="30" valign="center">\r\n								实物交割时间</td>\r\n							<td bgcolor="#f5f5f5" height="30" valign="center">\r\n								交易日内10:00-18:00</td>\r\n						</tr>\r\n						<tr>\r\n							<td bgcolor="#f2efe8" height="30" valign="center">\r\n								实物交割品质</td>\r\n							<td bgcolor="#f5f5f5" height="30" valign="center">\r\n								千足银</td>\r\n						</tr>\r\n						<tr>\r\n							<td bgcolor="#f2efe8" height="30" valign="center">\r\n								实物交割地点</td>\r\n							<td bgcolor="#f5f5f5" height="30" valign="center">\r\n								交易市场认可的交收点</td>\r\n						</tr>\r\n						<tr>\r\n							<td bgcolor="#f2efe8" height="30" valign="center">\r\n								单笔最大交易金额</td>\r\n							<td bgcolor="#f5f5f5" height="30" valign="center">\r\n								2000千克</td>\r\n						</tr>\r\n						<tr>\r\n							<td bgcolor="#f2efe8" height="30" valign="center">\r\n								结算时间</td>\r\n							<td bgcolor="#f5f5f5" height="30" valign="center">\r\n								04:30至07:00（不能交易）</td>\r\n						</tr>\r\n						<tr>\r\n							<td bgcolor="#f2efe8" height="30" valign="center">\r\n								保证金比例</td>\r\n							<td bgcolor="#f5f5f5" height="30" valign="center">\r\n								合约价值的3%</td>\r\n						</tr>\r\n						<tr>\r\n							<td bgcolor="#f2efe8" height="30" valign="center">\r\n								最大持仓量</td>\r\n							<td bgcolor="#f5f5f5" height="30" valign="center">\r\n								8000千克</td>\r\n						</tr>\r\n						<tr>\r\n							<td bgcolor="#f2efe8" height="30" valign="center">\r\n								点差</td>\r\n							<td bgcolor="#f5f5f5" height="30" valign="center">\r\n								6个点</td>\r\n						</tr>\r\n						<tr>\r\n							<td bgcolor="#f2efe8" height="30" valign="center">\r\n								交易制度</td>\r\n							<td bgcolor="#f5f5f5" height="30" valign="center">\r\n								OTC，可做多，做空</td>\r\n						</tr>\r\n						<tr>\r\n							<td bgcolor="#f2efe8" height="27" valign="center">\r\n								实物交收申报时间</td>\r\n							<td bgcolor="#f5f5f5" height="27" valign="center">\r\n								交易日内的：10:00-15:30</td>\r\n						</tr>\r\n					</tbody>\r\n				</table>\r\n			</div>\r\n		</div>\r\n		<!--第1开始-->\r\n		<h1 class="accordion_toggle">\r\n			现货镍</h1>\r\n		<div class="accordion_content" style="height: 0px; display: none;">\r\n			<div id="vertical_nested_container">\r\n				<table border="1" bordercolor="#cccccc" cellpadding="0" cellspacing="0" class="product_jyxz" height="500" width="100%">\r\n					<tbody>\r\n						<tr>\r\n							<td bgcolor="#f2efe8" height="30" valign="center" width="17%">\r\n								交易单位</td>\r\n							<td bgcolor="#f5f5f5" height="30" valign="center" width="83%">\r\n								标准手：1000千克/手</td>\r\n						</tr>\r\n						<tr>\r\n							<td bgcolor="#f2efe8" height="30" valign="center">\r\n								点差</td>\r\n							<td bgcolor="#f5f5f5" height="30" valign="center">\r\n								0.15点</td>\r\n						</tr>\r\n						<tr>\r\n							<td bgcolor="#f2efe8" height="30" valign="center">\r\n								报价单位</td>\r\n							<td bgcolor="#f5f5f5" height="30" valign="center">\r\n								元（人民币）/千克</td>\r\n						</tr>\r\n						<tr>\r\n							<td bgcolor="#f2efe8" height="30" valign="center">\r\n								最小变动价</td>\r\n							<td bgcolor="#f5f5f5" height="30" valign="center">\r\n								1元/千克</td>\r\n						</tr>\r\n						<tr>\r\n							<td bgcolor="#f2efe8" height="30" valign="center">\r\n								单笔最大下单量</td>\r\n							<td bgcolor="#f5f5f5" height="30" valign="center">\r\n								20手</td>\r\n						</tr>\r\n						<tr>\r\n							<td bgcolor="#f2efe8" height="30" valign="center">\r\n								单个交易商最大持仓量</td>\r\n							<td bgcolor="#f5f5f5" height="30" valign="center">\r\n								500000千克</td>\r\n						</tr>\r\n						<tr>\r\n							<td bgcolor="#f2efe8" height="30" valign="center">\r\n								每日涨跌幅限制</td>\r\n							<td bgcolor="#f5f5f5" height="30" valign="center">\r\n								无</td>\r\n						</tr>\r\n						<tr>\r\n							<td bgcolor="#f2efe8" height="30" valign="center">\r\n								交易时间（北京时间）</td>\r\n							<td bgcolor="#f5f5f5" height="30" valign="center">\r\n								周一早9:00至周六早3:00，凌晨3至9为结算时间（冬令时）<br />\r\n								周一早8:00至周六早2:00，凌晨2至9为结算时间（夏令时）</td>\r\n						</tr>\r\n						<tr>\r\n							<td bgcolor="#f2efe8" height="30" valign="center">\r\n								交收申报时间（北京时间）</td>\r\n							<td bgcolor="#f5f5f5" height="30" valign="center">\r\n								交易日内的：10:00-15:30</td>\r\n						</tr>\r\n						<tr>\r\n							<td bgcolor="#f2efe8" height="30" valign="center">\r\n								质量标准</td>\r\n							<td bgcolor="#f5f5f5" height="30" valign="center">\r\n								LME注册原镍，符合ASTM B39-79（2004）标准的规定， 其镍含量不低于99.8%、替代品-电解镍</td>\r\n						</tr>\r\n						<tr>\r\n							<td bgcolor="#f2efe8" height="30" valign="center">\r\n								交收地点</td>\r\n							<td bgcolor="#f5f5f5" height="30" valign="center">\r\n								交易所指定交收仓库</td>\r\n						</tr>\r\n						<tr>\r\n							<td bgcolor="#f2efe8" height="30" valign="center">\r\n								最小交收单位</td>\r\n							<td bgcolor="#f5f5f5" height="30" valign="center">\r\n								30吨</td>\r\n						</tr>\r\n						<tr>\r\n							<td bgcolor="#f2efe8" height="30" valign="center">\r\n								履约定金</td>\r\n							<td bgcolor="#f5f5f5" height="30" valign="center">\r\n								合约价值的3%</td>\r\n						</tr>\r\n						<tr>\r\n							<td bgcolor="#f2efe8" height="30" valign="center">\r\n								交易手续费</td>\r\n							<td bgcolor="#f5f5f5" height="30" valign="center">\r\n								平仓时的0.1%</td>\r\n						</tr>\r\n						<tr>\r\n							<td bgcolor="#f2efe8" height="30" valign="center">\r\n								交收方式</td>\r\n							<td bgcolor="#f5f5f5" height="30" valign="center">\r\n								实物交收</td>\r\n						</tr>\r\n						<tr>\r\n							<td bgcolor="#f2efe8" height="30" valign="center">\r\n								延期费率</td>\r\n							<td bgcolor="#f5f5f5" height="30" valign="center">\r\n								20元/吨/日</td>\r\n						</tr>\r\n						<tr>\r\n							<td bgcolor="#f2efe8" height="30" valign="center">\r\n								上市交易所</td>\r\n							<td bgcolor="#f5f5f5" height="30" valign="center">\r\n								长三角商品交易所</td>\r\n						</tr>\r\n					</tbody>\r\n				</table>\r\n			</div>\r\n		</div>\r\n		<!--第1开始-->\r\n		<h1 class="accordion_toggle">\r\n			现货铜</h1>\r\n		<div class="accordion_content" style="height: 0px; display: none;">\r\n			<div id="vertical_nested_container">\r\n				<table border="1" bordercolor="#cccccc" cellpadding="0" cellspacing="0" class="product_jyxz" height="500" width="100%">\r\n					<tbody>\r\n						<tr>\r\n							<td bgcolor="#f2efe8" height="30" valign="center" width="17%">\r\n								交易单位</td>\r\n							<td bgcolor="#f5f5f5" height="30" valign="center" width="83%">\r\n								标准手：10吨/手</td>\r\n						</tr>\r\n						<tr>\r\n							<td bgcolor="#f2efe8" height="30" valign="center">\r\n								点差</td>\r\n							<td bgcolor="#f5f5f5" height="30" valign="center">\r\n								40点</td>\r\n						</tr>\r\n						<tr>\r\n							<td bgcolor="#f2efe8" height="30" valign="center">\r\n								报价单位</td>\r\n							<td bgcolor="#f5f5f5" height="30" valign="center">\r\n								元（人民币）/吨</td>\r\n						</tr>\r\n						<tr>\r\n							<td bgcolor="#f2efe8" height="30" valign="center">\r\n								最小变动价</td>\r\n							<td bgcolor="#f5f5f5" height="30" valign="center">\r\n								最小变价单位</td>\r\n						</tr>\r\n						<tr>\r\n							<td bgcolor="#f2efe8" height="30" valign="center">\r\n								单笔最大下单量</td>\r\n							<td bgcolor="#f5f5f5" height="30" valign="center">\r\n								20手</td>\r\n						</tr>\r\n						<tr>\r\n							<td bgcolor="#f2efe8" height="30" valign="center">\r\n								单个交易商最大持仓量</td>\r\n							<td bgcolor="#f5f5f5" height="30" valign="center">\r\n								800吨</td>\r\n						</tr>\r\n						<tr>\r\n							<td bgcolor="#f2efe8" height="30" valign="center">\r\n								每日涨跌幅限制</td>\r\n							<td bgcolor="#f5f5f5" height="30" valign="center">\r\n								无</td>\r\n						</tr>\r\n						<tr>\r\n							<td bgcolor="#f2efe8" height="30" valign="center">\r\n								交易时间（北京时间）</td>\r\n							<td bgcolor="#f5f5f5" height="30" valign="center">\r\n								周一早9:00至周六早3:00，凌晨3至9为结算时间（冬令时）<br />\r\n								周一早8:00至周六早2:00，凌晨2至9为结算时间（夏令时）</td>\r\n						</tr>\r\n						<tr>\r\n							<td bgcolor="#f2efe8" height="30" valign="center">\r\n								交收申报时间（北京时间）</td>\r\n							<td bgcolor="#f5f5f5" height="30" valign="center">\r\n								周一至周五09:00至15:00</td>\r\n						</tr>\r\n						<tr>\r\n							<td bgcolor="#f2efe8" height="30" valign="center">\r\n								质量标准</td>\r\n							<td bgcolor="#f5f5f5" height="30" valign="center">\r\n								GB/T467-1997</td>\r\n						</tr>\r\n						<tr>\r\n							<td bgcolor="#f2efe8" height="30" valign="center">\r\n								交收地点</td>\r\n							<td bgcolor="#f5f5f5" height="30" valign="center">\r\n								交易所指定交收仓库</td>\r\n						</tr>\r\n						<tr>\r\n							<td bgcolor="#f2efe8" height="30" valign="center">\r\n								最小交收单位</td>\r\n							<td bgcolor="#f5f5f5" height="30" valign="center">\r\n								10吨</td>\r\n						</tr>\r\n						<tr>\r\n							<td bgcolor="#f2efe8" height="30" valign="center">\r\n								履约定金</td>\r\n							<td bgcolor="#f5f5f5" height="30" valign="center">\r\n								合约价值的3%至20%</td>\r\n						</tr>\r\n						<tr>\r\n							<td bgcolor="#f2efe8" height="30" valign="center">\r\n								交易手续费</td>\r\n							<td bgcolor="#f5f5f5" height="30" valign="center">\r\n								平仓时的0.1%</td>\r\n						</tr>\r\n						<tr>\r\n							<td bgcolor="#f2efe8" height="30" valign="center">\r\n								交收方式</td>\r\n							<td bgcolor="#f5f5f5" height="30" valign="center">\r\n								实物交收</td>\r\n						</tr>\r\n						<tr>\r\n							<td bgcolor="#f2efe8" height="30" valign="center">\r\n								延期费率</td>\r\n							<td bgcolor="#f5f5f5" height="30" valign="center">\r\n								2元/吨/日</td>\r\n						</tr>\r\n						<tr>\r\n							<td bgcolor="#f2efe8" height="30" valign="center">\r\n								上市交易所</td>\r\n							<td bgcolor="#f5f5f5" height="30" valign="center">\r\n								长三角商品交易所</td>\r\n						</tr>\r\n					</tbody>\r\n				</table>\r\n			</div>\r\n		</div>\r\n		<!--第1开始-->\r\n		<h1 class="accordion_toggle">\r\n			现货原油</h1>\r\n		<div class="accordion_content" style="height: 0px; display: none;">\r\n			<div id="vertical_nested_container">\r\n				<table border="1" bordercolor="#cccccc" cellpadding="0" cellspacing="0" class="product_jyxz" height="500" width="100%">\r\n					<tbody>\r\n						<tr>\r\n							<td bgcolor="#f2efe8" height="30" valign="center" width="17%">\r\n								交易单位</td>\r\n							<td bgcolor="#f5f5f5" height="30" valign="center" width="83%">\r\n								标准手：10吨/手</td>\r\n						</tr>\r\n						<tr>\r\n							<td bgcolor="#f2efe8" height="30" valign="center">\r\n								点差</td>\r\n							<td bgcolor="#f5f5f5" height="30" valign="center">\r\n								40点</td>\r\n						</tr>\r\n						<tr>\r\n							<td bgcolor="#f2efe8" height="30" valign="center">\r\n								报价单位</td>\r\n							<td bgcolor="#f5f5f5" height="30" valign="center">\r\n								元（人民币）/吨</td>\r\n						</tr>\r\n						<tr>\r\n							<td bgcolor="#f2efe8" height="30" valign="center">\r\n								最小变动价</td>\r\n							<td bgcolor="#f5f5f5" height="30" valign="center">\r\n								最小变价单位</td>\r\n						</tr>\r\n						<tr>\r\n							<td bgcolor="#f2efe8" height="30" valign="center">\r\n								单笔最大下单量</td>\r\n							<td bgcolor="#f5f5f5" height="30" valign="center">\r\n								20手</td>\r\n						</tr>\r\n						<tr>\r\n							<td bgcolor="#f2efe8" height="30" valign="center">\r\n								单个交易商最大持仓量</td>\r\n							<td bgcolor="#f5f5f5" height="30" valign="center">\r\n								800吨</td>\r\n						</tr>\r\n						<tr>\r\n							<td bgcolor="#f2efe8" height="30" valign="center">\r\n								每日涨跌幅限制</td>\r\n							<td bgcolor="#f5f5f5" height="30" valign="center">\r\n								无</td>\r\n						</tr>\r\n						<tr>\r\n							<td bgcolor="#f2efe8" height="30" valign="center">\r\n								交易时间（北京时间）</td>\r\n							<td bgcolor="#f5f5f5" height="30" valign="center">\r\n								周一早8:00至周六早4:00报价交易（结算休市时间、国家法 定节假日及国际市场休市除外）</td>\r\n						</tr>\r\n						<tr>\r\n							<td bgcolor="#f2efe8" height="30" valign="center">\r\n								交收申报时间（北京时间）</td>\r\n							<td bgcolor="#f5f5f5" height="30" valign="center">\r\n								周一至周五09:00至15:00</td>\r\n						</tr>\r\n						<tr>\r\n							<td bgcolor="#f2efe8" height="30" valign="center">\r\n								质量标准</td>\r\n							<td bgcolor="#f5f5f5" height="30" valign="center">\r\n								GB/T2538</td>\r\n						</tr>\r\n						<tr>\r\n							<td bgcolor="#f2efe8" height="30" valign="center">\r\n								交收地点</td>\r\n							<td bgcolor="#f5f5f5" height="30" valign="center">\r\n								交易所指定交收仓库</td>\r\n						</tr>\r\n						<tr>\r\n							<td bgcolor="#f2efe8" height="30" valign="center">\r\n								最小交收单位</td>\r\n							<td bgcolor="#f5f5f5" height="30" valign="center">\r\n								10吨</td>\r\n						</tr>\r\n						<tr>\r\n							<td bgcolor="#f2efe8" height="30" valign="center">\r\n								履约定金</td>\r\n							<td bgcolor="#f5f5f5" height="30" valign="center">\r\n								3%至20%</td>\r\n						</tr>\r\n						<tr>\r\n							<td bgcolor="#f2efe8" height="30" valign="center">\r\n								交易手续费</td>\r\n							<td bgcolor="#f5f5f5" height="30" valign="center">\r\n								平仓时的0.1%</td>\r\n						</tr>\r\n						<tr>\r\n							<td bgcolor="#f2efe8" height="30" valign="center">\r\n								交收方式</td>\r\n							<td bgcolor="#f5f5f5" height="30" valign="center">\r\n								实物交收</td>\r\n						</tr>\r\n						<tr>\r\n							<td bgcolor="#f2efe8" height="30" valign="center">\r\n								延期费率</td>\r\n							<td bgcolor="#f5f5f5" height="30" valign="center">\r\n								1元/吨/日</td>\r\n						</tr>\r\n						<tr>\r\n							<td bgcolor="#f2efe8" height="30" valign="center">\r\n								上市交易所</td>\r\n							<td bgcolor="#f5f5f5" height="30" valign="center">\r\n								长三角商品交易所</td>\r\n						</tr>\r\n					</tbody>\r\n				</table>\r\n			</div>\r\n		</div>\r\n	</div>\r\n	<ul>\r\n	</ul>\r\n</div>\r\n<p>\r\n	&nbsp;</p>\r\n'),
(19, '<p style="text-align: center;">\r\n	<img alt="" src="../upload/img/201409081428131098.jpg" style="width: 689px; height: 636px;" /></p>\r\n<p>\r\n	&nbsp;</p>\r\n<p>\r\n	<span style="margin: 0px; padding: 0px; border: 0px; outline: 0px; font-size: 14px; vertical-align: baseline; text-indent: 18pt; line-height: 21px; font-family: ''Microsoft YaHei''; color: rgb(102, 102, 102);">&nbsp; &nbsp; 现货白银交易方式灵活，价格全球联动，</span><span style="margin: 0px; padding: 0px; border: 0px; outline: 0px; font-size: 14px; vertical-align: baseline; text-indent: 18pt; line-height: 21px; color: rgb(102, 102, 102); font-family: ''Microsoft YaHei'';">22</span><span style="margin: 0px; padding: 0px; border: 0px; outline: 0px; font-size: 14px; vertical-align: baseline; text-indent: 18pt; line-height: 21px; font-family: ''Microsoft YaHei''; color: rgb(102, 102, 102);">小时交易、市场公平、信息透明，与国际上主流的白银投资模式一致，交易所合规稽核：合规稽核部在天津市监管部门的领导下，以国家法规、交易所规章制度等为依据，对会员单位的经营活动进行监督，规范经营行为，防范经营风险，保证整体交易市场健康良性发展。</span></p>\r\n'),
(20, '<table border="0" cellpadding="0" cellspacing="0" class="main_txt ke-zeroborder" width="100%">\r\n	<tbody>\r\n		<tr>\r\n			<td colspan="4" valign="top">\r\n				<p>\r\n					<strong><span style="font-family:''Microsoft YaHei'';color:#666666;font-size:14px;">尊敬的投资者:</span></strong></p>\r\n				<p>\r\n					<span style="font-size:16px;"><span style="font-family: ''Microsoft YaHei''; color: rgb(102, 102, 102);">&nbsp; &nbsp;&nbsp; &nbsp;&nbsp;</span>长三角商品交易所（以下简称长商所）的商品现货延期交收交易业务是一种潜在收益和潜在风险较高的投资品种,对投资者的风险承受能力、理解风险的程度、风险控制能力以及投资经验有较高的要求。江苏仲泰业投资管理有限公司是具有交易所签约会员资格的企业法人</span></p>\r\n				<ul id="main_risk">\r\n				</ul>\r\n			</td>\r\n		</tr>\r\n		<tr>\r\n			<td width="32%">\r\n				<span style="color:#666666;font-size:14px;font-family:''Microsoft YaHei'';">&nbsp;</span></td>\r\n			<td width="20">\r\n				<span style="color:#666666;font-size:14px;font-family:''Microsoft YaHei'';">&nbsp;</span></td>\r\n			<td colspan="2">\r\n				<span style="color:#666666;font-size:14px;font-family:''Microsoft YaHei'';">&nbsp;</span></td>\r\n		</tr>\r\n		<tr>\r\n			<td class="main_title_txt" colspan="4" height="39">\r\n				<span style="color:#666666;font-size:14px;font-family:''Microsoft YaHei'';"><strong>&middot;温馨提示</strong></span></td>\r\n		</tr>\r\n		<tr>\r\n			<td class="txt_padding" colspan="4">\r\n				<p>\r\n					<span style="color:#666666;font-size:14px;font-family:''Microsoft YaHei'';">贵金属现货延期交收交易业务具有高投机性和高风险性，不适合利用养老基金、债务资金 （如银行贷款）等进行投资的投资者。 贵金属现货延期交收交易业务只适合于以下投资者：</span></p>\r\n				<p>\r\n					&nbsp;</p>\r\n				<p>\r\n					<span style="color:#666666;font-size:14px;font-family:''Microsoft YaHei'';">A. 年满18周岁并具有完全民事行为能力的中国公民。</span></p>\r\n				<p>\r\n					<span style="color:#666666;font-size:14px;font-family:''Microsoft YaHei'';">B. 能够充分理解有关于此交易的一切风险，并且具有风险承受能力的投资者。</span></p>\r\n				<p>\r\n					<span style="color:#666666;font-size:14px;font-family:''Microsoft YaHei'';">C. 因投资失误而造成账户资金部分或全部损失、仍不会改变其正常生活方式的投资者。</span></p>\r\n			</td>\r\n		</tr>\r\n		<tr>\r\n			<td colspan="4">\r\n				&nbsp;</td>\r\n		</tr>\r\n		<tr>\r\n			<td class="main_title_txt" colspan="4">\r\n				<span style="color:#666666;font-size:14px;font-family:''Microsoft YaHei'';"><strong>相关的风险揭示</strong></span></td>\r\n		</tr>\r\n		<tr>\r\n			<td class="txt_padding" colspan="4">\r\n				<span style="color:#666666;font-size:14px;font-family:''Microsoft YaHei'';">（一）、<strong>政策风险 </strong></span><br />\r\n				<span style="color:#666666;font-size:14px;font-family:''Microsoft YaHei'';">&nbsp; &nbsp;&nbsp;由于国家法律、法规、政策的变化，紧急措施的出台，相关监管部门监管措施的实施，交易所交易规则的修改等原因，均可能会对投资者的投资产生影响，投资者必须承担由此导致的损失。 </span><br />\r\n				<br />\r\n				<p>\r\n					<span style="color:#666666;font-size:14px;font-family:''Microsoft YaHei'';">（二）、</span><span style="color:#666666;font-family:''Microsoft YaHei'';font-size:14px;line-height:1.5;"><strong>价格波动的风险&nbsp;</strong></span></p>\r\n				<p>\r\n					<span style="color:#666666;font-family:''Microsoft YaHei'';font-size:14px;line-height:1.5;">&nbsp; &nbsp;&nbsp;贵金属是具有金融属性的特殊商品，其价格受多种因素的影响（如国际经济形势、美元汇率、相关市场走势、政治局势、原油价格等等），这些因素对贵金属价格的影响机制非常复杂，投资者在实际操作中难以全面把握，因而存在出现投资失误的可能性，如果不能有效控制风险，则可能遭受较大的损失，投资者必须独自承担由此导致的一切损失。</span></p>\r\n				<br />\r\n				<p>\r\n					<span style="color:#666666;font-size:14px;font-family:''Microsoft YaHei'';">（三）、<strong>技术风险&nbsp;</strong></span></p>\r\n				<p>\r\n					<span style="color:#666666;font-size:14px;font-family:''Microsoft YaHei'';">&nbsp; &nbsp;&nbsp;此业务通过电子通讯技术和互联网技术来实现。有关通讯服务及软、硬件服务由不同的供应商提供，可能会存在品质和稳定性方面的风险；交易所及其会员不能控制电讯信号的强弱，也不能保证交易客户端的设备配置或连接的稳定性以及互联网传播和接收的实时性。</span></p>\r\n				<p>\r\n					&nbsp;</p>\r\n				<p>\r\n					<span style="color:#666666;font-size:14px;font-family:''Microsoft YaHei'';">&nbsp; &nbsp;&nbsp;故由以上通讯或网络故障导致的某些服务中断或延时可能会对投资者的投资产生影响。另外，投资者的电脑系统有可能被病毒和/或网络黑客攻击，从而使投资者的投资决策无法正确和/或及时执行。对于上述不确定因素的出现也存在着一定的风险，有可能会对投资者的投资产生影响，投资者应该充分了解并承担由此造成的全部损失。 </span></p>\r\n				<br />\r\n				<p>\r\n					<span style="color:#666666;font-size:14px;font-family:''Microsoft YaHei'';">（四）、<strong>交易风险&nbsp;</strong></span></p>\r\n				<p>\r\n					<span style="color:#666666;font-size:14px;font-family:''Microsoft YaHei'';">&nbsp; &nbsp;&nbsp;贵金属是具有金融属性的特殊商品，其价格受多种因素的影响（如国际经济形势、美元汇率、相关市场走势、政治局势、原油价格等等），这些因素对贵金属价格的影响机制非常复杂，投资者在实际操作中难以全面把握，因而存在出现投资失误的可能性，如果不能有效控制风险，则可能遭受较大的损失，投资者必须独自承担由此导致的一切损失。 投资者需要了解交易所的贵金属现货延期交收交易业务具有低保证金和高杠杆比例的投资特点，可能导致快速的盈利或亏损。</span></p>\r\n				<p>\r\n					&nbsp;</p>\r\n				<p>\r\n					<span style="color:#666666;font-size:14px;font-family:''Microsoft YaHei'';">&nbsp; &nbsp;&nbsp;若建仓的方向与行情的波动相反，会造成较大的亏损，根据亏损的程度，投资者必须有条件满足随时追加保证金的要求，否则其持仓将会被强行平仓，投资者必须承担由此造成的全部损失。交易所本着和国际贵金属市场接轨的原则，综合国内外贵金属市场价格及中国人民银行人民币兑美元基准汇率，连续报出交易所现货贵金属的人民币买价及卖价。该价格可能会与其它途径的报价存在微弱的差距，交易所并不能保证其交易价格与其它市场保持完全的一致性。 投资者在交易所的交易系统内，通过网上终端所提交的市价单一经成交，即不可撤销，投资者必须接受这种方式可能带来的风险。</span></p>\r\n				<p>\r\n					&nbsp;</p>\r\n				<p>\r\n					<span style="color:#666666;font-size:14px;font-family:''Microsoft YaHei'';">&nbsp; &nbsp;&nbsp;投资者通过会员以电话的方式下市价单，一经会员交易部报价确认成交后，即不可撤销或撤回，投资者必须接受此种报单方式有可能带来的风险。 交易所、会员及其工作人员不会对投资者作出获利保证，并且不会与投资者分享收益或共担风险。投资者应知晓针对贵金属现货延期交收交易业务的任何获利或者不会发生亏损的承诺均为不可能或者没有根据的。 投资者的成交单据必须是建立在自己的自主决定之上。</span></p>\r\n				<p>\r\n					&nbsp;</p>\r\n				<p>\r\n					<span style="color:#666666;font-size:14px;font-family:''Microsoft YaHei'';">&nbsp; &nbsp;&nbsp;交易所、会员及其工作人员提供的任何关于市场的分析和信息，仅供投资者参考，同时也不构成任何要约。由此而造成的交易风险由投资者自行承担。 在电话以及电子交易的过程中，有可能出现偶然性的明显的错误报价，交易所可能事后会对错价及错价产生的盈亏作出纠正，由此而造成的交易风险由投资者自行承担。 </span></p>\r\n				<br />\r\n				<p>\r\n					<span style="color:#666666;font-size:14px;font-family:''Microsoft YaHei'';">（五）、<strong>不可抗力风险&nbsp;</strong></span></p>\r\n				<p>\r\n					<span style="color:#666666;font-size:14px;font-family:''Microsoft YaHei'';">&nbsp; &nbsp;&nbsp;任何因交易所不能够控制的原因，包括地震、水灾、火灾、暴动、罢工、战争、政府管制、国际或国内的禁止或限制以及停电、技术故障、电子故障等其它无法预测和防范的不可抗力事件，都有可能会对投资者的交易产生影响，投资者应该充分了解并承担由此造成的全部损失。</span></p>\r\n			</td>\r\n		</tr>\r\n		<tr>\r\n			<td colspan="4">\r\n				<span style="color:#666666;font-size:14px;font-family:''Microsoft YaHei'';">&nbsp;</span></td>\r\n		</tr>\r\n		<tr>\r\n			<td class="main_title_txt" colspan="4">\r\n				<span style="color:#666666;font-size:14px;font-family:''Microsoft YaHei'';">&middot;<strong>特别提示</strong></span></td>\r\n		</tr>\r\n		<tr>\r\n			<td class="txt_padding" colspan="4">\r\n				<p>\r\n					<span style="color:#666666;font-size:14px;font-family:''Microsoft YaHei'';">1、投资者在参与投资之前务必详尽的了解贵金属投资的基本知识和相关风险以及交易所有关的业务规则等，以依法合规地从事贵金属投资业务。</span></p>\r\n				<p>\r\n					&nbsp;</p>\r\n				<p>\r\n					<span style="color:#666666;font-size:14px;font-family:''Microsoft YaHei'';">2、此交易市场作为天津滨海新区金融创新、先行先试项目，与现有的国内其它贵金属交易市场相比，在交易模式、交易规则等方面存在着一定的差别；而且交易所为了确保市场&ldquo;公开、公平、公正&rdquo;和健康稳定地发展，将采取更加严格的措施，强化市场的监管。请您务必密切的关注有关于该市场的公告、风险提醒等信息，及时了解市场风险状况，做到理性投资，切忌盲目跟风。</span></p>\r\n				<p>\r\n					&nbsp;</p>\r\n				<p>\r\n					<span style="color:#666666;font-size:14px;font-family:''Microsoft YaHei'';">3、在交易所试运营初期阶段，投资者在开通交易之前，请配合会员开展投资者的适当性管理工作，完整、如实地提供开户所需要的信息，不得采取弄虚作假等手段规避有关的要求，否则，交易所可以拒绝为其开通交易服务。 </span></p>\r\n				<br />\r\n				<p>\r\n					<span style="color:#666666;font-family:''Microsoft YaHei'';"><span style="font-size:14px;">4、本风险揭示书上述风险揭示事项仅为列举性质，未能详尽的列明有关该市场贵金属交易的所有风险因素，投资者在参与该市场投资之前，还应认真的对其它可能存在的风险因素有所了解和掌握。 </span></span></p>\r\n				<p>\r\n					&nbsp;</p>\r\n				<span style="color:#666666;font-size:14px;font-family:''Microsoft YaHei'';">5、我们诚挚的希望和建议投资者，从风险承受能力等自身实际情况出发，审慎地决定是否参与此市场的贵金属投资，合理的配置自己的金融资产。</span></td>\r\n		</tr>\r\n	</tbody>\r\n</table>\r\n<p>\r\n	&nbsp;</p>\r\n'),
(21, '<div class="service_khlc">\r\n	<div class="service_khlc">\r\n		<ul>\r\n			<li>\r\n				<br />\r\n				第一步：<span><img alt="" src="../upload/img/201409081448077788.jpg" style="width: 91px; height: 70px;" />填写《客户调查表》（本人携带身份证原件及复印件）</span></li>\r\n			<li>\r\n				<br />\r\n				第二步：<span><img src="../upload/img/201409081448079042.jpg" style="width: 91px; height: 70px;" />签订《客户协议书》</span></li>\r\n			<li>\r\n				<br />\r\n				第三步：<span><img src="../upload/img/201409081448074943.jpg" style="width: 91px; height: 70px;" />到银行签署《现货资金汇划服务协议》</span></li>\r\n			<li>\r\n				<br />\r\n				第四步：<span><img src="../upload/img/201409081448073016.jpg" style="width: 91px; height: 70px;" />熟悉业务规则和系统操作申请开通交易并签字确认</span></li>\r\n			<li>\r\n				<br />\r\n				第五步：<span><img src="../upload/img/20140908144807922.jpg" style="width: 91px; height: 70px;" />入金交易</span></li>\r\n		</ul>\r\n	</div>\r\n</div>\r\n<ul id="S1">\r\n</ul>\r\n'),
(22, '<div class="nrr">\r\n	<p>\r\n		&nbsp;<strong>农行签约解约、出入金流程.pdf</strong></p>\r\n	<div style="padding:6px">\r\n		<fieldset>\r\n			<table border="0" cellpadding="0" cellspacing="0">\r\n				<tbody>\r\n					<tr>\r\n						<td>\r\n							&nbsp;</td>\r\n						<td>\r\n							<a href="/upload/file/2014091400001.pdf" target="_blank" title="农行签约解约、出入金流程.pdf">农行签约解约、出入金流程.pdf</a>&nbsp;(829.12 KB)</td>\r\n					</tr>\r\n				</tbody>\r\n			</table>\r\n		</fieldset>\r\n	</div>\r\n	<p>\r\n		<strong>&nbsp;农行驱动下载流程提示.ppt</strong></p>\r\n	<div style="padding:6px">\r\n		<fieldset>\r\n			<table border="0" cellpadding="0" cellspacing="0">\r\n				<tbody>\r\n					<tr>\r\n						<td>\r\n							&nbsp;</td>\r\n						<td>\r\n							<a href="/upload/file/2014091400002.ppt" target="_blank" title="农行驱动下载流程提示.ppt">农行驱动下载流程提示.ppt</a>&nbsp;(839.50 KB)</td>\r\n					</tr>\r\n				</tbody>\r\n			</table>\r\n		</fieldset>\r\n	</div>\r\n	<p>\r\n		&nbsp;</p>\r\n	<p>\r\n		&nbsp;</p>\r\n	<p>\r\n		&nbsp;</p>\r\n	<div style="padding:6px">\r\n		<fieldset>\r\n			<legend><strong>工行签约解约、出入金流程.pdf</strong></legend>\r\n			<table border="0" cellpadding="0" cellspacing="0">\r\n				<tbody>\r\n					<tr>\r\n						<td>\r\n							&nbsp;</td>\r\n						<td>\r\n							<a href="/upload/file/2014091400003.pdf" target="_blank" title="工行签约解约、出入金流程(1).pdf">工行签约解约、出入金流程.pdf</a>&nbsp;(587.85 KB)</td>\r\n					</tr>\r\n				</tbody>\r\n			</table>\r\n		</fieldset>\r\n	</div>\r\n	<div style="padding:6px">\r\n		<fieldset>\r\n			<legend><strong>中国工商银行业务办理常见问题解答.pdf</strong></legend>\r\n			<table border="0" cellpadding="0" cellspacing="0">\r\n				<tbody>\r\n					<tr>\r\n						<td>\r\n							&nbsp;</td>\r\n						<td>\r\n							<a href="/upload/file/2014091400004.pdf" target="_blank" title="中国工商银行业务办理常见问题解答.pdf">中国工商银行业务办理常见问题解答.pdf</a>&nbsp;(462.99 KB)</td>\r\n					</tr>\r\n				</tbody>\r\n			</table>\r\n		</fieldset>\r\n	</div>\r\n	<p>\r\n		&nbsp;</p>\r\n</div>\r\n<p>\r\n	&nbsp;</p>\r\n');
INSERT INTO `eca_alone` (`id`, `content`) VALUES
(27, '<div class="helplist_box">\r\n	<div id="vertical_container">\r\n		<h1 class="accordion_toggle accordion_toggle_active">\r\n			要在交易中学会止损</h1>\r\n		<div class="accordion_content" style="height: auto; display: block;">\r\n			<div id="vertical_nested_container">\r\n				<h3 class="vertical_accordion_toggle">\r\n					&middot;要在交易中学会止损</h3>\r\n				<div class="vertical_accordion_content" style="height: 0px; display: none;">\r\n					<p>\r\n						&nbsp;</p>\r\n					<div>\r\n						<p style="text-indent:21pt;">\r\n							<span style="font-family:''Microsoft YaHei'';font-size:14px;color:#666666;">作为投资者，我们面对的是不为我们意志所转移的庞大的资金市场，外汇市场上的风起云涌不仅潜藏巨大的盈利空间，也存在让你血本无归的风险。需要明确的是，这个市场永远存在机会，但一旦血本无归，你将丧失再次寻找机会的能力，因此，为了规避风险，设定止损不但十分必要，而且十分重要。</span></p>\r\n						<p style="text-indent:21pt;">\r\n							<span style="font-family:''Microsoft YaHei'';font-size:14px;color:#666666;">投资者通常决定入市操作的原因在于市场某个方向的判断，特别是到了某些关键价位，是否突破将成为市场争议的焦点，市场对是否能够突破以及走势发展充满争议，更何况随时会出现意外的突破事件，可能改变整个市场的发展格局，这也正是市场的不明朗性所在。在这种情况下，投资者作出的选择无法确定正确，为了预防万一，有必要设定止损，力求把自己的损失降到最低限度。因为，重要水平的突破和重要突发事件的发生，往往将并发巨大的冲击量，带动市场资金快速向一个方向流动，汇率可能大涨，也可能暴跌，如果方向错误，而又不止损的话，损失将会十分惨重。</span></p>\r\n						<p style="text-indent:21pt;">\r\n							<span style="font-family:''Microsoft YaHei'';font-size:14px;color:#666666;">止损的灵活性：</span></p>\r\n						<p style="text-indent:21pt;">\r\n							<span style="font-family:''Microsoft YaHei'';font-size:14px;color:#666666;">在不同的盈亏状态中，止损的目的是为了减少损失，保住利润。因此止损位的设置必须围绕市场价格和盈亏状态合理调整。</span></p>\r\n						<p style="text-indent:21pt;">\r\n							<span style="font-family:''Microsoft YaHei'';font-size:14px;color:#666666;">如果进场打平手，那么可以将成本价下跌多少作为止损位。</span></p>\r\n						<p style="text-indent:21pt;">\r\n							<span style="font-family:''Microsoft YaHei'';font-size:14px;color:#666666;">如果一进场就处于赢利状态，则立即提高止损位，将当日最高价向下跌多少作为止损位。以后随着利润的上升，逐步修改止损位。</span></p>\r\n						<p style="text-indent:21pt;">\r\n							<span style="font-family:''Times New Roman'';font-size:10.5pt;"><span style="font-size:14px;font-family:''Microsoft YaHei'';color:#666666;">如此则可以保证亏损最小化，赢利最大化，在风险莫测的外汇市场做到步步为</span><span style="font-family:''Microsoft YaHei'';font-size:14px;color:#666666;">&ldquo;</span><span style="font-family:''Microsoft YaHei'';font-size:14px;color:#666666;">赢</span><span style="font-family:''Microsoft YaHei'';font-size:14px;color:#666666;">&rdquo;</span><span style="font-family:''Microsoft YaHei'';font-size:14px;color:#666666;">的境地。</span></span></p>\r\n						<p style="text-indent:21pt;">\r\n							<span style="font-family:''Microsoft YaHei'';font-size:14px;color:#666666;">止损的方法：</span></p>\r\n						<p style="text-indent:21pt;">\r\n							<span style="font-family:''Times New Roman'';font-size:10.5pt;"><span style="font-size:14px;font-family:''Microsoft YaHei'';color:#666666;">1</span><span style="font-family:''Microsoft YaHei'';font-size:14px;color:#666666;">、定额止损法</span></span></p>\r\n						<p style="text-indent:21pt;">\r\n							<span style="font-family:''Microsoft YaHei'';font-size:14px;color:#666666;">这是最简单的止损方法，它是指将亏损额设置为一个固定的比例，一旦亏损大于该比例就及时平仓。它一般适用于两类投资者：一是刚入市的投资者；二是风险较大市场（如期货市场）中的投资者。</span></p>\r\n						<p style="text-indent:21pt;">\r\n							<span style="font-family:''Microsoft YaHei'';font-size:14px;color:#666666;">定额止损的强制作用比较明显，投资者无需过分依赖对行情的判断。</span></p>\r\n						<p style="text-indent:21pt;">\r\n							<span style="font-family:''Times New Roman'';font-size:10.5pt;"><span style="font-size:14px;font-family:''Microsoft YaHei'';color:#666666;">2</span><span style="font-family:''Microsoft YaHei'';font-size:14px;color:#666666;">、技术止损法</span></span></p>\r\n						<p style="text-indent:21pt;">\r\n							<span style="font-family:''Microsoft YaHei'';font-size:14px;color:#666666;">将止损设置与技术分析相结合，剔除市场的随机波动之后，在关键的技术位设定止损单，从而避免亏损的进一步扩大。一般而言运用技术止损法，也就是以小亏赌大盈。通过对汇价运行形态的分析，一旦发现汇价出现破位时，则坚决止损。实战中投资者在止损之后还要注意空中飞刀不可伸手去接，在汇价下降趋势确立后要抱紧钱袋，在下降趋势中出头来抢反弹，如同刀口舔血，火中取铜钱，特别是无量小幅阴阳交错的下跌，使投资者往往产生止跌的错觉，从而错失提早止损出局的时机。其中，主要有以下几种情况：</span></p>\r\n						<p style="text-indent:21pt;">\r\n							<span style="font-family:''Times New Roman'';font-size:10.5pt;"><span style="font-size:14px;font-family:''Microsoft YaHei'';color:#666666;">1</span><span style="font-family:''Microsoft YaHei'';font-size:14px;color:#666666;">）趋势切线止损法：</span></span></p>\r\n						<p style="text-indent:21pt;">\r\n							<span style="font-family:''Times New Roman'';font-size:10.5pt;"><span style="font-size:14px;font-family:''Microsoft YaHei'';color:#666666;">包括汇价有效跌破趋势线的切线；汇价有效击破江恩角度线</span><span style="font-family:''Microsoft YaHei'';font-size:14px;color:#666666;">1</span></span><span style="font-family:''Microsoft YaHei'';font-size:14px;color:#666666;">ⅹ</span><span style="font-family:''Times New Roman'';font-size:10.5pt;"><span style="font-size:14px;font-family:''Microsoft YaHei'';color:#666666;">1</span><span style="font-family:''Microsoft YaHei'';font-size:14px;color:#666666;">或</span><span style="font-family:''Microsoft YaHei'';font-size:14px;color:#666666;">2</span></span><span style="font-family:''Microsoft YaHei'';font-size:14px;color:#666666;">ⅹ</span><span style="font-family:''Times New Roman'';font-size:10.5pt;"><span style="font-size:14px;font-family:''Microsoft YaHei'';color:#666666;">1</span><span style="font-family:''Microsoft YaHei'';font-size:14px;color:#666666;">线；汇价有效跌破上升通道的下轨等。</span></span></p>\r\n						<p style="text-indent:21pt;">\r\n							<span style="font-family:''Times New Roman'';font-size:10.5pt;"><span style="font-size:14px;font-family:''Microsoft YaHei'';color:#666666;">2</span><span style="font-family:''Microsoft YaHei'';font-size:14px;color:#666666;">）形态止损法：</span></span></p>\r\n						<p style="text-indent:21pt;">\r\n							<span style="font-family:''Times New Roman'';font-size:10.5pt;"><span style="font-size:14px;font-family:''Microsoft YaHei'';color:#666666;">包括汇价击破头肩顶、</span><span style="font-family:''Microsoft YaHei'';font-size:14px;color:#666666;">M</span><span style="font-family:''Microsoft YaHei'';font-size:14px;color:#666666;">头、圆弧顶等头部形态的颈线位；汇价出现向下跳空突破缺口等等。</span></span></p>\r\n						<p style="text-indent:21pt;">\r\n							<span style="font-family:''Times New Roman'';font-size:10.5pt;"><span style="font-size:14px;font-family:''Microsoft YaHei'';color:#666666;">3</span><span style="font-family:''Microsoft YaHei'';font-size:14px;color:#666666;">）</span><span style="font-family:''Microsoft YaHei'';font-size:14px;color:#666666;">K</span><span style="font-family:''Microsoft YaHei'';font-size:14px;color:#666666;">线止损法：</span></span></p>\r\n						<p style="text-indent:21pt;">\r\n							<span style="font-family:''Times New Roman'';font-size:10.5pt;"><span style="font-size:14px;font-family:''Microsoft YaHei'';color:#666666;">包括出现两阴夹一阳、阴后两阳阴的空头炮，或出现一阴断三线头铡刀，以及出现黄昏之星、穿头破脚、射击之星、双飞乌鸦、三只乌鸦挂树梢等典型见顶的</span><span style="font-family:''Microsoft YaHei'';font-size:14px;color:#666666;">K</span><span style="font-family:''Microsoft YaHei'';font-size:14px;color:#666666;">线组合等。</span></span></p>\r\n						<p style="text-indent:21pt;">\r\n							<span style="font-family:''Times New Roman'';font-size:10.5pt;"><span style="font-size:14px;font-family:''Microsoft YaHei'';color:#666666;">4</span><span style="font-family:''Microsoft YaHei'';font-size:14px;color:#666666;">）筹码止损法：</span></span></p>\r\n						<p style="text-indent:21pt;">\r\n							<span style="font-family:''Microsoft YaHei'';font-size:14px;color:#666666;">筹码成交密集区对价格会产生直接的支撑和阻力作用，一个坚实的底部被击穿后，往往会由原来的支撑区转化为阻力区。根据筹码成交密集区设置止损位，一旦破位立即止损出局。</span></p>\r\n						<p style="text-indent:21pt;">\r\n							<span style="font-family:''Microsoft YaHei'';font-size:14px;color:#666666;">止损价位的设定需注意以下几方面的因素：</span></p>\r\n						<p style="text-indent:21pt;">\r\n							<span style="font-family:''Times New Roman'';font-size:10.5pt;"><span style="font-size:14px;font-family:''Microsoft YaHei'';color:#666666;">第一、要从大势着眼，在技术图形上寻找以往重大关口或再创下的新高（新低），或市场已不止一次</span><span style="font-family:''Microsoft YaHei'';font-size:14px;color:#666666;">&ldquo;</span><span style="font-family:''Microsoft YaHei'';font-size:14px;color:#666666;">证实</span><span style="font-family:''Microsoft YaHei'';font-size:14px;color:#666666;">&rdquo;</span><span style="font-family:''Microsoft YaHei'';font-size:14px;color:#666666;">难以突破的价位；</span></span></p>\r\n						<p style="text-indent:21pt;">\r\n							<span style="font-family:''Microsoft YaHei'';font-size:14px;color:#666666;">第二，技术分析上的主要分析价位，技术指标价位通常为专业交易员和专业操盘手使用，这些价位也需重点关注；</span></p>\r\n						<p style="text-indent:21pt;">\r\n							<span style="font-family:''Microsoft YaHei'';font-size:14px;color:#666666;">第三，政府或央行官员曾经强调的价位；</span></p>\r\n						<p style="text-indent:21pt;">\r\n							<span style="font-family:''Microsoft YaHei'';font-size:14px;color:#666666;">第四，最为重要的一点，要从日常的操作中不断地总结和积累，找到适合自己情况的止损方式才是关键。</span></p>\r\n						<p>\r\n							&nbsp;</p>\r\n					</div>\r\n					<p>\r\n						&nbsp;</p>\r\n				</div>\r\n			</div>\r\n		</div>\r\n		<h1 class="accordion_toggle">\r\n			贵金属杠杆是什么意思</h1>\r\n		<div class="accordion_content" style="height: 0px; display: none;">\r\n			<div id="vertical_nested_container">\r\n				<h3 class="vertical_accordion_toggle">\r\n					&middot;贵金属杠杆是什么意思</h3>\r\n				<div class="vertical_accordion_content" style="height: 0px; display: none;">\r\n					<p>\r\n						&nbsp;</p>\r\n					<p style="text-indent:21pt;">\r\n						<span style="font-family:''Microsoft YaHei'';color:#666666;font-size:14px;text-decoration:none;">触及贵金属投资，总是少不了对贵金属投资中的&ldquo;杠杆比例&rdquo;一番研究。杠杆比例是什么？</span></p>\r\n					<p style="text-indent:21pt;">\r\n						<span style="font-family:''Microsoft YaHei'';color:#666666;font-size:14px;text-decoration:none;">杠杆比例(Gearing)，亦称杠杆比率(Leverage&nbsp;Ratio)。它的计算方式是：杠杆比例=实际价值/保证金。投资者进行保证金交易时，利用小额的资金来进行数倍于原始金额的投资，以期望获取相对投资标的物波动的数倍收益率。杠杆比例越高，则意味着市场价格每单位的变动可带来的盈利或亏损就越大。</span><span style="font-family:''Microsoft YaHei'';font-size:14px;color:#666666;">&nbsp;</span></p>\r\n					<p style="text-indent:21pt;">\r\n						<span style="font-family:''Microsoft YaHei'';color:#666666;font-size:14px;text-decoration:none;">以保证金方式进行交易业务主要涉及黄金、白银等贵金属品种。</span><span style="font-style:normal;font-family:''Microsoft YaHei'';font-size:14px;color:#666666;">伦敦金</span><span style="font-style:normal;font-family:''Microsoft YaHei'';font-size:14px;color:#666666;">、伦敦银</span><span style="font-style:normal;font-family:''Microsoft YaHei'';font-size:14px;color:#666666;">杠杆</span><span style="font-family:''Microsoft YaHei'';font-size:14px;color:#666666;">是1:100</span><span style="font-family:''Microsoft YaHei'';font-size:14px;color:#666666;">；天通金、杠杆是</span><span style="font-family:''Microsoft YaHei'';font-size:14px;color:#666666;">5-20倍</span><span style="font-family:''Microsoft YaHei'';font-size:14px;color:#666666;">，</span><span style="font-family:''Microsoft YaHei'';color:#666666;font-size:14px;text-decoration:none;">交易杠杆比率越大，则它的盈利和亏损的金额范围会越大。然纸黄金、纸白银及实物金银因不涉及杠杆交易，投资者要用100%的资金才能得到100%的交易权，其盈利及亏损风险也相对小。</span></p>\r\n					<p style="text-indent:21pt;">\r\n						<span style="font-family:''Microsoft YaHei'';color:#666666;font-size:14px;text-decoration:none;">例如，一个投资者拿出10万购买实物银的话，则需用10万元全额买入。但如果是交易，按照7%的保证金比例，投资者投入成本为：10*7%=0.7万元，即投资者只需要支付7000元的交易保证金，即可买入10万元白金资产。</span></p>\r\n					<p style="text-indent:21pt;">\r\n						<span style="text-indent:26.25pt;font-family:''Microsoft YaHei'';color:#666666;font-size:14px;">贵金属保证金杆杠交易</span><span style="text-indent:26.25pt;font-family:''Microsoft YaHei'';background-color:#FFFFFF;font-size:14px;color:#666666;">利用&ldquo;杠杆&rdquo;原理</span><span style="text-indent:26.25pt;font-family:''Microsoft YaHei'';background-color:#FFFFFF;font-size:14px;color:#666666;">，将投资资金进行放大</span><span style="text-indent:26.25pt;font-family:''Microsoft YaHei'';background-color:#FFFFFF;font-size:14px;color:#666666;">，以提高利益回报率高，达到</span><span style="text-indent:26.25pt;font-family:''Microsoft YaHei'';font-size:14px;color:#666666;">以小搏大效果。</span><span style="text-indent:26.25pt;font-family:''Microsoft YaHei'';color:#666666;font-size:14px;">但是，如果行市未按预料的方向变动，那么交易造成的损失同样是巨大的。</span></p>\r\n					<p>\r\n						&nbsp;</p>\r\n					<p>\r\n						&nbsp;</p>\r\n				</div>\r\n			</div>\r\n		</div>\r\n		<h1 class="accordion_toggle">\r\n			如何运用金字塔建仓法投资</h1>\r\n		<div class="accordion_content" style="height: 0px; display: none;">\r\n			<div id="vertical_nested_container">\r\n				<h3 class="vertical_accordion_toggle">\r\n					&middot;如何运用金字塔建仓法投资</h3>\r\n				<div class="vertical_accordion_content" style="height: 0px; display: none;">\r\n					<p>\r\n						&nbsp;</p>\r\n					<div>\r\n						<p style="text-indent:21pt;">\r\n							<span style="font-family:''Microsoft YaHei'';font-size:14px;color:#666666;">金字塔买入法则是全世界较为风行的建仓操作法之一，无论是欧美的投资大师，还是一般的投资基金，都使用&ldquo;金字塔&rdquo;买入法操作。金字塔买入法的特点就是将买入的投资品种的平均价格保持在次低价格。</span></p>\r\n						<p style="text-indent:21pt;">\r\n							<span style="font-family:''Microsoft YaHei'';font-size:14px;color:#666666;">一、该理念应该注意的问题</span></p>\r\n						<p style="text-indent:21pt;">\r\n							<span style="font-family:''Microsoft YaHei'';font-size:14px;color:#666666;">这是一个长期的投资理念，例如从长期来看黄金长期趋势向好，若金价下跌，以金字塔的方式建仓最好，即价位越低，建仓数量越大。当金价回到正常轨道后，自然盈利。</span></p>\r\n						<p style="text-indent:21pt;">\r\n							<span style="font-family:''Microsoft YaHei'';font-size:14px;color:#666666;">二、如何运用金字塔法则投资黄金</span></p>\r\n						<p style="text-indent:21pt;">\r\n							<span style="font-family:''Microsoft YaHei'';font-size:14px;color:#666666;">1、对投资者进行分级建议</span></p>\r\n						<p style="text-indent:21pt;">\r\n							<span style="font-family:''Microsoft YaHei'';font-size:14px;color:#666666;">对于不同状况的投资者我们采取的投资建议也不同。例如，我们根据投资者所拥有的资金量进行分级，大致分为：</span></p>\r\n						<p style="text-indent:21pt;">\r\n							<span style="font-family:''Microsoft YaHei'';font-size:14px;color:#666666;">A、20万-50万</span></p>\r\n						<p style="text-indent:21pt;">\r\n							<span style="font-family:''Microsoft YaHei'';font-size:14px;color:#666666;">B、50万-100万</span></p>\r\n						<p style="text-indent:21pt;">\r\n							<span style="font-family:''Microsoft YaHei'';font-size:14px;color:#666666;">C、100万以上</span></p>\r\n						<p style="text-indent:21pt;">\r\n							<span style="font-family:''Microsoft YaHei'';font-size:14px;color:#666666;">（注：上述金额为家庭闲置资金的30%）</span></p>\r\n						<p style="text-indent:21pt;">\r\n							<span style="font-family:''Microsoft YaHei'';font-size:14px;color:#666666;">2、黄金价格的分布区域</span></p>\r\n						<p style="text-indent:21pt;">\r\n							<span style="font-family:''Microsoft YaHei'';font-size:14px;color:#666666;">根据近几年的历史数据表明，单年度的黄金波动幅度大概约20%-40%左右。例如某一年的高低点区间波动大概为41%，最高1032，最低680，中间价格为850左右，根据这个波动幅度我们设计出二分法和三分法对价格区域进行划分：</span></p>\r\n						<p style="text-indent:21pt;">\r\n							<span style="font-family:''Microsoft YaHei'';font-size:14px;color:#666666;">1）二分法：二分法就是将价格划分为两个区间，即850以上，和850以下。</span></p>\r\n						<p style="text-indent:21pt;">\r\n							<span style="font-family:''Microsoft YaHei'';font-size:14px;color:#666666;">2）三分法：三分法就是在价格波动区间的基础上再划分为三个区间，即850以下，780以下和850以上。</span></p>\r\n						<p style="text-indent:21pt;">\r\n							<span style="font-family:''Microsoft YaHei'';font-size:14px;color:#666666;">3、如何运用二分法和三分法对A、B、C级客户进行建仓建议：</span></p>\r\n						<p style="text-indent:21pt;">\r\n							<span style="font-family:''Microsoft YaHei'';font-size:14px;color:#666666;">1）A级客户：二分法</span></p>\r\n						<p style="text-indent:21pt;">\r\n							<span style="font-family:''Microsoft YaHei'';font-size:14px;color:#666666;">A级客户由于可用资金相对有限，如分多次建仓则略显零乱，若多个不同价格建仓则最终平均建仓成本必然说高不高，说低不低，达不到我们预计的效果，所以二分法较为适宜。根据金字塔建仓原则，价格越低买入越多，则在投资风险低的区域多量买入，在进入盈利区域后补齐筹码。即：850以下区域投资60%，850以上区域40%。</span></p>\r\n						<p style="text-indent:21pt;">\r\n							<span style="font-family:''Microsoft YaHei'';font-size:14px;color:#666666;">理由：</span></p>\r\n						<p style="text-indent:21pt;">\r\n							<span style="font-family:''Microsoft YaHei'';font-size:14px;color:#666666;">850美元以下为低风险价值区域，价格越低，风险系数越小。因为黄金的生产成本决定着黄金的价格底限，黄金的提供方，基本上不会以低于其黄金开采成本的价格来沽出黄金生产。</span></p>\r\n						<p style="text-indent:21pt;">\r\n							<span style="font-family:''Microsoft YaHei'';font-size:14px;color:#666666;">那么，黄金的生产成本大概为多少？</span></p>\r\n						<p style="text-indent:21pt;">\r\n							<span style="font-family:''Microsoft YaHei'';font-size:14px;color:#666666;">根据2008年的数据统计，汇丰银行驻纽约金属分析师JamesSteel表示当前黄金的基本生产价格在700美元每盎司左右，而国外一家知名投行的经理人称由于边际成本的上升，黄金的当前成本接近800美元,也就是说黄金的生产价格无法用一个准确的数字来表示，因为不同的国家，不同的生产单位他们的生产成本也会有差异，我们只能寻找到成本区间，大概为700-800美元，也就是说850以下提供方无明显利润可言，700以下投资者买到的可能为低于开采成本的黄金投资品，故我们判断为低风险区域。</span></p>\r\n						<p style="text-indent:21pt;">\r\n							<span style="font-family:''Microsoft YaHei'';font-size:14px;color:#666666;">操作描述：</span></p>\r\n						<p style="text-indent:21pt;">\r\n							<span style="font-family:''Microsoft YaHei'';font-size:14px;color:#666666;">第一步，根据市场价格判断现在市场处于什么区域。例如当前市场价格约740美元附近，则购入量应约为60%左右，买入后持有，待价格上升至850以上后，基本可确认黄金已重新回到升势途中，而且60%底仓已经已为投资者带来利润，正确的判断和盈利的账面也会为投资者接下来进入第二步带来信心。</span></p>\r\n						<p style="text-indent:21pt;">\r\n							<span style="font-family:''Microsoft YaHei'';font-size:14px;color:#666666;">第二步，追加40%剩余投资，补齐筹码。此时市场已经逐步盘出底部，市场表现为涨多跌少，此时加仓操作虽然使得成本略有上升，但是由于合理的筹码分配仍然使得平均成本相对较低，更重要的是你现在已经证明了跟随趋势的正确性。</span></p>\r\n						<p style="text-indent:21pt;">\r\n							<span style="font-family:''Microsoft YaHei'';font-size:14px;color:#666666;">2）B级和C级客户采取三分法：</span></p>\r\n						<p style="text-indent:21pt;">\r\n							<span style="font-family:''Microsoft YaHei'';font-size:14px;color:#666666;">B级和C级客户由于资金较多，故可分为三次完成建仓，投资者以往的操作多以头重脚轻为主，低位的时候不坚定，试探性的买入一点点，涨高后后悔便宜的时候买得少了，大举增仓，摊薄后发现低位的筹码几乎没有发挥任何作用，典型的倒金字塔买入法。</span></p>\r\n						<p style="text-indent:21pt;">\r\n							<span style="font-family:''Microsoft YaHei'';font-size:14px;color:#666666;">比较正确的操作描述：</span></p>\r\n						<p style="text-indent:21pt;">\r\n							<span style="font-family:''Microsoft YaHei'';font-size:14px;color:#666666;">首先，我们将其划分为三个区域：</span></p>\r\n						<p style="text-indent:21pt;">\r\n							<span style="font-family:''Microsoft YaHei'';font-size:14px;color:#666666;">780以下为估值较低区域；</span></p>\r\n						<p style="text-indent:21pt;">\r\n							<span style="font-family:''Microsoft YaHei'';font-size:14px;color:#666666;">780-850为合理估值区域；</span></p>\r\n						<p style="text-indent:21pt;">\r\n							<span style="font-family:''Microsoft YaHei'';font-size:14px;color:#666666;">850以上为价值增值区域。</span></p>\r\n						<p style="text-indent:21pt;">\r\n							<span style="font-family:''Microsoft YaHei'';font-size:14px;color:#666666;">划分价值区域的标准我们刚才在二分法上已经有了定义，根据黄金的生产成本来界定，操作上大致分为三步：（这里我们采用假设法）</span></p>\r\n						<p style="text-indent:21pt;">\r\n							<span style="font-family:''Microsoft YaHei'';font-size:14px;color:#666666;">第一步，如果此时黄金价格处于850以下应先期介入35%；</span></p>\r\n						<p style="text-indent:21pt;">\r\n							<span style="font-family:''Microsoft YaHei'';font-size:14px;color:#666666;">第二步，如果发现其进入到了780以下的价值低估区域为再次加仓的机会，应及时加进45%摊低成本；</span></p>\r\n						<p style="text-indent:21pt;">\r\n							<span style="font-family:''Microsoft YaHei'';font-size:14px;color:#666666;">第三步，当后市升至850以上时同二分法的第二步补齐筹码，持筹待涨。</span></p>\r\n						<p style="text-indent:21pt;">\r\n							<span style="font-family:''Microsoft YaHei'';font-size:14px;color:#666666;">为什么又将二分法的第一步拆成了两步？因为我们发现投资品种的价格往往会有这些规律，大部分时间它们的低位是运行在合理估值的区域，但是也会在短暂的时期，因投资者的非理性投资，市场价格会运行在低于合理区域之下，就形成了价值低估的区域。</span></p>\r\n						<p style="text-indent:21pt;">\r\n							<span style="font-family:''Microsoft YaHei'';font-size:14px;color:#666666;">上述分析，是基于某个时期的黄金行情及黄金的生产成本做的金字塔建仓法描述。在不同的行情阶段，以及对于不同的投资品种，大家只要掌握金字塔建仓法的要领，按照上述方法进行操作，相信会有可观的收益。</span></p>\r\n						<p style="text-indent:21pt;">\r\n							&nbsp;</p>\r\n						<p style="text-indent:21pt;">\r\n							&nbsp;</p>\r\n					</div>\r\n					<p>\r\n						&nbsp;</p>\r\n				</div>\r\n			</div>\r\n		</div>\r\n		<h1 class="accordion_toggle">\r\n			现货白银（）风险控制策略</h1>\r\n		<div class="accordion_content" style="height: 0px; display: none;">\r\n			<div id="vertical_nested_container">\r\n				<h3 class="vertical_accordion_toggle">\r\n					&middot;现货白银（）风险控制策略</h3>\r\n				<div class="vertical_accordion_content" style="height: 0px; display: none;">\r\n					<p>\r\n						&nbsp;</p>\r\n					<div>\r\n						<p style="text-indent:21pt;">\r\n							<span style="font-family:''Microsoft YaHei'';font-size:14px;color:#666666;">投资者在投资现货白银（）的时候，资金被放大了12.5倍，从而可以有机会以更少的资金博取更大的收益，但与之对应的是风险也被同比例放大了。在这样的情况下，对投资者的风险控制提出了更高要求，否则将会损失惨重。采取正确、合理的风险控制策略对投资者具有重要的意义。</span></p>\r\n						<p style="text-indent:21pt;">\r\n							<span style="font-family:''Microsoft YaHei'';font-size:14px;color:#666666;">(1)严格止损策略：如果能够严守止损策略(每次下单后即设置180-300元的止损价位)，那么现货白银（）投资买卖风险反而较股票市场更容易控制。股票采用T+1交易制度，当天下单第二天才可以平仓;但是采用T+0交易，下一秒就可以平仓，若发现方向不对，可平仓观望，付出最小的代价来盘活资金，盈利的机会亦较股票市场更多，利润亦高。</span></p>\r\n						<p style="text-indent:21pt;">\r\n							<span style="font-family:''Microsoft YaHei'';font-size:14px;color:#666666;">(2)对冲实战策略：即同时建立买单和卖单，将损失或利润锁定在一定的区间，不至于扩大。一般不建议客户采取锁定亏损的对冲策略!实行锁定亏损是金银投资实战中的下下策，尤其是在资金浮亏额度特别巨大的前提下，为保全客户的最终利益才可采取此策略。锁定利润的策略可以使用，但是对技术以及策略要求较高。</span></p>\r\n						<p style="text-indent:21pt;">\r\n							<span style="font-family:''Microsoft YaHei'';font-size:14px;color:#666666;">(3)盈利实战策略：见好就收，获利平仓，落袋为安。蝇头小利都要赚，把握机会，就是把握赚钱的诀窍。不放过任何一个赚小钱的机会，积少成多!但是对于不清晰的行情应控制自己的贪欲，减少做单次数，并配合止损，以防万一。</span></p>\r\n						<p style="text-indent:21pt;">\r\n							<span style="font-family:''Microsoft YaHei'';font-size:14px;color:#666666;">(4)依据资金状况制定合理的操作计划：即合理的仓位控制，一般保证1/3以下的仓位，仓位越低，抗风险能力越强，实际承担的风险越低。在操作之前根据资金量大小合理的订制资金运作的比例，为失误操作造成的损失留下回旋的空间和机会。</span></p>\r\n						<p style="text-indent:21pt;">\r\n							<span style="font-family:''Microsoft YaHei'';font-size:14px;color:#666666;">(5)交易时间风险控制概率提示：每到晚上超过10点30分后，投资者在下单时必须绝对清醒，把握自己的大脑是否处于疲惫状态，避免由于判断失误造成的损失。</span></p>\r\n						<p style="text-indent:21pt;">\r\n							&nbsp;</p>\r\n					</div>\r\n					<p>\r\n						&nbsp;</p>\r\n				</div>\r\n			</div>\r\n		</div>\r\n		<h1 class="accordion_toggle">\r\n			什么是现货白银投资</h1>\r\n		<div class="accordion_content" style="height: 0px; display: none;">\r\n			<div id="vertical_nested_container">\r\n				<h3 class="vertical_accordion_toggle">\r\n					&middot;什么是现货白银投资</h3>\r\n				<div class="vertical_accordion_content" style="height: 0px; display: none;">\r\n					<p>\r\n						&nbsp;</p>\r\n					<div>\r\n						<p style="text-indent:21pt;background:#ffffff;">\r\n							<span style="font-family:''Microsoft YaHei'';font-size:14px;color:#666666;">纵观世界金融市场，在美元长期贬值和欧美债务存在众多不确定性的情况下，</span><span style="font-family:''Microsoft YaHei'';font-size:14px;color:#666666;">加之白银</span><span style="font-family:''Microsoft YaHei'';font-size:14px;color:#666666;">供求关系不平衡</span><span style="font-family:''Microsoft YaHei'';font-size:14px;color:#666666;">的情况下，不少金融学者认为</span><span style="font-family:''Microsoft YaHei'';font-size:14px;color:#666666;">白银有可能迎来长期涨势，</span><span style="font-family:''Microsoft YaHei'';font-size:14px;color:#666666;">甚至预测</span><span style="font-family:''Microsoft YaHei'';font-size:14px;color:#666666;">未来十年，白银有10倍的回报率。</span><span style="font-family:''Microsoft YaHei'';font-size:14px;color:#666666;">作为白银投资的主要方式，现货白银越来越为金融投资者所关注。</span></p>\r\n						<p style="text-indent:21pt;">\r\n							<span style="font-family:''Microsoft YaHei'';font-size:14px;color:#666666;">现货（Actuals），指亦称实物</span><span style="font-family:''Microsoft YaHei'';font-size:14px;color:#666666;">（physicals），指可供出货、储存和制造业使用的实物商品</span><span style="font-family:''Microsoft YaHei'';font-size:14px;color:#666666;">。可供交割的现货，是可在即期或远期基础上换成现金</span><span style="font-family:''Microsoft YaHei'';font-size:14px;color:#666666;">，或先付货，买方在极短的期限内付款的商品</span><span style="font-family:''Microsoft YaHei'';font-size:14px;color:#666666;">的总称，&nbsp;是期货的对称&nbsp;。现货白银，指以特定品质银锭作为交易标的物的现货合约。&nbsp;其主要交易规则如下：</span></p>\r\n						<p style="text-align:left;text-indent:10pt;background:#ffffff;margin-left:36pt;">\r\n							<span style="font-family:''Microsoft YaHei'';font-size:14px;color:#666666;">&bull;&nbsp;</span><span style="font-family:''Microsoft YaHei'';font-size:14px;color:#666666;">交易单位：1千克/手、10千克/手、15千克/手、50千克/手、100千克/手等</span></p>\r\n						<p style="text-indent:10pt;margin-left:36pt;">\r\n							<span style="font-family:''Microsoft YaHei'';font-size:14px;color:#666666;">&bull;&nbsp;</span><span style="font-family:''Microsoft YaHei'';font-size:14px;color:#666666;">最小变动价位</span><span style="font-family:''Microsoft YaHei'';font-size:14px;color:#666666;">：</span><span style="font-family:''Microsoft YaHei'';font-size:14px;color:#666666;">1元/千克</span></p>\r\n						<p style="text-indent:10pt;margin-left:36pt;">\r\n							<span style="font-family:''Microsoft YaHei'';font-size:14px;color:#666666;">&bull;&nbsp;</span><span style="font-family:''Microsoft YaHei'';font-size:14px;color:#666666;">报价点差</span><span style="font-family:''Microsoft YaHei'';font-size:14px;color:#666666;">：8元</span></p>\r\n						<p style="text-indent:10pt;margin-left:36pt;">\r\n							<span style="font-family:''Microsoft YaHei'';font-size:14px;color:#666666;">&bull;&nbsp;</span><span style="font-family:''Microsoft YaHei'';font-size:14px;color:#666666;">交易时间</span><span style="font-family:''Microsoft YaHei'';font-size:14px;color:#666666;">&nbsp;</span><span style="font-family:''Microsoft YaHei'';font-size:14px;color:#666666;">：北京时间每周一早上08：00至周六凌晨04：00不间断交易（结算时间、国家法定节假日及国际市场休市除外）。</span></p>\r\n						<p style="text-indent:10pt;margin-left:36pt;">\r\n							<span style="font-family:''Microsoft YaHei'';font-size:14px;color:#666666;">&bull;&nbsp;</span><span style="font-family:''Microsoft YaHei'';font-size:14px;color:#666666;">结算休市时间：每个交易日内的凌晨04：00至06：00（夏令时）。&nbsp;</span></p>\r\n						<p style="text-indent:10pt;margin-left:36pt;">\r\n							<span style="font-family:''Microsoft YaHei'';font-size:14px;color:#666666;">&bull;&nbsp;</span><span style="font-family:''Microsoft YaHei'';font-size:14px;color:#666666;">交易保证金：最低交易保证金为成交金额的7％</span></p>\r\n						<p style="text-indent:10pt;margin-left:36pt;">\r\n							<span style="font-family:''Microsoft YaHei'';font-size:14px;color:#666666;">&bull;&nbsp;</span><span style="font-family:''Microsoft YaHei'';font-size:14px;color:#666666;">交易手续费</span><span style="font-family:''Microsoft YaHei'';font-size:14px;color:#666666;">&nbsp;</span><span style="font-family:''Microsoft YaHei'';font-size:14px;color:#666666;">：成交金额的万分之八&nbsp;</span></p>\r\n						<p style="text-indent:10pt;margin-left:36pt;">\r\n							<span style="font-family:''Microsoft YaHei'';font-size:14px;color:#666666;">&bull;&nbsp;</span><span style="font-family:''Microsoft YaHei'';font-size:14px;color:#666666;">延期费率</span><span style="font-family:''Microsoft YaHei'';font-size:14px;color:#666666;">：</span><span style="font-family:''Microsoft YaHei'';font-size:14px;color:#666666;">成交金额的万分之二</span></p>\r\n						<p style="text-align:left;text-indent:10pt;background:#ffffff;margin-left:36pt;">\r\n							<span style="font-family:''Microsoft YaHei'';font-size:14px;color:#666666;">&bull;&nbsp;</span><span style="font-family:''Microsoft YaHei'';font-size:14px;color:#666666;">交易方式：T+0双向交易</span><span style="font-family:''Microsoft YaHei'';font-size:14px;color:#666666;">（当日买卖次数不限制，可买涨买跌）</span></p>\r\n						<p style="text-align:left;text-indent:10pt;background:#ffffff;margin-left:36pt;">\r\n							<span style="font-family:''Microsoft YaHei'';font-size:14px;color:#666666;">&bull;&nbsp;</span><span style="font-family:''Microsoft YaHei'';font-size:14px;color:#666666;">每日价格最大波动限制：无限制</span></p>\r\n						<p style="text-align:left;text-indent:10pt;background:#ffffff;margin-left:36pt;">\r\n							<span style="font-family:''Microsoft YaHei'';font-size:14px;color:#666666;">&bull;&nbsp;</span><span style="font-family:''Microsoft YaHei'';font-size:14px;color:#666666;">风险控制：</span><span style="font-family:''Microsoft YaHei'';font-size:14px;color:#666666;">风险率=客户账户净值&divide;持仓占用交易保证金&times;100%&nbsp;当客户的持仓风险率小于100％时，客户交易保证金不足，需要追加交易保证金，否则客户只能减少买入或卖出的银锭，直至客户帐户风险率等于或者大于100%。当客户帐户风险率低于50％时，客户的未平仓合约将被全部强行平仓。</span></p>\r\n						<p style="text-indent:10pt;">\r\n							&nbsp;</p>\r\n					</div>\r\n					<p>\r\n						&nbsp;</p>\r\n				</div>\r\n			</div>\r\n		</div>\r\n		<h1 class="accordion_toggle">\r\n			白银价格的影响因素</h1>\r\n		<div class="accordion_content" style="height: 0px; display: none;">\r\n			<div id="vertical_nested_container">\r\n				<h3 class="vertical_accordion_toggle">\r\n					&middot;白银价格的影响因素</h3>\r\n				<div class="vertical_accordion_content" style="height: 0px; display: none;">\r\n					<p>\r\n						&nbsp;</p>\r\n					<div>\r\n						<p style="text-indent:21pt;">\r\n							<span style="font-family:''Microsoft YaHei'';font-size:14px;color:#666666;">白银</span><span style="font-family:''Microsoft YaHei'';font-size:14px;color:#666666;">是集货币、金融和贵金属属性于一身的特殊商品，</span><span style="font-family:''Microsoft YaHei'';font-size:14px;color:#666666;">是贵金属投资的重要产品。</span><span style="font-family:''Microsoft YaHei'';font-size:14px;color:#666666;">要想投资白银，就必须了解影响白银价格的各种因素</span><span style="font-family:''Microsoft YaHei'';font-size:14px;color:#666666;">，</span><span style="font-family:''Microsoft YaHei'';font-size:14px;color:#666666;">并通过对这些因素的判断进一步了解市场的动向和</span><span style="font-family:''Microsoft YaHei'';font-size:14px;color:#666666;">其他投资者的</span><span style="font-family:''Microsoft YaHei'';font-size:14px;color:#666666;">心</span><span style="font-family:''Microsoft YaHei'';font-size:14px;color:#666666;">态，</span><span style="font-family:''Microsoft YaHei'';font-size:14px;color:#666666;">这样</span><span style="font-family:''Microsoft YaHei'';font-size:14px;color:#666666;">才能在资投市场稳操胜券。</span></p>\r\n						<p style="text-indent:21pt;">\r\n							<span style="font-family:''Microsoft YaHei'';font-size:14px;color:#666666;">影响</span><span style="font-family:''Microsoft YaHei'';font-size:14px;color:#666666;">白银</span><span style="font-family:''Microsoft YaHei'';font-size:14px;color:#666666;">价格的因素主要</span><span style="font-family:''Microsoft YaHei'';font-size:14px;color:#666666;">有以下几个方面的因素</span><span style="font-family:''Microsoft YaHei'';font-size:14px;color:#666666;">：</span><span style="font-family:''Microsoft YaHei'';font-size:14px;color:#666666;">&nbsp;</span></p>\r\n						<p style="margin-left:21pt;">\r\n							<span style="font-family:''Microsoft YaHei'';font-size:14px;color:#666666;">（1）</span><span style="font-family:''Microsoft YaHei'';font-size:14px;color:#666666;">白银一般与黄金正相关关系。</span><br />\r\n							<span style="font-family:''Microsoft YaHei'';font-size:14px;color:#666666;">（2）环球经济、金融货币因素对白银的影响（通胀、加减息等复杂型影响因素）。</span></p>\r\n						<p style="text-indent:21pt;">\r\n							<span style="font-family:''Microsoft YaHei'';font-size:14px;color:#666666;">（3）美元对白银的影响（美元与黄金成反方向作用美元下跌黄金就上涨）。</span></p>\r\n						<p style="text-indent:21pt;">\r\n							<span style="font-family:''Microsoft YaHei'';font-size:14px;color:#666666;">（4）白银的产量、需求量（工业、科技与首饰）对白银的影响。</span></p>\r\n						<p style="text-indent:21pt;">\r\n							<span style="font-family:''Microsoft YaHei'';font-size:14px;color:#666666;">（5）原油价格对白银的影响（油价与金价是同步运行关系，油价涨了金价也会涨）。</span></p>\r\n						<p style="text-indent:21pt;">\r\n							<span style="font-family:''Microsoft YaHei'';font-size:14px;color:#666666;">（6）地缘政治冲突对贵金属的影响（如世界或区域战争会激发贵金属的避险作用）。</span></p>\r\n						<p style="text-indent:21pt;">\r\n							<span style="font-family:''Microsoft YaHei'';font-size:14px;color:#666666;">其实无论做任何投资，都要先懂得对投资品种的分析，白银也不例外，况且相对其他投资品种而言，对白银的分析相对简单些，所有的分析数据投资者都能一目了然，只有真正理清楚了，才能获得最大的利益。</span></p>\r\n						<p>\r\n							&nbsp;</p>\r\n					</div>\r\n					<p>\r\n						&nbsp;</p>\r\n				</div>\r\n			</div>\r\n		</div>\r\n		<h1 class="accordion_toggle">\r\n			白银投资常见的操作手法解析</h1>\r\n		<div class="accordion_content" style="height: 0px; display: none;">\r\n			<div id="vertical_nested_container">\r\n				<h3 class="vertical_accordion_toggle">\r\n					&middot;白银投资常见的操作手法解析</h3>\r\n				<div class="vertical_accordion_content" style="height: 0px; display: none;">\r\n					<p>\r\n						&nbsp;</p>\r\n					<div>\r\n						<p style="text-indent:18pt;background:#ffffff;">\r\n							<span style="font-family:''Microsoft YaHei'';color:#666666;font-size:14px;">买盘与卖盘：</span></p>\r\n						<p style="text-indent:18pt;background:#ffffff;">\r\n							<span style="font-family:''Microsoft YaHei'';color:#666666;font-size:14px;">定义：</span></p>\r\n						<p style="text-indent:18pt;background:#ffffff;">\r\n							<span style="font-family:''Microsoft YaHei'';color:#666666;font-size:14px;">买盘，是指买入的指令。买入的价格可以低于现价，也可以高出现价，对银价有支撑或者助涨作用。卖盘，是指卖出的指令，卖出的价格可以低于现价，也可以高出现价，对银价有打压或者助跌的作用。</span></p>\r\n						<p style="text-indent:18pt;background:#ffffff;">\r\n							<span style="font-family:''Microsoft YaHei'';color:#666666;font-size:14px;">解读：</span></p>\r\n						<p style="text-indent:18pt;background:#ffffff;">\r\n							<span style="font-family:''Arial'';color:#2b2b2b;font-size:10.5pt;"><span style="font-family:''Microsoft YaHei'';font-size:14px;color:#666666;">通常而言，买盘都会给银价提供支撑，甚至帮助银价止跌回升，或加速上涨；卖盘会打压银价，让银价回落，或者加速下跌。但买盘</span><span style="font-family:''Microsoft YaHei'';font-size:14px;color:#666666;">(</span><span style="font-family:''Microsoft YaHei'';font-size:14px;color:#666666;">或卖盘</span><span style="font-family:''Microsoft YaHei'';font-size:14px;color:#666666;">)</span><span style="font-family:''Microsoft YaHei'';font-size:14px;color:#666666;">对银价是否能起到支撑</span><span style="font-family:''Microsoft YaHei'';font-size:14px;color:#666666;">/</span><span style="font-family:''Microsoft YaHei'';font-size:14px;color:#666666;">助涨</span><span style="font-family:''Microsoft YaHei'';font-size:14px;color:#666666;">(</span><span style="font-family:''Microsoft YaHei'';font-size:14px;color:#666666;">或阻力</span><span style="font-family:''Microsoft YaHei'';font-size:14px;color:#666666;">/</span><span style="font-family:''Microsoft YaHei'';font-size:14px;color:#666666;">助跌</span><span style="font-family:''Microsoft YaHei'';font-size:14px;color:#666666;">)</span><span style="font-family:''Microsoft YaHei'';font-size:14px;color:#666666;">作用，关键看买卖盘力量对比。若同一价位的买盘多于卖盘，则能给银价提供支撑，帮助银价止跌回升或加速上扬；若卖盘多于买盘，则将给银价带来压力，银价将遭打压，出现上涨过程中的回落或下跌过程时的加速下跌。因此，当我们从各种渠道得知在某个价位存在买盘或者卖盘时，就必须对这个价位非常小心，注意提防突然的上涨或下跌风险。</span></span></p>\r\n						<p style="text-indent:18pt;background:#ffffff;">\r\n							<span style="font-family:''Microsoft YaHei'';color:#666666;font-size:14px;">止盈：</span></p>\r\n						<p style="text-indent:18pt;background:#ffffff;">\r\n							<span style="font-family:''Microsoft YaHei'';color:#666666;font-size:14px;">定义：</span></p>\r\n						<p style="text-indent:18pt;background:#ffffff;">\r\n							<span style="font-family:''Microsoft YaHei'';color:#666666;font-size:14px;">止盈，与止损相对，是指当某一投资出现的盈利达到预定数额时及时平仓出局，以避免银价突然的回落导致即将到手的利润消失。其目的就在于让投资者对收益落袋为安。与止损一样，止盈，一般都是与开仓方向相反的订单，但与止损不同的是，其设置的价位为同向的。</span></p>\r\n						<p style="text-indent:18pt;background:#ffffff;">\r\n							<span style="font-family:''Arial'';color:#2b2b2b;font-size:10.5pt;"><span style="font-family:''Microsoft YaHei'';font-size:14px;color:#666666;">例如：投资者在</span><span style="font-family:''Microsoft YaHei'';font-size:14px;color:#666666;">1.3650</span><span style="font-family:''Microsoft YaHei'';font-size:14px;color:#666666;">处做了一手多单，那么他的止盈一般设置在</span><span style="font-family:''Microsoft YaHei'';font-size:14px;color:#666666;">1.3650</span><span style="font-family:''Microsoft YaHei'';font-size:14px;color:#666666;">上方，比如</span><span style="font-family:''Microsoft YaHei'';font-size:14px;color:#666666;">1.3800</span><span style="font-family:''Microsoft YaHei'';font-size:14px;color:#666666;">，方向为卖出；当价格朝着预期的方向发展，涨至</span><span style="font-family:''Microsoft YaHei'';font-size:14px;color:#666666;">1.3800</span><span style="font-family:''Microsoft YaHei'';font-size:14px;color:#666666;">时，止盈订单被触发，此时的交易为卖出方向，平仓出场，利润到手。</span></span></p>\r\n						<p style="text-indent:18pt;background:#ffffff;">\r\n							<span style="font-family:''Microsoft YaHei'';color:#666666;font-size:14px;">解读：</span></p>\r\n						<p style="text-indent:18pt;background:#ffffff;">\r\n							<span style="font-family:''Microsoft YaHei'';color:#666666;font-size:14px;">一般而言，止盈会对银价原有运行趋势产生阻力，上涨过程中的止盈盘，若被触发，银价会回落；下跌过程中的止盈盘，触发时银价会反弹。</span></p>\r\n						<p style="text-indent:18pt;background:#ffffff;">\r\n							<span style="font-family:''Arial'';color:#2b2b2b;font-size:10.5pt;"><span style="font-family:''Microsoft YaHei'';font-size:14px;color:#666666;">获利回吐</span><span style="font-family:''Microsoft YaHei'';font-size:14px;color:#666666;">:</span></span></p>\r\n						<p style="text-indent:18pt;background:#ffffff;">\r\n							<span style="font-family:''Microsoft YaHei'';color:#666666;font-size:14px;">定义：</span></p>\r\n						<p style="text-indent:18pt;background:#ffffff;">\r\n							<span style="font-family:''Microsoft YaHei'';color:#666666;font-size:14px;">获利回吐，一般是指在价格上扬一段时间后，投资者卖掉手头持有的资产以实现获利。广义而言，获利回吐是指结清头寸以实现获利。获利回吐，所作的交易是与开仓方向相反的交易，因此，获利回吐与止盈类似，但获利回吐更多的是投资者主动的、即时的行为，一般按市价成交；而止盈一般为订单，是预先设定好的具体价格。</span></p>\r\n						<p style="text-indent:18pt;background:#ffffff;">\r\n							<span style="font-family:''Microsoft YaHei'';color:#666666;font-size:14px;">解读：</span></p>\r\n						<p style="text-indent:18pt;background:#ffffff;">\r\n							<span style="font-family:''Microsoft YaHei'';color:#666666;font-size:14px;">因获利回吐时的操作与开盘方向相反，因而投资者的获利回吐行为，给贵金属产生的影响，与止盈类似，同样会给银价朝着原有方向运行带来阻挠，表现为上涨过程中的回落和下跌过程中的反弹。</span></p>\r\n						<p style="text-indent:18pt;background:#ffffff;">\r\n							<span style="font-family:''Arial'';color:#2b2b2b;font-size:10.5pt;"><span style="font-family:''Microsoft YaHei'';font-size:14px;color:#666666;">空头回补</span><span style="font-family:''Microsoft YaHei'';font-size:14px;color:#666666;">:</span></span></p>\r\n						<p style="text-indent:18pt;background:#ffffff;">\r\n							<span style="font-family:''Microsoft YaHei'';color:#666666;font-size:14px;">定义：</span></p>\r\n						<p style="text-indent:18pt;background:#ffffff;">\r\n							<span style="font-family:''Arial'';color:#2b2b2b;font-size:10.5pt;"><span style="font-family:''Microsoft YaHei'';font-size:14px;color:#666666;">空头回补，是指贵金属市场上原本做空的投资者</span><span style="font-family:''Microsoft YaHei'';font-size:14px;color:#666666;">(</span><span style="font-family:''Microsoft YaHei'';font-size:14px;color:#666666;">看跌先卖出</span><span style="font-family:''Microsoft YaHei'';font-size:14px;color:#666666;">)</span><span style="font-family:''Microsoft YaHei'';font-size:14px;color:#666666;">在交易方向和持有的头寸反向发展时被迫平仓或反手做多</span><span style="font-family:''Microsoft YaHei'';font-size:14px;color:#666666;">(</span><span style="font-family:''Microsoft YaHei'';font-size:14px;color:#666666;">买入</span><span style="font-family:''Microsoft YaHei'';font-size:14px;color:#666666;">)</span><span style="font-family:''Microsoft YaHei'';font-size:14px;color:#666666;">的行为，会让银价低位反弹，或在上涨时加速走高。</span></span></p>\r\n						<p style="text-indent:18pt;background:#ffffff;">\r\n							<span style="font-family:''Microsoft YaHei'';color:#666666;font-size:14px;">解读：</span></p>\r\n						<p style="text-indent:18pt;background:#ffffff;">\r\n							<span style="font-family:''Microsoft YaHei'';color:#666666;font-size:14px;">由于原来投资者是做空，方向是卖出，平仓时就需要将其买入。这样一来，原来的空头变成了多头，对价格上涨起了推波助澜的作用，让银价在下跌时止跌反弹，在上涨时加速上涨。简而言之，空头回补，都会帮助银价走高，区别只在于是下跌之后的低位反弹，还是上涨过程中的加速上涨。</span></p>\r\n						<p style="text-indent:18pt;background:#ffffff;">\r\n							<span style="font-family:''Microsoft YaHei'';color:#666666;font-size:14px;">突破：</span></p>\r\n						<p style="text-indent:18pt;background:#ffffff;">\r\n							<span style="font-family:''Microsoft YaHei'';color:#666666;font-size:14px;">定义：</span></p>\r\n						<p style="text-indent:18pt;background:#ffffff;">\r\n							<span style="font-family:''Microsoft YaHei'';color:#666666;font-size:14px;">突破，指贵金属经过一段时间的盘整后，产生的一种价格波动，一般指贵金属向上突破阻力位。突破，有假突破和有效突破之分。</span></p>\r\n						<p style="text-indent:18pt;background:#ffffff;">\r\n							<span style="font-family:''Microsoft YaHei'';color:#666666;font-size:14px;">如何区分假突破和有效突破：</span></p>\r\n						<p style="text-indent:18pt;background:#ffffff;">\r\n							<span style="font-family:''Microsoft YaHei'';color:#666666;font-size:14px;">突破阻力对买入、卖出时机等的选择具有重要的分析意义，因此，搞清楚是有效的突破还是非有效的突破，于投资者而言是至关重要的。以下提供一些判断的方法和市场原则，但具体的情况仍要结合当时的市场情况进行具体的分析。</span></p>\r\n						<p style="text-indent:18pt;background:#ffffff;">\r\n							<span style="font-family:''Arial'';color:#2b2b2b;font-size:10.5pt;"><span style="font-family:''Microsoft YaHei'';font-size:14px;color:#666666;">(1)</span><span style="font-family:''Microsoft YaHei'';font-size:14px;color:#666666;">收市价的突破是真正的突破</span></span></p>\r\n						<p style="text-indent:18pt;background:#ffffff;">\r\n							<span style="font-family:''Microsoft YaHei'';color:#666666;font-size:14px;">收市价突破趋向线，是有效的突破，因而是买入的信号。如果价格曾经冲破阻力位，但收市价仍然低于阻力位，这证明，市场的确曾经想试高，但是买盘不继，沽盘涌至，至使价格终于在收市时回落。这样的突破，并非有效的突破，就是说阻力位仍然有效，市场的淡势依然没改，此时切不可追涨，易逢高卖出。反之，则代表强势格局形成，是有效突破，银价波动区间有望上一个台阶，可逢低买入。</span></p>\r\n						<p style="text-indent:18pt;background:#ffffff;">\r\n							<span style="font-family:''Arial'';color:#2b2b2b;font-size:10.5pt;"><span style="font-family:''Microsoft YaHei'';font-size:14px;color:#666666;">(2)</span><span style="font-family:''Microsoft YaHei'';font-size:14px;color:#666666;">判断突破的原则</span></span></p>\r\n						<p style="text-indent:18pt;background:#ffffff;">\r\n							<span style="font-family:''Arial'';color:#2b2b2b;font-size:10.5pt;"><span style="font-family:''Microsoft YaHei'';font-size:14px;color:#666666;">A.</span><span style="font-family:''Microsoft YaHei'';font-size:14px;color:#666666;">发现突破后，多观察一天</span></span></p>\r\n						<p style="text-indent:18pt;background:#ffffff;">\r\n							<span style="font-family:''Microsoft YaHei'';color:#666666;font-size:14px;">如果突破后连续两天银价继续向突破后的方向发展，这样的突破就是有效的突破，是稳妥的买入时机。反之，是假突破，易逢高卖出。</span></p>\r\n						<p style="text-indent:18pt;background:#ffffff;">\r\n							<span style="font-family:''Arial'';color:#2b2b2b;font-size:10.5pt;"><span style="font-family:''Microsoft YaHei'';font-size:14px;color:#666666;">B.</span><span style="font-family:''Microsoft YaHei'';font-size:14px;color:#666666;">注意突破后两天的高低价</span></span></p>\r\n						<p style="text-indent:18pt;background:#ffffff;">\r\n							<span style="font-family:''Microsoft YaHei'';color:#666666;font-size:14px;">若某天的收市价突破阻力线向上发展，第二天，若交易价能跨越它的最高价，说明突破阻力线后有大量的买盘跟进，证明前一天的突破为有效突破，逢低买入。相反，银价在突破上升趋势线向下运动时，如果第二天的交易是在它的最低价下面进行，那么说明这是假突破。</span></p>\r\n						<p>\r\n							&nbsp;</p>\r\n					</div>\r\n					<p>\r\n						&nbsp;</p>\r\n				</div>\r\n			</div>\r\n		</div>\r\n		<h1 class="accordion_toggle">\r\n			把握平仓时机 收获最大利润</h1>\r\n		<div class="accordion_content" style="height: 0px; display: none;">\r\n			<div id="vertical_nested_container">\r\n				<h3 class="vertical_accordion_toggle">\r\n					&middot;把握平仓时机 收获最大利润</h3>\r\n				<div class="vertical_accordion_content" style="height: 0px; display: none;">\r\n					<p>\r\n						&nbsp;</p>\r\n					<div>\r\n						<p style="text-indent:21pt;">\r\n							<span style="font-family:''Microsoft YaHei'';font-size:14px;color:#666666;">把握好正确的买点只是成功了一半，加上正确的平仓才是完全的成功。这是任何投资市场亘古不变的法则，黄金市场也不例外。</span></p>\r\n						<p style="text-indent:21pt;">\r\n							<span style="font-family:''Microsoft YaHei'';font-size:14px;color:#666666;">有些炒黄金的朋友在黄金分析上很有一套，无论基本面还是技术面都有自己的独到见解，但是他们的盈利却往往不尽人意。一个主要的原因，就是把握不好平仓的时机，要么过早地平仓，没有取得随后的丰厚利润；要么迟迟不平仓，以至最后行情又回到买入的起点，甚至被套牢。可见，把握好平仓时机是非常重要的基本功。下面，我们就介绍两种较常见的平仓方法。</span></p>\r\n						<p style="text-indent:21pt;">\r\n							<span style="font-family:''Times New Roman'';font-size:10.5pt;"><span style="font-family:''Microsoft YaHei'';font-size:14px;color:#666666;">&ldquo;</span><span style="font-family:''Microsoft YaHei'';font-size:14px;color:#666666;">高抛法</span><span style="font-family:''Microsoft YaHei'';font-size:14px;color:#666666;">&rdquo;</span><span style="font-family:''Microsoft YaHei'';font-size:14px;color:#666666;">和</span><span style="font-family:''Microsoft YaHei'';font-size:14px;color:#666666;">&ldquo;</span><span style="font-family:''Microsoft YaHei'';font-size:14px;color:#666666;">次顶平仓法</span><span style="font-family:''Microsoft YaHei'';font-size:14px;color:#666666;">&rdquo;</span></span></p>\r\n						<p style="text-indent:21pt;">\r\n							<span style="font-family:''Times New Roman'';font-size:10.5pt;"><span style="font-family:''Microsoft YaHei'';font-size:14px;color:#666666;">投资者都希望能够有一种方法，一种灵丹妙药，比如技术分析中的某一指标，一旦指标达到某一数值时，就可以准确平仓。然而，遗憾的是到目前为止没有这样的技术指标。其实，只要不过分追求精确，方法还是有的。这里介绍的</span><span style="font-family:''Microsoft YaHei'';font-size:14px;color:#666666;">&ldquo;</span><span style="font-family:''Microsoft YaHei'';font-size:14px;color:#666666;">高抛法</span><span style="font-family:''Microsoft YaHei'';font-size:14px;color:#666666;">&rdquo;</span><span style="font-family:''Microsoft YaHei'';font-size:14px;color:#666666;">和</span><span style="font-family:''Microsoft YaHei'';font-size:14px;color:#666666;">&ldquo;</span><span style="font-family:''Microsoft YaHei'';font-size:14px;color:#666666;">次顶平仓法</span><span style="font-family:''Microsoft YaHei'';font-size:14px;color:#666666;">&rdquo;</span><span style="font-family:''Microsoft YaHei'';font-size:14px;color:#666666;">就可以做到正确平仓，但不是精确平仓。</span></span></p>\r\n						<p style="text-indent:21pt;">\r\n							<span style="font-family:''Times New Roman'';font-size:10.5pt;"><span style="font-family:''Microsoft YaHei'';font-size:14px;color:#666666;">所谓的</span><span style="font-family:''Microsoft YaHei'';font-size:14px;color:#666666;">&ldquo;</span><span style="font-family:''Microsoft YaHei'';font-size:14px;color:#666666;">高抛法</span><span style="font-family:''Microsoft YaHei'';font-size:14px;color:#666666;">&rdquo;</span><span style="font-family:''Microsoft YaHei'';font-size:14px;color:#666666;">是指投资者在买入货币时，已经给这一货币定好了一个盈利目标价位。一旦汇价达到这一目标，投资者就平仓。一般来说，运用这一投资策略的投资者大多数都是把货币基本面和技术面结合分析，比如黄金分割线、平均线、形态等确定出一个合理的目标价位，然后等待货币达到这一目标价位就立即平仓。</span></span></p>\r\n						<p style="text-indent:21pt;">\r\n							<span style="font-family:''Times New Roman'';font-size:10.5pt;"><span style="font-family:''Microsoft YaHei'';font-size:14px;color:#666666;">&ldquo;</span><span style="font-family:''Microsoft YaHei'';font-size:14px;color:#666666;">次顶平仓法</span><span style="font-family:''Microsoft YaHei'';font-size:14px;color:#666666;">&rdquo;</span><span style="font-family:''Microsoft YaHei'';font-size:14px;color:#666666;">是一直持仓，直到黄金价格显示第二次有见顶迹象时再抛出。一般而言，采用这一平仓策略的投资者通常采用的是技术分析法来判断见顶迹象，主要是从黄金走势的形态和趋势来判断。具体来说，是通过双顶、头肩顶、三重顶判断中期头部确立，果断平仓。</span></span></p>\r\n						<p style="text-indent:21pt;">\r\n							<span style="font-family:''Microsoft YaHei'';font-size:14px;color:#666666;">两法结合，效果更好</span></p>\r\n						<p style="text-indent:21pt;">\r\n							<span style="font-family:''Times New Roman'';font-size:10.5pt;"><span style="font-family:''Microsoft YaHei'';font-size:14px;color:#666666;">无论是</span><span style="font-family:''Microsoft YaHei'';font-size:14px;color:#666666;">&ldquo;</span><span style="font-family:''Microsoft YaHei'';font-size:14px;color:#666666;">高抛法</span><span style="font-family:''Microsoft YaHei'';font-size:14px;color:#666666;">&rdquo;</span><span style="font-family:''Microsoft YaHei'';font-size:14px;color:#666666;">还是</span><span style="font-family:''Microsoft YaHei'';font-size:14px;color:#666666;">&ldquo;</span><span style="font-family:''Microsoft YaHei'';font-size:14px;color:#666666;">次顶平仓法</span><span style="font-family:''Microsoft YaHei'';font-size:14px;color:#666666;">&rdquo;</span><span style="font-family:''Microsoft YaHei'';font-size:14px;color:#666666;">，都可以取得相当好的投资效果。世界上许多成功的投资者与基金经理，都是善于运用其中的一种方法。不过无论是采用哪一种方法，都各自有其不足之处。</span></span></p>\r\n						<p style="text-indent:21pt;">\r\n							<span style="font-family:''Times New Roman'';font-size:10.5pt;"><span style="font-family:''Microsoft YaHei'';font-size:14px;color:#666666;">对于运用</span><span style="font-family:''Microsoft YaHei'';font-size:14px;color:#666666;">&ldquo;</span><span style="font-family:''Microsoft YaHei'';font-size:14px;color:#666666;">高抛法</span><span style="font-family:''Microsoft YaHei'';font-size:14px;color:#666666;">&rdquo;</span><span style="font-family:''Microsoft YaHei'';font-size:14px;color:#666666;">的投资者来说，必须首先掌握一套对货币所在国经济基本面进行分析的方法，投资者所设定的目标位肯定要高于其当前的市场价。所以说，除非您在黄金市场上确有自己的独到之处，否则的话设立目标价位可能是比较危险的。顺应趋势，多花些时间研究市场的正确趋势，如果保持一致，利润可能就会滚滚而来！</span></span></p>\r\n						<p style="text-indent:21pt;">\r\n							<span style="font-family:''Times New Roman'';font-size:10.5pt;"><span style="font-family:''Microsoft YaHei'';font-size:14px;color:#666666;">而对于运用</span><span style="font-family:''Microsoft YaHei'';font-size:14px;color:#666666;">&ldquo;</span><span style="font-family:''Microsoft YaHei'';font-size:14px;color:#666666;">次顶平仓法</span><span style="font-family:''Microsoft YaHei'';font-size:14px;color:#666666;">&rdquo;</span><span style="font-family:''Microsoft YaHei'';font-size:14px;color:#666666;">的投资者，则主要是根据汇价走势来判断，并不事先给自己确定一个目标价位。当然不足之处也是显而易见，这要求投资者必须投入较多的时间和精力盯盘。这就是为什么部分人孜孜不倦地钻研什么是</span><span style="font-family:''Microsoft YaHei'';font-size:14px;color:#666666;">&ldquo;</span><span style="font-family:''Microsoft YaHei'';font-size:14px;color:#666666;">真顶</span><span style="font-family:''Microsoft YaHei'';font-size:14px;color:#666666;">&rdquo;</span><span style="font-family:''Microsoft YaHei'';font-size:14px;color:#666666;">，什么是</span><span style="font-family:''Microsoft YaHei'';font-size:14px;color:#666666;">&ldquo;</span><span style="font-family:''Microsoft YaHei'';font-size:14px;color:#666666;">假顶</span><span style="font-family:''Microsoft YaHei'';font-size:14px;color:#666666;">&rdquo;</span><span style="font-family:''Microsoft YaHei'';font-size:14px;color:#666666;">的原因。</span></span></p>\r\n						<p style="text-indent:21pt;">\r\n							<span style="font-family:''Microsoft YaHei'';font-size:14px;color:#666666;">我们认为，将两种方法结合起来使用效果会更好一些，这样平仓比较理性。当黄金价格到达买入之初设定的目标价位时，就应该立即平仓。因为投资者在定目标价位时，总有自己的理由，而开始设定的目标位，一般还能比较理智。当黄金价格不断上涨，多数人的脑子容易发热，为了避免犯错，最好还是及时平仓。如果行情真的还有继续上涨空间就应该有勇气再次买入，不过这又是一笔新的操作，需要重新理智地设定目标位，而不要受前一笔单子的影响。</span></p>\r\n						<p style="text-indent:21pt;">\r\n							&nbsp;</p>\r\n					</div>\r\n					<p>\r\n						&nbsp;</p>\r\n				</div>\r\n			</div>\r\n		</div>\r\n	</div>\r\n	<ul>\r\n	</ul>\r\n</div>\r\n');
INSERT INTO `eca_alone` (`id`, `content`) VALUES
(28, '<div class="helplist_box">\r\n	<div id="vertical_container">\r\n		<!--第1开始-->\r\n		<h1 class="accordion_toggle accordion_toggle_active">\r\n			现货白银具有哪些优势？</h1>\r\n		<div class="accordion_content" style="height: auto; display: block;">\r\n			<div id="vertical_nested_container">\r\n				<p style="text-indent:21pt;">\r\n					<span style="font-family:''宋体'';font-size:10.5pt;"><span style="font-family:Microsoft YaHei;">1.22</span><span>小时交易：周一上午</span><span>8</span><span>：</span><span>00</span><span>－周六凌晨</span><span>4</span><span>：</span><span>00</span><span>不间断交易，其中凌晨</span><span>4</span><span>：</span><span>00</span><span>到</span><span>6</span><span>：</span><span>00</span><span>为结算时间。弥补国际现货白银报价波动最频繁的时间段和国内白银交易品种停止报价和停止交易的时间段。</span></span></p>\r\n				<p style="text-indent:21pt;">\r\n					<span style="font-family:''宋体'';font-size:10.5pt;"><span style="font-family:Microsoft YaHei;">2.</span><span>双向操作：交易灵活，可以双向操作买卖，及时的市价与限价成交，投资者可以在价格看涨时买进或者在价格看跌时卖出，在价格有利时伺机卖出或者买进以平仓了解交易，顺势而为，在价格上涨或下跌时均能赚钱。</span></span></p>\r\n				<p style="text-indent:21pt;">\r\n					<span style="font-family:''宋体'';font-size:10.5pt;"><span style="font-family:Microsoft YaHei;">3.T+0</span><span>交易：机会多，效率高：投资者可以根据自己的分析判断自由选择买进卖出的入市机会，</span><span>T+0</span><span>制度及全天</span><span>24</span><span>小时不间断交易，当天可进行多次买卖，提高资金利用率，不错过行情波动，获利机会多。交易软件提供更为便捷的交易模式，方便设置限价买入、卖出、止盈、止损不受时间限制。</span></span></p>\r\n				<p style="text-indent:21pt;">\r\n					<span style="font-family:''宋体'';font-size:10.5pt;"><span style="font-family:Microsoft YaHei;">4.</span><span>保证金交易：采用保证金交易制度，收取合约价值5</span><span>%</span><span>的保证金比率，资金放大</span><span>12.5</span><span>倍，通俗说</span><span>10</span><span>万资金的白银只需要</span><span>8000</span><span>元即可买到，如果价格波动与预期相符，利润会成倍放大，即以最小投入，争取到最大利润，如果价格波动与预期相反，也会面临风险。交易的杠杆作用使得资金管理，入市时机和风险控制变得至关重要。</span></span></p>\r\n				<p style="text-indent:21pt;">\r\n					<span style="font-family:''宋体'';font-size:10.5pt;"><span style="font-family:Microsoft YaHei;">5</span><span>、风险可控：价格可以通过基本面分析和技术分析预测，交易风险主要来源于价格波动，根本在于自己的控制，而最有效的控制手段是止损，亏小钱赢大钱，交易做反仅赔自己定好的额度；行情走势判断正确，则赚进高额的利润。风险控制是白银投资最终盈利的根本保障之一，逆市操作不设止损是白银投资的大忌。我们利安达分析师建议投资者仓位控制在</span><span>3</span><span>成左右，是很安全的。</span></span></p>\r\n				<p style="text-indent:21pt;">\r\n					<span style="font-family:''宋体'';font-size:10.5pt;"><span style="font-family:Microsoft YaHei;">6.</span><span>可提取白银实物：不仅具有货币属性是天然的抵御通货膨胀、保值和增值的投资工具，而且还具有工业金属商品属性，在工业用途非常的广泛。必要时您也可以申请提取交割实物白银，以减少投资风险。</span></span><span style="font-family:宋体;font-size:10.5pt;text-indent:21pt;line-height:1.5;">&nbsp;</span></p>\r\n				<p style="text-indent:21pt;">\r\n					<span style="font-family:''宋体'';font-size:10.5pt;"><span style="font-family:Microsoft YaHei;">7.</span><span>无交割时间限制：减少操作上持仓的时间限制，由投资者自行把握，不像期货那样到期后无论价格多少必须交割。</span></span></p>\r\n				<p style="text-indent:21pt;">\r\n					<span style="font-family:''宋体'';font-size:10.5pt;"><span style="font-family:Microsoft YaHei;">8.</span><span>与国际市场同步报价，透明度高，无庄家操控。</span></span></p>\r\n				<p style="text-indent:21pt;">\r\n					<span style="font-family:''宋体'';font-size:10.5pt;"><span style="font-family:Microsoft YaHei;">9.</span><span>无涨跌停板限制。</span></span></p>\r\n				<p style="text-indent:21pt;">\r\n					<span style="font-family:''宋体'';font-size:10.5pt;"><span style="font-family:Microsoft YaHei;">10.</span><span>银行第三方资金托管：交易资金由客户、天交所、银行签署三方托管协议，与证券公司开户同等性质，资金安全可靠。</span></span></p>\r\n				<p style="text-indent:21pt;">\r\n					<span style="font-family:''宋体'';font-size:10.5pt;"><span style="font-family:Microsoft YaHei;">11.</span><span>交易简单明了、操作方便快捷、投资风险可控。</span></span></p>\r\n				<p style="text-indent:21pt;">\r\n					<span style="font-family:''宋体'';font-size:10.5pt;"><span style="font-family:Microsoft YaHei;">12.</span><span>信息公开透明，不会被人为操控。报价及交易软件均有天交所提供，管理，维护，不会出现人为操作。</span></span></p>\r\n				<p style="text-indent:21pt;">\r\n					<span style="font-family:''宋体'';font-size:10.5pt;"><span style="font-family:Microsoft YaHei;">13.</span><span>交易合法、有保障。由国务院审批，天津市政府特批，国内首个合法场外贵金属交易服务提供商。</span></span></p>\r\n			</div>\r\n		</div>\r\n		<!--第1开始-->\r\n		<h1 class="accordion_toggle">\r\n			现货白银（）的交易方式有哪些？</h1>\r\n		<div class="accordion_content" style="height: 0px; display: none;">\r\n			<div id="vertical_nested_container">\r\n				<p style="text-indent:21pt;">\r\n					<span style="font-family:''宋体'';font-size:10.5pt;">现货白银（）的交易方式有以下四种：</span></p>\r\n				<p style="text-indent:21pt;">\r\n					<span style="font-family:''宋体'';font-size:10.5pt;"><span style="font-family:Microsoft YaHei;">1.</span><span>投资者可以通过电话或网络与综合会员进行现货全额交易和现货延期交收交易，可以做多和做空</span><span>T+0</span><span>双向交易。</span></span></p>\r\n				<p style="text-indent:21pt;">\r\n					<span style="font-family:''宋体'';font-size:10.5pt;"><span style="font-family:Microsoft YaHei;">2.</span><span>现货全额交易必须在账户内存入欲购买金条等值的人民币，买入的金条可以选择提货或者再次卖出，已经提货的金条可以到综合会员柜台卖出。</span></span></p>\r\n				<p style="text-indent:21pt;">\r\n					<span style="font-family:''宋体'';font-size:10.5pt;"><span style="font-family:Microsoft YaHei;">3.</span><span>现货延期交收交易指的是按即时的价格买卖金条，延迟至第二个工作日后的任何工作日进行实物交收的交易行为，交易时支付</span><span>8%</span><span>的保证金，如果需要实物交收时，结清剩余货款；交易时最少交易量为</span><span>1000</span><span>克或</span><span>1000</span><span>克的整数倍。</span></span></p>\r\n				<p style="text-indent:21pt;">\r\n					<span style="font-family:''宋体'';font-size:10.5pt;"><span style="font-family:Microsoft YaHei;">4.</span><span>现货全额交易与现货延期交易都可以向综合会员提出交割情报，提取或交收实物金条，同时需要交纳提货费每克</span><span>14</span><span>元人民币和交货费每克</span><span>6</span><span>元人民币。实物交割的费用比现货延期交收交易的费用要高很多。</span></span></p>\r\n			</div>\r\n		</div>\r\n		<!--第1开始-->\r\n		<h1 class="accordion_toggle">\r\n			什么是&ldquo;第三方存管&rdquo;？</h1>\r\n		<div class="accordion_content" style="height: 0px; display: none;">\r\n			<div id="vertical_nested_container">\r\n				<p style="text-indent:21pt;">\r\n					<span style="font-family:''宋体'';font-size:10.5pt;">&ldquo;第三方存管&rdquo;的全称是&ldquo;客户交易结算资金第三方存管&rdquo;。过去，在证券交易活动中，投资者（即客户）的交易结算资金是由会员单位一家统一存管的。后来，证监会规定，客户的交易结算资金统一交由第三方存管机构存管。这里的第三方存管机构，目前是指具备第三方存管资格的商业银行。</span></p>\r\n				<p style="text-indent:21pt;">\r\n					<span style="font-family:''宋体'';font-size:10.5pt;"><span>&nbsp;益处：</span></span></p>\r\n				<p style="text-indent:21pt;">\r\n					<span style="font-family:''宋体'';font-size:10.5pt;"><span style="font-family:Microsoft YaHei;">1.</span><span>资金更放心：过去，客户的保证金交由会员单位一家存管，被挪用的情况屡屡发生。客户交易结算资金交由第三方存管银行统一存管，客户的保证金由商业银行和券商的双重信用作为保障，确保客户资金的兑付，客户的资金安全可以得到保障，更加放心；</span></span></p>\r\n				<p style="text-indent:21pt;">\r\n					<span style="font-family:''宋体'';font-size:10.5pt;"><span style="font-family:Microsoft YaHei;">2.</span><span>存取更省心：客户不仅可以通过券商原有的方式完成转账，还可以通过银行柜台、电话银行、网上银行等多种方式完成资金的存取、银行账户和保证金账户之间的划转；</span></span></p>\r\n				<p style="text-indent:21pt;">\r\n					<span style="font-family:''宋体'';font-size:10.5pt;"><span style="font-family:Microsoft YaHei;">3.</span><span>由于保证金交由商业银行统一存管，这样便于国家对违规资金进入证券市场的监管。</span></span></p>\r\n				<p style="text-indent:21pt;">\r\n					<span style="font-family:''宋体'';font-size:10.5pt;font-weight:bold;">特点优势：</span></p>\r\n				<p style="text-indent:21pt;">\r\n					<span style="font-family:''宋体'';font-size:10.5pt;"><span style="font-family:Microsoft YaHei;">1.</span><span>客户资金封闭运行。在该模式下，会员单位将客户存取款功能移交给存管银行，会员单位端不再办理任何形式的客户资金存取业务，所有的存取款行为均由客户自行通过银证转账方式发起，客户支取的交易结算资金只能够回到事先指定的同名银行结算账户，进而实现交易结算资金封闭运行，防范客户资金挪用风险和客户洗钱、套现等风险；</span></span></p>\r\n				<p style="text-indent:21pt;">\r\n					<span style="font-family:''宋体'';font-size:10.5pt;"><span style="font-family:Microsoft YaHei;">&nbsp;2.</span><span>存管银行总分核对。在该模式下，存管银行为客户开立映射其会员单位端资金台账余额的管理账户，从而可以掌握客户明细账，通过该明细账汇总后与会员单位客户资金总账进行核对的方式，一定程度上防范了会员单位在总账层面上的挪用行为；</span></span></p>\r\n				<p style="text-indent:21pt;">\r\n					<span style="font-family:''宋体'';font-size:10.5pt;"><span style="font-family:Microsoft YaHei;">&nbsp;3.</span><span>客户另路查询对账机制。在该模式下，存管银行将为客户提供管理账户另路查询服务，客户借助存管银行和会员单位提供的查询手段和对账机制，通过对比存管银行端管理账户和会员单位端资金台账数据的一致性，有效监控客户资金安全；</span></span></p>\r\n				<p style="text-indent:21pt;">\r\n					<span style="font-family:''宋体'';font-size:10.5pt;"><span style="font-family:Microsoft YaHei;">&nbsp;4.</span><span>全方位客户资金监管体系。在该模式下，通过合理的业务分工和制度安排，会员单位、存管银行、客户和监管机构共同构建了一个全方位的客户资金监管体系，保障客户资金安全。其中存管银行不直接对客户负债，也不直接控制会员单位的法人交收等业务操作，只是负责总分核对和为客户提供另路查询，在相当程度上起的是协助监管职责；</span></span><span style="font-family:''宋体'';font-size:10.5pt;">&nbsp;</span></p>\r\n				<p>\r\n					<span style="font-family:''宋体'';font-size:10.5pt;"><span style="font-family:Microsoft YaHei;">&nbsp;&nbsp;&nbsp;&nbsp;5.</span><span>多银行存管机制有助于满足客户不同的银行偏好，而且兼容性强，能够比较好地适应国内现有证券交易产品和清算交收规则，并能够适应未来证券市场的产品创新和制度进步。</span></span></p>\r\n			</div>\r\n		</div>\r\n		<!--第1开始-->\r\n		<h1 class="accordion_toggle">\r\n			什么是多单和空单？</h1>\r\n		<div class="accordion_content" style="height: 0px; display: none;">\r\n			<div id="vertical_nested_container">\r\n				<p style="text-indent:21pt;">\r\n					<span style="font-family:''宋体'';font-size:10.5pt;"><span style="font-family:Microsoft YaHei;">因为贵金属投资可以双向操作，所以，我们在交易之前需要学会这两个词：&ldquo;多&rdquo;和&ldquo;空&rdquo;</span><span>!&nbsp;</span><span>做多，是指在白银交易中，看涨未来的行情，想要买进的过程；买进后，所持有的白银合约，即为多单；</span></span></p>\r\n				<p style="text-indent:21pt;">\r\n					<span style="font-family:''宋体'';font-size:10.5pt;"><span style="font-family:Microsoft YaHei;">&nbsp;</span><span>做空，即是相反的操作了，是指在白银交易中，看跌未来的行情，想要卖出的过程；卖出后，所持有的白银合约，即为空单。</span></span></p>\r\n				<p style="text-indent:21pt;">\r\n					<span style="font-family:''宋体'';font-size:10.5pt;"><span style="font-family:Microsoft YaHei;">相信在我们的银友中，有很大一部分只参与过股票投资的，对于&ldquo;做空&rdquo;</span><span>,</span><span>可能还不是很了解。这里，再解释一下，当投资者朋友们认为银价将会越来越低的时候，我们就可以选择建仓（开单），选择&ldquo;卖出&rdquo;</span><span>.</span><span>只要选择&ldquo;卖出&rdquo;就可以，这里仅仅是选择做单的方向，并不涉及到任何其他条件。投资者也没有必要纠结，我是不是要先买进再卖出！当白银的价格开始下跌，并且达到我们的预期的时候，就可以选择将空单平仓，这时，我们就可以在价格下跌的时候赚到利润。</span></span></p>\r\n				<p>\r\n					<span style="font-family:''宋体'';font-size:10.5pt;">&nbsp; &nbsp;&nbsp;和股票有很大差别在于，银价的涨和跌都是可以赚钱，只要选对了方向，任何价格的变动都是有利可图的。希望各位朋友能够好好利用现货白银的这一操作优势，扩大自己的利润。</span></p>\r\n			</div>\r\n		</div>\r\n		<!--第1开始-->\r\n		<h1 class="accordion_toggle">\r\n			与其它白银投资产品比较</h1>\r\n		<div class="accordion_content" style="height: 0px; display: none;">\r\n			<div id="vertical_nested_container">\r\n				<p style="text-indent:21pt;">\r\n					<span style="font-family:''宋体'';font-size:10.5pt;"><span style="font-family:Microsoft YaHei;">1</span><span>、白银</span><span>T+D</span><span>：是与国际现货白银市场价格为基础，现货白银（）报价以人民币兑美元汇率报出人民币中间指导，与国际银时间同步，而国内的白银</span><span>td</span><span>（上海银）并非</span><span>24</span><span>小时交易，照顾不到欧洲盘，如果国际市场出现跳空，如果你做多，你的仓位将会爆仓，使你不敢拿隔夜单。</span></span><br />\r\n					<span style="font-family:''宋体'';font-size:10.5pt;"><span style="font-family:Microsoft YaHei;">&nbsp; &nbsp; 2</span><span>、伦敦银：投资最大风险是资金的安全性，现货白银（）客户账户和资金实行第三方存管模式，保障资金的安全性。而国际现货白银（伦敦银）与外汇保证金交易国内是没有开放的，所以资金是要汇往国外才能开户交易，安全性得不到保证。</span></span><br />\r\n					<span style="font-family:''宋体'';font-size:10.5pt;"><span style="font-family:Microsoft YaHei;">&nbsp; &nbsp; 3</span><span>、白银期货：期货交易时间每天只有</span><span>9.5</span><span>小时，而是</span><span>22</span><span>小时交易，从周一早上</span><span>8</span><span>点至周六凌晨</span><span>4</span><span>点一直都可以交易。白银期货有交割时间期限限制，而现货白银（）延迟交收业务没有交割时间期限的限制，投资者可以长期持有手中的仓单，而不至于被迫平仓。</span></span><br />\r\n					<span style="font-family:''宋体'';font-size:10.5pt;"><span style="font-family:Microsoft YaHei;">&nbsp;&nbsp;&nbsp;&nbsp;4</span><span>、实物银条：必须小心安全地保管；若没有相关的回购条款，或者是跨机构回购，卖出时需要经过检验，并承担相关费用，无利息收益。</span></span><br />\r\n					<span style="font-family:''宋体'';font-size:10.5pt;"><span style="font-family:Microsoft YaHei;">&nbsp;&nbsp;&nbsp;&nbsp;5</span><span>、银币：收藏性银币必须小心。</span></span></p>\r\n			</div>\r\n		</div>\r\n		<!--第1开始-->\r\n		<h1 class="accordion_toggle">\r\n			与其它白银投资产品比较</h1>\r\n		<div class="accordion_content" style="height: 0px; display: none;">\r\n			<div id="vertical_nested_container">\r\n				<p style="text-indent:21pt;">\r\n					<span style="font-family:''宋体'';font-size:10.5pt;"><span style="font-family:Microsoft YaHei;">1</span><span>、白银</span><span>T+D</span><span>：是与国际现货白银市场价格为基础，现货白银（）报价以人民币兑美元汇率报出人民币中间指导，与国际银时间同步，而国内的白银</span><span>td</span><span>（上海银）并非</span><span>24</span><span>小时交易，照顾不到欧洲盘，如果国际市场出现跳空，如果你做多，你的仓位将会爆仓，使你不敢拿隔夜单。</span></span><br />\r\n					<span style="font-family:''宋体'';font-size:10.5pt;"><span style="font-family:Microsoft YaHei;">&nbsp; &nbsp; 2</span><span>、伦敦银：投资最大风险是资金的安全性，现货白银（）客户账户和资金实行第三方存管模式，保障资金的安全性。而国际现货白银（伦敦银）与外汇保证金交易国内是没有开放的，所以资金是要汇往国外才能开户交易，安全性得不到保证。</span></span><br />\r\n					<span style="font-family:''宋体'';font-size:10.5pt;"><span style="font-family:Microsoft YaHei;">&nbsp; &nbsp; 3</span><span>、白银期货：期货交易时间每天只有</span><span>9.5</span><span>小时，而是</span><span>22</span><span>小时交易，从周一早上</span><span>8</span><span>点至周六凌晨</span><span>4</span><span>点一直都可以交易。白银期货有交割时间期限限制，而现货白银（）延迟交收业务没有交割时间期限的限制，投资者可以长期持有手中的仓单，而不至于被迫平仓。</span></span><br />\r\n					<span style="font-family:''宋体'';font-size:10.5pt;"><span style="font-family:Microsoft YaHei;">&nbsp;&nbsp;&nbsp;&nbsp;4</span><span>、实物银条：必须小心安全地保管；若没有相关的回购条款，或者是跨机构回购，卖出时需要经过检验，并承担相关费用，无利息收益。</span></span><br />\r\n					<span style="font-family:''宋体'';font-size:10.5pt;"><span style="font-family:Microsoft YaHei;">&nbsp;&nbsp;&nbsp;&nbsp;5</span><span>、银币：收藏性银币必须小心。</span></span></p>\r\n				<p style="text-indent:21pt;">\r\n					&nbsp;</p>\r\n			</div>\r\n		</div>\r\n		<!--第1开始-->\r\n		<h1 class="accordion_toggle">\r\n			长三角商品交易所是什么机构？</h1>\r\n		<div class="accordion_content" style="height: 0px; display: none;">\r\n			<div id="vertical_nested_container">\r\n				<p style="text-indent:21pt;">\r\n					<span style="font-family:''宋体'';font-size:10.5pt;"><span style="font-family:Microsoft YaHei;">长三角商品交易所（以下简称&ldquo;交易所&rdquo;）是根据国务院关于《推进滨海新区开发开放有关问题的意见》（国发﹝</span><span>2006</span><span>﹞</span><span>20</span><span>号）的政策精神，经天津市政府批准，由天津产权交易中心发起设立的公司制交易所。交易所注册资本金为一亿元人民币，由中国中信集团控股，天津产权交易中心、中国黄金集团公司等企业参股。交易所营业范围为&ldquo;贵金属（含黄金、白银）、有色金属现货批发、零售、延期交收，并为其提供电子平台；前述相关咨询服务及许可的其它业务&rdquo;。</span></span></p>\r\n				<p style="text-indent:21pt;">\r\n					<span style="font-family:''宋体'';font-size:10.5pt;"><span style="font-family:Microsoft YaHei;">交易所采用具有中国特色的分散式柜台交易模式进行现货和现货衍生品交易，交易时间与国际市场接轨。目前交易所上市交易的品种有铂、钯、白银、镍四种贵金属。交易所于</span><span>2010</span><span>年</span><span>2</span><span>月开始试运行，</span><span>2012</span><span>年</span><span>2</span><span>月正式运行。</span></span></p>\r\n				<p style="text-indent:21pt;">\r\n					<span style="font-family:''宋体'';font-size:10.5pt;"><span style="font-family:Microsoft YaHei;">&nbsp;</span><span>交易所的设立是滨海新区金融先行先试的重要创新实践之一，是对我国贵金属市场体系的补充，对我国金融市场体系的完善，有利于规范和引导场外贵金属交易市场发展，有利于逐步把握我国在国际贵金属市场上的话语权和定价权。交易所的发展愿景是实现&ldquo;三个一&rdquo;</span><span>:</span><span>打造一个创新型分散式柜台交易平台；发起设立一支金属资源基金；建成一个贵金属产业园。</span></span></p>\r\n			</div>\r\n		</div>\r\n		<!--第1开始-->\r\n		<h1 class="accordion_toggle">\r\n			什么是？</h1>\r\n		<div class="accordion_content" style="height: 0px; display: none;">\r\n			<div id="vertical_nested_container">\r\n				<p style="text-indent:21pt;">\r\n					<span style="font-family:''宋体'';font-size:10.5pt;"><span>即是现货白银，是长三角商品交易所的一种低门槛的投资理财产品，以保证金的方式进行的一种现货交收业务，适合工薪阶层客户，通过在银行开通此业务来进行买卖做单交易。业务还有几个明显的制度特征，比如，保证金制度能放大数倍交易规模，每日交易无负债结算制度，</span><span>t+0</span><span>制度使得交易随时买随时卖，两个交易方向，既可以做多，也可以做空。更主要的是有三个交易时段，尤其是晚间交易时段是最活跃的。</span></span></p>\r\n			</div>\r\n		</div>\r\n		<!--第1开始-->\r\n		<h1 class="accordion_toggle">\r\n			我为什么要投资白银？</h1>\r\n		<div class="accordion_content" style="height: 0px; display: none;">\r\n			<div id="vertical_nested_container">\r\n				<p style="text-indent:21pt;">\r\n					<span style="font-family:''宋体'';font-size:10.5pt;">近两个月来，国际贵金属价格大起大落，尤其白银的波动甚为剧烈。业内人士表示，目前白银的投资活跃度要高于黄金，一旦抓准趋势，回报十分丰厚。不过，投资白银需具备专业知识，而且选对合适的投资渠道也很重要。国内白银投资产品的门槛也在逐步放低，更适合普通储户介入投资。</span></p>\r\n			</div>\r\n		</div>\r\n		<!--第1开始-->\r\n		<h1 class="accordion_toggle">\r\n			建仓价、持仓价、平仓价是什么意思？</h1>\r\n		<div class="accordion_content" style="height: 0px; display: none;">\r\n			<div id="vertical_nested_container">\r\n				<p style="text-indent:21pt;">\r\n					<span style="font-family:''宋体'';font-size:10.5pt;">相信这三个词汇对于期货投资者们并不陌生，现在他们也被广泛的运用在现货白银（）的交易中。</span></p>\r\n				<p style="text-indent:21pt;">\r\n					<span style="font-family:''宋体'';font-size:10.5pt;"><span>所谓建仓也叫开仓，是指投资者新买入或新卖出一定数量的合约，他必须通过保证金的交割来了结这笔白银交易。</span></span></p>\r\n				<p style="text-indent:21pt;">\r\n					<span style="font-family:''宋体'';font-size:10.5pt;"><span>持仓是指在建仓后，没有采取任何动作，持有白银合约的这一段过程。期间我们可以通过的价格变化，来判断我们采取其他行动的方法或者时间。持仓仅仅是对已建仓的投资者来讲的。</span></span></p>\r\n				<p style="text-indent:21pt;">\r\n					<span style="font-family:''宋体'';font-size:10.5pt;"><span>平仓是指白银投资者买入或卖出与其所持有白银合约数量相同，但交易方向相反的白银合约，即了结白银交易的行为。</span></span></p>\r\n				<p>\r\n					<span style="font-family:''宋体'';font-size:10.5pt;"><span style="font-family:Microsoft YaHei;">&nbsp;&nbsp;&nbsp;&nbsp;</span><span>因此，我们也可以将持仓解释为，在建仓之后，没有平仓之前的白银合约。建仓后，没有平仓的合约，除银价大幅波动被强制平仓外，其余情况下都会继续持有。</span></span></p>\r\n			</div>\r\n		</div>\r\n		<!--第1开始-->\r\n		<h1 class="accordion_toggle">\r\n			什么是&ldquo;市价&rdquo;和&ldquo;指价&rdquo;？</h1>\r\n		<div class="accordion_content" style="height: 0px; display: none;">\r\n			<div id="vertical_nested_container">\r\n				<p style="text-indent:21pt;">\r\n					<span style="font-family:''宋体'';font-size:10.5pt;">我们在建仓和平仓的时候，经常会遇见这样两个词。市价是指：实时的价格，可以说是准备建仓或平仓时的价格。指价是投资者计划在某一特定的价格想要平仓，这一特定价格就是指价。</span></p>\r\n				<p style="text-indent:21pt;">\r\n					<span style="font-family:''宋体'';font-size:10.5pt;"><span>指价是通常我们比较理想的价格点位，我们不太确定这个价位是否会到达，不过，通过设置</span><span>&quot;</span><span>指价</span><span>&quot;</span><span>可以帮助我们在我们不方便盯盘的情况下，顺利扑捉到我们想要入场或者离场的理想点位。</span></span></p>\r\n			</div>\r\n		</div>\r\n		<!--第1开始-->\r\n		<h1 class="accordion_toggle">\r\n			什么是&ldquo;一手&rdquo;？</h1>\r\n		<div class="accordion_content" style="height: 0px; display: none;">\r\n			<div id="vertical_nested_container">\r\n				<p style="text-indent:21pt;">\r\n					<span style="font-family:''宋体'';font-size:10.5pt;"><span style="font-family:Microsoft YaHei;">可以理解为，贵金属交易的最小单位。贵金属的买卖原则同股票交易原则基本相同，交易需要以整数倍进行。以为例，&ldquo;一手&rdquo;白银为</span><span>15kg</span><span>；&ldquo;一手&rdquo;白银迷你合约为</span><span>1kg</span><span>。</span></span></p>\r\n				<p style="text-indent:21pt;">\r\n					<span style="font-family:''宋体'';font-size:10.5pt;"><span>刚刚进入贵金属投资的朋友们，可以先买一手感受一下贵金属的操作，再卖出一手试试。多操作几次找找感觉，然后再进行大手笔买卖。</span></span></p>\r\n			</div>\r\n		</div>\r\n		<!--第1开始-->\r\n		<h1 class="accordion_toggle">\r\n			什么是双向交易？</h1>\r\n		<div class="accordion_content" style="height: 0px; display: none;">\r\n			<div id="vertical_nested_container">\r\n				<p style="text-indent:21pt;">\r\n					<span style="font-family:''宋体'';font-size:10.5pt;">在贵金属交易中，交易者既可以选择买入贵金属合约作为交易的开端，也可以选择卖出贵金属合约作为交易的开端，也就是通常所说的买空卖空。</span></p>\r\n				<p style="text-indent:21pt;">\r\n					<span style="font-family:''宋体'';font-size:10.5pt;"><span style="font-family:Microsoft YaHei;">&nbsp;</span><span>双向交易是就单项交易而言的，不仅能先买入再卖出（做多），而且可以先卖出再买入（做空），这样在价格下跌的过程中，投资者可以通过做空来增加盈利的机会。也就是说，无论价格涨跌都有机会赚钱。</span></span></p>\r\n				<p style="text-indent:21pt;">\r\n					<span style="font-family:''宋体'';font-size:10.5pt;"><span style="font-family:Microsoft YaHei;">&nbsp;</span><span>双向交易也是贵金属与股票操作的不同之一。在双向交易的操作中，只要存在价差，投资者就可以盈利！</span></span></p>\r\n			</div>\r\n		</div>\r\n		<!--第1开始-->\r\n		<h1 class="accordion_toggle">\r\n			怎样计算风险率？</h1>\r\n		<div class="accordion_content" style="height: 0px; display: none;">\r\n			<div id="vertical_nested_container">\r\n				<p style="text-indent:21pt;">\r\n					<span style="font-family:''宋体'';font-size:10.5pt;"><span style="font-family:Microsoft YaHei;">以</span><span>12.5</span><span>倍杠杆为例，在这个杠杆模式下，投资者运用</span><span>8%</span><span>的保证金进行交易，风险与收益是同步放大了，控制风险是杠杆型交易的第一天条，即便有</span><span>99%</span><span>的成功率，如果风险控制不到位，也可能一次翻船。</span></span></p>\r\n				<p style="text-indent:21pt;">\r\n					<span style="font-family:''宋体'';font-size:10.5pt;"><span style="font-family:Microsoft YaHei;">风险率</span><span>=</span><span>当前权益</span><span>/</span><span>持仓占用保证金</span><span>x100%</span></span></p>\r\n				<p style="text-indent:21pt;">\r\n					<span style="font-family:''宋体'';font-size:10.5pt;">天交所的交易系统会以&ldquo;投资者风险率&rdquo;来动态衡量投资者的风险状况。</span></p>\r\n			</div>\r\n		</div>\r\n		<!--第1开始-->\r\n		<h1 class="accordion_toggle">\r\n			什么是点差？</h1>\r\n		<div class="accordion_content" style="height: 0px; display: none;">\r\n			<div id="vertical_nested_container">\r\n				<p style="text-indent:21pt;">\r\n					<span style="font-family:''宋体'';font-size:10.5pt;">点差是指买入价与卖出价价差。</span></p>\r\n				<p style="text-indent:21pt;">\r\n					<span style="font-family:''宋体'';font-size:10.5pt;"><span style="font-size:14px;">从</span><span>2013</span><span>年</span><span>8</span><span>月</span><span>1</span><span>日起，为了满足广大投资者的需求，降低其交易成本，交易所将现货白银、现货白银</span><span>1000</span><span>的点差由固定</span><span>10</span><span>元</span><span>/kg</span><span>降低为固定</span><span>8</span><span>元</span><span>/kg,</span><span>现货钯金、现货钯金</span><span>100</span><span>的点差由上一交易日结算价的</span><span>0.8%</span><span>降低为</span><span>0.08%</span><span>、现货铂金和现货铂金</span><span>100</span><span>的点差上一交易日结算价的</span><span>0.4%</span><span>降低为</span><span>0.04%</span><span>。</span></span></p>\r\n			</div>\r\n		</div>\r\n		<!--第1开始-->\r\n		<h1 class="accordion_toggle">\r\n			什么是T+0？</h1>\r\n		<div class="accordion_content" style="height: 0px; display: none;">\r\n			<div id="vertical_nested_container">\r\n				<p style="text-indent:21pt;">\r\n					<span style="font-family:''宋体'';font-size:10.5pt;"><span style="font-family:Microsoft YaHei;">T+0</span><span>，是一种证劵（或期货）交易制度，现也被延伸使用至贵金属领域。具体含义是指在贵金属建仓当天办理好平仓的价款清算交割手续的交易制度，就称为</span><span>T+0</span><span>交易。通俗说，就是当天买入的贵金属合约在当天就可以卖出。</span><span>T+0</span><span>交易操作灵活，投资者可以随时根据金银价格的变化，在同一天的交易时间内选择平仓离场，甚至反向建仓，一天之内的多次操作，都是被允许的。</span></span></p>\r\n			</div>\r\n		</div>\r\n		<!--第1开始-->\r\n		<h1 class="accordion_toggle">\r\n			什么是仓位？</h1>\r\n		<div class="accordion_content" style="height: 0px; display: none;">\r\n			<div id="vertical_nested_container">\r\n				<p style="text-indent:21pt;">\r\n					<span style="font-family:''宋体'';font-size:10.5pt;">仓位是指账户中你的占用保证金占全部资金的比例。占用保证金是你现在买的全部现货白银所使用的资金，控制仓位要根据行情的大小来决定。初次建仓尽量不要超过五成仓，这样即使对于接下来的行情不确定，那么也可以通过锁单弥补。大行情波动比较剧烈，不宜超过三成仓。防止损失过大。行情判断无误后期自然会有加仓的机会。仓位的控制也是风险控制的基础。</span></p>\r\n			</div>\r\n		</div>\r\n		<!--第1开始-->\r\n		<h1 class="accordion_toggle">\r\n			强行平仓是怎么计算规定的？</h1>\r\n		<div class="accordion_content" style="height: 0px; display: none;">\r\n			<div id="vertical_nested_container">\r\n				<p style="text-indent:21pt;">\r\n					<span style="font-family:''宋体'';font-size:10.5pt;"><span style="font-family:Microsoft YaHei;">当投资者账户风险率小于</span><span>100</span><span>％时，投资者交易保证金不足，要追加交易保证金，否则投资者只能减少持仓数量，直至投资者账户风险率等于或者大于</span><span>100%</span><span>；</span></span></p>\r\n				<p style="text-indent:21pt;">\r\n					<span style="font-family:''宋体'';font-size:10.5pt;"><span>当投资者账户风险率等于</span><span>50</span><span>％时，天交所会员就会将投资者剩余持仓进行全部强行平仓。</span></span></p>\r\n			</div>\r\n		</div>\r\n		<!--第1开始-->\r\n		<h1 class="accordion_toggle">\r\n			交易公平吗？会不会操纵市场？</h1>\r\n		<div class="accordion_content" style="height: 0px; display: none;">\r\n			<div id="vertical_nested_container">\r\n				<p style="text-indent:21pt;">\r\n					<span style="font-family:''宋体'';font-size:10.5pt;">交易所报价与国际市场（纽约、伦敦金）基本报价保持一致，天交所根据每天央行发布的汇率折合成人民币按克进行报价，保障成交，不需要等待交易对手来实现交易。数据由交易所提供，保证了交易的公平性。国际黄金市场交易量巨大，价格不太可能被操纵。</span></p>\r\n			</div>\r\n		</div>\r\n		<!--第1开始-->\r\n		<h1 class="accordion_toggle">\r\n			交易为什么需要&ldquo;三方存管&rdquo;？</h1>\r\n		<div class="accordion_content" style="height: 0px; display: none;">\r\n			<div id="vertical_nested_container">\r\n				<p style="text-indent:21pt;">\r\n					<span style="font-family:''宋体'';font-size:10.5pt;">&ldquo;第三方存管&rdquo;的全称是&ldquo;客户交易结算资金第三方存管&rdquo;。过去，在证券交易活动中，投资者（即客户）的交易结算资金是由证券公司一家统一存管的。后来，证监会规定，客户的交易结算资金统一交由第三方存管机构存管。这里的第三方存管机构，目前是指具备第三方存管资格的商业银行。</span></p>\r\n				<p style="text-indent:21pt;">\r\n					<span style="font-family:''宋体'';font-size:10.5pt;">在（现货白银）市场投资者中，除天交所会员单位机构之外，一般投资人是不可能在贵金属交易所中开设自己&ldquo;专用席位&rdquo;的，必须利用贵金属交易公司提供的交易平台进行交易。</span></p>\r\n				<p style="text-indent:21pt;">\r\n					<span style="font-family:''宋体'';font-size:10.5pt;">也就是说一般投资人必须在会员单位处开设交易帐户，投资资金与交易黄金白银实物都&ldquo;存放&rdquo;在所开户公司。客观上构成了一般投资者与提供服务者（天交所会员）的&ldquo;双方&rdquo;存在。</span></p>\r\n				<p style="text-indent:21pt;">\r\n					<span style="font-family:''宋体'';font-size:10.5pt;">第三方存管</span></p>\r\n				<p style="text-indent:21pt;">\r\n					<span style="font-family:''宋体'';font-size:10.5pt;">但是，天交所的会员单位既是提供服务者，又是贵金属交易的直接参与者。在这种情况下，一些券商借客户资金与黄金&ldquo;存放&rdquo;之机，擅自挪用客户资金与金银实物为自己谋利，出现了很多问题，造成了恶劣的后果。至今还有一些&ldquo;问题&rdquo;券商没有彻底解决后遗症。</span></p>\r\n				<p style="text-indent:21pt;">\r\n					<span style="font-family:''宋体'';font-size:10.5pt;"><span style="font-family:Microsoft YaHei;">&ldquo;第三方&rdquo;就是指在投资者、交易所会员单位双方以外的资金托管方</span><span>-</span><span>&mdash;银行。</span></span></p>\r\n			</div>\r\n		</div>\r\n		<!--第1开始-->\r\n		<h1 class="accordion_toggle">\r\n			现货白银投资的交易数据在哪里托管？</h1>\r\n		<div class="accordion_content" style="height: 0px; display: none;">\r\n			<div id="vertical_nested_container">\r\n				<p style="text-indent:21pt;">\r\n					<span style="font-family:''宋体'';font-size:10.5pt;">由天津国际经济金融仲裁中心发起设立的天津鼎信交易数据托管中心，以独立第三方身份在每个交易日结束后，抓取托管会员与客户的每日结算数据并自动生成账单，加密后发送至托管中心客户专用账户，投资者可以从专用邮箱或账户中查询交易信息。一旦投资者在交易过程中产生纠纷，可调取相关信息并出具证明，作为仲裁的证据，以保护投资者的合法权益</span></p>\r\n			</div>\r\n		</div>\r\n		<!--第1开始-->\r\n		<h1 class="accordion_toggle">\r\n			交易保证金什么情况下会进行调整？</h1>\r\n		<div class="accordion_content" style="height: 0px; display: none;">\r\n			<div id="vertical_nested_container">\r\n				<p style="text-indent:21pt;">\r\n					<span style="font-family:''宋体'';font-size:10.5pt;"><span style="font-family:Microsoft YaHei;">交易所实行保证金制度，现货延期交易的预付最低交易保证金分固定模式和动态模式两种，固定模式为成交金额的</span><span>8%</span><span>。&nbsp;动态模式则根据资金期未权益的不同划分为不同的级别，客户期末权益不足</span><span>5</span><span>万元的，其建仓保证金比例按照最低</span><span>18%</span><span>的标准执行；客户期末权益</span><span>5</span><span>万元以上（包含）不足</span><span>10</span><span>万元的，其建仓保证金比例按照最低</span><span>12%</span><span>的标准执行；客户期末权益</span><span>10</span><span>万元以上（包含）不足</span><span>20</span><span>万元的，其建仓保证金比例按照最低</span><span>8%</span><span>的标准执行；客户期末权益</span><span>20</span><span>万元以上（包含）的，其建仓保证金比例按照最低</span><span>5%</span><span>的标准执行。客户交易的过程中，对于出现的下列情况之一的，交易所可以根据市场风险情况调整交易保证金的标准：</span></span></p>\r\n				<p style="text-indent:21pt;">\r\n					<span style="font-family:''宋体'';font-size:10.5pt;"><span>（一）持仓达到一定水平时；</span></span></p>\r\n				<p style="text-indent:21pt;">\r\n					<span style="font-family:''宋体'';font-size:10.5pt;"><span>（二）行情波动较大出现单边市时；</span></span></p>\r\n				<p style="text-indent:21pt;">\r\n					<span style="font-family:''宋体'';font-size:10.5pt;"><span>（三）遇国家法定的节假日时；</span></span></p>\r\n				<p style="text-indent:21pt;">\r\n					<span style="font-family:''宋体'';font-size:10.5pt;"><span>（四）交易所认为市场风险明显变化；</span></span></p>\r\n				<p style="text-indent:21pt;">\r\n					<span style="font-family:''宋体'';font-size:10.5pt;"><span>（五）交易所认为必要的其他情况。</span></span></p>\r\n				<p style="text-indent:21pt;">\r\n					<span style="font-family:''宋体'';font-size:10.5pt;"><span style="font-family:Microsoft YaHei;">交易所调整交易保证金标准的，在当日结算时对该品种的所有持仓按照调整后的交易保证金标准进行结算。连续三个交易日累计涨跌幅度超过</span><span>15%</span><span>时，交易所有权决定并公告是否采取单边或双边，同比例或不同比例，对部分会员或全部会员所属投资者提高交易保证金；单边或双边，同比例或不同比例，部分会员或全部会员提高买卖价差；暂停部分会员或全部会员开新仓；限制部分会员或全部会员提取资金、限期平仓、强行平仓、停市等措施中的一种或多种化解市场风险。</span></span></p>\r\n			</div>\r\n		</div>\r\n		<!--end--></div>\r\n	<ul>\r\n	</ul>\r\n</div>\r\n');

-- --------------------------------------------------------

--
-- 表的结构 `eca_article`
--

CREATE TABLE IF NOT EXISTS `eca_article` (
  `id` mediumint(8) NOT NULL,
  `content` text,
  PRIMARY KEY (`id`)
) ENGINE=MyISAM DEFAULT CHARSET=utf8;

--
-- 转存表中的数据 `eca_article`
--

INSERT INTO `eca_article` (`id`, `content`) VALUES
(5, '<p>\r\n	<strong style="color: rgb(51, 51, 51); font-family: Verdana, Arial, Helvetica, sans-serif, 宋体; font-size: 14px; line-height: 25.200000762939453px; background-color: rgb(247, 253, 255);">行情回顾</strong><br style="color: rgb(51, 51, 51); font-family: Verdana, Arial, Helvetica, sans-serif, 宋体; font-size: 14px; line-height: 25.200000762939453px; background-color: rgb(247, 253, 255);" />\r\n	<br style="color: rgb(51, 51, 51); font-family: Verdana, Arial, Helvetica, sans-serif, 宋体; font-size: 14px; line-height: 25.200000762939453px; background-color: rgb(247, 253, 255);" />\r\n	<span style="color: rgb(51, 51, 51); font-family: Verdana, Arial, Helvetica, sans-serif, 宋体; font-size: 14px; line-height: 25.200000762939453px; background-color: rgb(247, 253, 255);">昨日白银的走势如同笔者所预判的一样，盘整了这么久，暴跌终于回归，自欧盘前后银价迅速跳水，日内从高点19.51美元迅速下挫，美盘时段一度达到19.09美元这一近三个月以来的低位，跌幅达1.58%。</span><br style="color: rgb(51, 51, 51); font-family: Verdana, Arial, Helvetica, sans-serif, 宋体; font-size: 14px; line-height: 25.200000762939453px; background-color: rgb(247, 253, 255);" />\r\n	<br style="color: rgb(51, 51, 51); font-family: Verdana, Arial, Helvetica, sans-serif, 宋体; font-size: 14px; line-height: 25.200000762939453px; background-color: rgb(247, 253, 255);" />\r\n	<span style="color: rgb(51, 51, 51); font-family: Verdana, Arial, Helvetica, sans-serif, 宋体; font-size: 14px; line-height: 25.200000762939453px; background-color: rgb(247, 253, 255);">现货黄金同样遭遇暴跌，从1287.71美元一路下滑，1273美元的支撑轻而易举就被击穿，随后金价扩大跌幅至1262.77美元，录得跌幅达1.69%。</span><br style="color: rgb(51, 51, 51); font-family: Verdana, Arial, Helvetica, sans-serif, 宋体; font-size: 14px; line-height: 25.200000762939453px; background-color: rgb(247, 253, 255);" />\r\n	<br style="color: rgb(51, 51, 51); font-family: Verdana, Arial, Helvetica, sans-serif, 宋体; font-size: 14px; line-height: 25.200000762939453px; background-color: rgb(247, 253, 255);" />\r\n	<strong style="color: rgb(51, 51, 51); font-family: Verdana, Arial, Helvetica, sans-serif, 宋体; font-size: 14px; line-height: 25.200000762939453px; background-color: rgb(247, 253, 255);">热点解读</strong><br style="color: rgb(51, 51, 51); font-family: Verdana, Arial, Helvetica, sans-serif, 宋体; font-size: 14px; line-height: 25.200000762939453px; background-color: rgb(247, 253, 255);" />\r\n	<br style="color: rgb(51, 51, 51); font-family: Verdana, Arial, Helvetica, sans-serif, 宋体; font-size: 14px; line-height: 25.200000762939453px; background-color: rgb(247, 253, 255);" />\r\n	<span style="color: rgb(51, 51, 51); font-family: Verdana, Arial, Helvetica, sans-serif, 宋体; font-size: 14px; line-height: 25.200000762939453px; background-color: rgb(247, 253, 255);">昨日美国方面公布的众多经济数据当中最引人瞩目的要数8月ISM制造业PMI，数据显示，该数据录得59.0，为2011年3月以来最高，高于市场预期的56.8，前值为57.1；而分项指标中订单指数更是创十年新高，这就不难理解昨日黄金的暴跌了。</span><br style="color: rgb(51, 51, 51); font-family: Verdana, Arial, Helvetica, sans-serif, 宋体; font-size: 14px; line-height: 25.200000762939453px; background-color: rgb(247, 253, 255);" />\r\n	<br style="color: rgb(51, 51, 51); font-family: Verdana, Arial, Helvetica, sans-serif, 宋体; font-size: 14px; line-height: 25.200000762939453px; background-color: rgb(247, 253, 255);" />\r\n	<span style="color: rgb(51, 51, 51); font-family: Verdana, Arial, Helvetica, sans-serif, 宋体; font-size: 14px; line-height: 25.200000762939453px; background-color: rgb(247, 253, 255);">随着非农日的越来越近，市场的关注度也随之升温，各大机构纷纷亮出对此次非农的看法，虽然略有差别，但均是看好此番非农数据：</span><br style="color: rgb(51, 51, 51); font-family: Verdana, Arial, Helvetica, sans-serif, 宋体; font-size: 14px; line-height: 25.200000762939453px; background-color: rgb(247, 253, 255);" />\r\n	<br style="color: rgb(51, 51, 51); font-family: Verdana, Arial, Helvetica, sans-serif, 宋体; font-size: 14px; line-height: 25.200000762939453px; background-color: rgb(247, 253, 255);" />\r\n	<span style="color: rgb(51, 51, 51); font-family: Verdana, Arial, Helvetica, sans-serif, 宋体; font-size: 14px; line-height: 25.200000762939453px; background-color: rgb(247, 253, 255);">瑞信预期美国8月非农就业人口将新增23万人，失业率将由6.2%下降6.1%。高盛则预计8月非农将增加24万人，失业率将跌至6.1%。同时下调了对于欧元兑美元的基本面和资金流预期。</span><br style="color: rgb(51, 51, 51); font-family: Verdana, Arial, Helvetica, sans-serif, 宋体; font-size: 14px; line-height: 25.200000762939453px; background-color: rgb(247, 253, 255);" />\r\n	<br style="color: rgb(51, 51, 51); font-family: Verdana, Arial, Helvetica, sans-serif, 宋体; font-size: 14px; line-height: 25.200000762939453px; background-color: rgb(247, 253, 255);" />\r\n	<span style="color: rgb(51, 51, 51); font-family: Verdana, Arial, Helvetica, sans-serif, 宋体; font-size: 14px; line-height: 25.200000762939453px; background-color: rgb(247, 253, 255);">美银美林预计就业增长24.5万，失业率由6.2%降至6.1%。劳动力市场早些的指标不错，劳动力差异指数收窄至-12.4，更多人认为就业机会更多了。首请失业金人数仍保持在低水平，在30万左右，显示裁员情况并不严重。近期调查和工业生产数据显示，制造业就业增长将会强劲。预计失业率 将降至6.1%，逆转此前一月的涨势。</span><br style="color: rgb(51, 51, 51); font-family: Verdana, Arial, Helvetica, sans-serif, 宋体; font-size: 14px; line-height: 25.200000762939453px; background-color: rgb(247, 253, 255);" />\r\n	<br style="color: rgb(51, 51, 51); font-family: Verdana, Arial, Helvetica, sans-serif, 宋体; font-size: 14px; line-height: 25.200000762939453px; background-color: rgb(247, 253, 255);" />\r\n	<span style="color: rgb(51, 51, 51); font-family: Verdana, Arial, Helvetica, sans-serif, 宋体; font-size: 14px; line-height: 25.200000762939453px; background-color: rgb(247, 253, 255);">布朗兄弟哈里曼指出，从此前的各项经济数据综合表现来看，美国8月非农就业数据连续第七个月录得20万以上基本已是定局。而近期的各领域的数据也都凸显了美国经济进一步 趋向好转的状况。因此，继续向好的非农数据也将会对此后美联储的进一步政策决策前景产生相当的影响力。</span><br style="color: rgb(51, 51, 51); font-family: Verdana, Arial, Helvetica, sans-serif, 宋体; font-size: 14px; line-height: 25.200000762939453px; background-color: rgb(247, 253, 255);" />\r\n	<br style="color: rgb(51, 51, 51); font-family: Verdana, Arial, Helvetica, sans-serif, 宋体; font-size: 14px; line-height: 25.200000762939453px; background-color: rgb(247, 253, 255);" />\r\n	<span style="color: rgb(51, 51, 51); font-family: Verdana, Arial, Helvetica, sans-serif, 宋体; font-size: 14px; line-height: 25.200000762939453px; background-color: rgb(247, 253, 255);">巴克莱对于非农的预期最为谨慎，该行预计非农将仅增加20万人，失业率将降至6.1%，平均小时工资月率增长0.2%。法国巴黎银行则看好非农将增加22.5万人。</span><br style="color: rgb(51, 51, 51); font-family: Verdana, Arial, Helvetica, sans-serif, 宋体; font-size: 14px; line-height: 25.200000762939453px; background-color: rgb(247, 253, 255);" />\r\n	<br style="color: rgb(51, 51, 51); font-family: Verdana, Arial, Helvetica, sans-serif, 宋体; font-size: 14px; line-height: 25.200000762939453px; background-color: rgb(247, 253, 255);" />\r\n	<span style="color: rgb(51, 51, 51); font-family: Verdana, Arial, Helvetica, sans-serif, 宋体; font-size: 14px; line-height: 25.200000762939453px; background-color: rgb(247, 253, 255);">目前，美国非农就业人数增幅的3个月均值为24.5万，六个月均值为24.4万、12个月均值为21.4万，24个月均值为20.3万。而近期的就业人数增幅也因而已经超过了既往的历史平均水平，这也进一步印证了美国经济的向好前景。</span><br style="color: rgb(51, 51, 51); font-family: Verdana, Arial, Helvetica, sans-serif, 宋体; font-size: 14px; line-height: 25.200000762939453px; background-color: rgb(247, 253, 255);" />\r\n	<br style="color: rgb(51, 51, 51); font-family: Verdana, Arial, Helvetica, sans-serif, 宋体; font-size: 14px; line-height: 25.200000762939453px; background-color: rgb(247, 253, 255);" />\r\n	<strong style="color: rgb(51, 51, 51); font-family: Verdana, Arial, Helvetica, sans-serif, 宋体; font-size: 14px; line-height: 25.200000762939453px; background-color: rgb(247, 253, 255);">技术解盘</strong><br style="color: rgb(51, 51, 51); font-family: Verdana, Arial, Helvetica, sans-serif, 宋体; font-size: 14px; line-height: 25.200000762939453px; background-color: rgb(247, 253, 255);" />\r\n	<br style="color: rgb(51, 51, 51); font-family: Verdana, Arial, Helvetica, sans-serif, 宋体; font-size: 14px; line-height: 25.200000762939453px; background-color: rgb(247, 253, 255);" />\r\n	<span style="color: rgb(51, 51, 51); font-family: Verdana, Arial, Helvetica, sans-serif, 宋体; font-size: 14px; line-height: 25.200000762939453px; background-color: rgb(247, 253, 255);">从技术面上看，昨日的暴跌使得此前的跌势得以延续，笔者此前多次强调，银价上周的反弹动能非常不足，因此下跌是必然的。各均线系统仍然在上方构成了强有力的压制，银价在跌破19.30美元一线的支撑后刚好跌到了19.10美元的支撑位，这也和笔者的预判不谋而合，建议今日仍是逢高做空，阻力位19.30/19.50美元，支撑位18.90/18.60美元。</span><br style="color: rgb(51, 51, 51); font-family: Verdana, Arial, Helvetica, sans-serif, 宋体; font-size: 14px; line-height: 25.200000762939453px; background-color: rgb(247, 253, 255);" />\r\n	<br style="color: rgb(51, 51, 51); font-family: Verdana, Arial, Helvetica, sans-serif, 宋体; font-size: 14px; line-height: 25.200000762939453px; background-color: rgb(247, 253, 255);" />\r\n	<span style="color: rgb(51, 51, 51); font-family: Verdana, Arial, Helvetica, sans-serif, 宋体; font-size: 14px; line-height: 25.200000762939453px; background-color: rgb(247, 253, 255);">现货黄金以一根大阴线一举击穿1273美元的支撑，形态上瞬间转变为空头格局，金价的下一目标将会是再度挑战1240美元，因此近期一直保持高空的思路，今日阻力位1273美元，支撑位1255美元。</span></p>\r\n'),
(6, '<p style="margin: 1em 0px; padding: 0px; list-style: none; color: rgb(51, 51, 51); font-family: Verdana, Arial, Helvetica, sans-serif, 宋体; font-size: 14px; line-height: 25.200000762939453px; background-color: rgb(247, 253, 255);">\r\n	&nbsp;尽管今年7月和8月国际银价分别录得9.8%和4.4%的巨大跌幅，且白银ETF也跟随走低，但相信进入9月后形势将出现反转。事实上，最近一周银价已止住之前的六周连阴，暗示8月的下行动能已开始退散。分析师预计9月银价将展开反弹，且涨势可能维持至年底。<br />\r\n	&nbsp;</p>\r\n<p style="margin: 1em 0px; padding: 0px; list-style: none; color: rgb(51, 51, 51); font-family: Verdana, Arial, Helvetica, sans-serif, 宋体; font-size: 14px; line-height: 25.200000762939453px; background-color: rgb(247, 253, 255); text-align: center;">\r\n	<img alt="1.jpg" height="279" src="/ace/upload/img/20140908/20140908091654980.jpg" style="border: 0px; vertical-align: top;" width="390" /></p>\r\n<p style="margin: 1em 0px; padding: 0px; list-style: none; color: rgb(51, 51, 51); font-family: Verdana, Arial, Helvetica, sans-serif, 宋体; font-size: 14px; line-height: 25.200000762939453px; background-color: rgb(247, 253, 255);">\r\n	<br />\r\n	&nbsp;&nbsp;&nbsp; 至于为何做出这样的预测，分析师指出，其看涨白银的主因是最近两个月白银期货市场的活动。<br />\r\n	<br />\r\n	&nbsp;&nbsp;&nbsp; 根据数据显示，7月末期货市场的白银空头规模曾一度触底，随后投机者开始大量建立空头头寸，到7月29日空头规模已达12063张合约(约6300万盎司白银)。而最新数据显示，8月末空头规模几乎翻了一倍，至27646张合约(1.382亿盎司白银)，这也是7、8月银价连续下挫的原因。<br />\r\n	<br />\r\n	&nbsp;&nbsp;&nbsp; 不过，分析师认为，随着此前银价触及新低，而空头规模也涨至峰值，预计未来投机者将开始逐步清算空头，并建立新的多头头寸，这些都将推动银价展开强劲的反弹。</p>\r\n<p style="margin: 1em 0px; padding: 0px; list-style: none; color: rgb(51, 51, 51); font-family: Verdana, Arial, Helvetica, sans-serif, 宋体; font-size: 14px; line-height: 25.200000762939453px; background-color: rgb(247, 253, 255);">\r\n	&nbsp;&nbsp; 据下图所示，2014年银价(红线)和白银投机性空头合约规模呈很强的负相关性。空头规模曾在今年6月初触及2.449亿盎司的纪录高位，但随后受空头回补的推动，银价在6-7月中旬反弹超过14%，并在7月10日触及21.55美元/盎司的高位。</p>\r\n<p style="margin: 1em 0px; padding: 0px; list-style: none; color: rgb(51, 51, 51); font-family: Verdana, Arial, Helvetica, sans-serif, 宋体; font-size: 14px; line-height: 25.200000762939453px; background-color: rgb(247, 253, 255); text-align: center;">\r\n	<img alt="2.jpg" height="330" src="/ace/upload/img/20140908/20140908091655416.jpg" style="border: 0px; vertical-align: top;" width="390" /></p>\r\n<p style="margin: 1em 0px; padding: 0px; list-style: none; color: rgb(51, 51, 51); font-family: Verdana, Arial, Helvetica, sans-serif, 宋体; font-size: 14px; line-height: 25.200000762939453px; background-color: rgb(247, 253, 255);">\r\n	<br />\r\n	&nbsp;&nbsp;&nbsp; 分析师补充道，鉴于目前还不能确立空头规模是否已经触底，预计9月初银价还会承受一定下行压力。不过，一旦投资者开始空头回补，银价的反弹可能异常强势。<br />\r\n	<br />\r\n	&nbsp;&nbsp;&nbsp; Money Morning Resource贵金属专家Peter Krauth表示，&ldquo;预计9月之后银价反弹向22美元关口，如果后市能在该水平上方企稳，则今年年底极有可能触及23-24美元区域。&rdquo;</p>\r\n'),
(7, '<p>\r\n	<span style="color: rgb(51, 51, 51); font-family: Verdana, Arial, Helvetica, sans-serif, 宋体; font-size: 14px; line-height: 25.200000762939453px; background-color: rgb(247, 253, 255);">上周，国际现货黄金价格下探1273美元/盎司附近后强劲反弹，但仍受制于1300美元/盎司整数关口下方压制。虽然从消息面上，美国宏观因素表现强劲，但是在地缘政治和需求改善及技术面关键支撑的共同作用下，国际现货黄金月线收阳，进入传统表现强劲的九月。</span><br style="color: rgb(51, 51, 51); font-family: Verdana, Arial, Helvetica, sans-serif, 宋体; font-size: 14px; line-height: 25.200000762939453px; background-color: rgb(247, 253, 255);" />\r\n	<br style="color: rgb(51, 51, 51); font-family: Verdana, Arial, Helvetica, sans-serif, 宋体; font-size: 14px; line-height: 25.200000762939453px; background-color: rgb(247, 253, 255);" />\r\n	<strong style="color: rgb(51, 51, 51); font-family: Verdana, Arial, Helvetica, sans-serif, 宋体; font-size: 14px; line-height: 25.200000762939453px; background-color: rgb(247, 253, 255);">消息回顾：</strong><br style="color: rgb(51, 51, 51); font-family: Verdana, Arial, Helvetica, sans-serif, 宋体; font-size: 14px; line-height: 25.200000762939453px; background-color: rgb(247, 253, 255);" />\r\n	<br style="color: rgb(51, 51, 51); font-family: Verdana, Arial, Helvetica, sans-serif, 宋体; font-size: 14px; line-height: 25.200000762939453px; background-color: rgb(247, 253, 255);" />\r\n	<span style="color: rgb(51, 51, 51); font-family: Verdana, Arial, Helvetica, sans-serif, 宋体; font-size: 14px; line-height: 25.200000762939453px; background-color: rgb(247, 253, 255);">上周，美元方面，7月新屋销售意外跌至41.2万户，但咨商会消费者信心意外走强，并且美国二季度GDP年化季率强劲上修至4.2%，令市场大为吃惊。而地缘政治影响继续酝酿发酵，乌克兰以放弃不结盟地位，重启进入北约等因素向俄罗斯施加压力。而普京则以&ldquo;俄罗斯是核武器大国&rdquo;的言论予以回应。而英国《金融时报》29日报道，7个北约国家打算针对俄罗斯联合组建一支快速反应部队，规模至少为1万人，包括陆军、海军和空军。此消息也再度令市场避险情绪升温，使金银价格得到支撑。</span><br style="color: rgb(51, 51, 51); font-family: Verdana, Arial, Helvetica, sans-serif, 宋体; font-size: 14px; line-height: 25.200000762939453px; background-color: rgb(247, 253, 255);" />\r\n	<br style="color: rgb(51, 51, 51); font-family: Verdana, Arial, Helvetica, sans-serif, 宋体; font-size: 14px; line-height: 25.200000762939453px; background-color: rgb(247, 253, 255);" />\r\n	<strong style="color: rgb(51, 51, 51); font-family: Verdana, Arial, Helvetica, sans-serif, 宋体; font-size: 14px; line-height: 25.200000762939453px; background-color: rgb(247, 253, 255);">后市展望：</strong><br style="color: rgb(51, 51, 51); font-family: Verdana, Arial, Helvetica, sans-serif, 宋体; font-size: 14px; line-height: 25.200000762939453px; background-color: rgb(247, 253, 255);" />\r\n	<br style="color: rgb(51, 51, 51); font-family: Verdana, Arial, Helvetica, sans-serif, 宋体; font-size: 14px; line-height: 25.200000762939453px; background-color: rgb(247, 253, 255);" />\r\n	<span style="color: rgb(51, 51, 51); font-family: Verdana, Arial, Helvetica, sans-serif, 宋体; font-size: 14px; line-height: 25.200000762939453px; background-color: rgb(247, 253, 255);">进入本周风险事件众多，其中最重要的就是欧洲央行会议和&ldquo;非农&rdquo;。若欧洲央行推出更多宽松或者实施QE，短线或利空黄金，但中长期是对黄金利好。而非农则可能继续表现强劲，短期对黄金白银价格来说仍然起到打压作用。</span><br style="color: rgb(51, 51, 51); font-family: Verdana, Arial, Helvetica, sans-serif, 宋体; font-size: 14px; line-height: 25.200000762939453px; background-color: rgb(247, 253, 255);" />\r\n	<br style="color: rgb(51, 51, 51); font-family: Verdana, Arial, Helvetica, sans-serif, 宋体; font-size: 14px; line-height: 25.200000762939453px; background-color: rgb(247, 253, 255);" />\r\n	<span style="color: rgb(51, 51, 51); font-family: Verdana, Arial, Helvetica, sans-serif, 宋体; font-size: 14px; line-height: 25.200000762939453px; background-color: rgb(247, 253, 255);">而在实物需求方面，近期依然疲软的状态是金银价格始终没有起色的一大因素，而随着下半年各个节日的到来，实物需求可能会出现转机。印度财政部上周五通知，宣布将下调黄金及白银的进口基准关税价格。今年印度的排灯节在10月23日开始，这个假期会持续一周，通常是黄金旺季。黄金交易商们称，印度的需求已经有所起色，金价升水比一个月前有上升。</span><br style="color: rgb(51, 51, 51); font-family: Verdana, Arial, Helvetica, sans-serif, 宋体; font-size: 14px; line-height: 25.200000762939453px; background-color: rgb(247, 253, 255);" />\r\n	<br style="color: rgb(51, 51, 51); font-family: Verdana, Arial, Helvetica, sans-serif, 宋体; font-size: 14px; line-height: 25.200000762939453px; background-color: rgb(247, 253, 255);" />\r\n	<span style="color: rgb(51, 51, 51); font-family: Verdana, Arial, Helvetica, sans-serif, 宋体; font-size: 14px; line-height: 25.200000762939453px; background-color: rgb(247, 253, 255);">目前黄金远期汇率从之前的小幅负值上升到小幅正值，这是需求开始增长的信号。MKS的高级贵金属交易员Alex Thorndike称，香港和新加坡地区的金价升水在这一周有所增加，表明实物需求在改善。</span><br style="color: rgb(51, 51, 51); font-family: Verdana, Arial, Helvetica, sans-serif, 宋体; font-size: 14px; line-height: 25.200000762939453px; background-color: rgb(247, 253, 255);" />\r\n	<br style="color: rgb(51, 51, 51); font-family: Verdana, Arial, Helvetica, sans-serif, 宋体; font-size: 14px; line-height: 25.200000762939453px; background-color: rgb(247, 253, 255);" />\r\n	<strong style="color: rgb(51, 51, 51); font-family: Verdana, Arial, Helvetica, sans-serif, 宋体; font-size: 14px; line-height: 25.200000762939453px; background-color: rgb(247, 253, 255);">技术解盘：</strong><br style="color: rgb(51, 51, 51); font-family: Verdana, Arial, Helvetica, sans-serif, 宋体; font-size: 14px; line-height: 25.200000762939453px; background-color: rgb(247, 253, 255);" />\r\n	<br style="color: rgb(51, 51, 51); font-family: Verdana, Arial, Helvetica, sans-serif, 宋体; font-size: 14px; line-height: 25.200000762939453px; background-color: rgb(247, 253, 255);" />\r\n	<span style="color: rgb(51, 51, 51); font-family: Verdana, Arial, Helvetica, sans-serif, 宋体; font-size: 14px; line-height: 25.200000762939453px; background-color: rgb(247, 253, 255);">从技术面上看，黄金日图在三角形整理下轨上方获得支撑，但目前整体仍受阻于1300下方水平，若后市能突破整数关口，目标将看向1325/1330；反之，若持续受阻于此，料会重新测试下轨。而一旦下轨跌破，1240甚至其下方有较大概率被测试。</span><br style="color: rgb(51, 51, 51); font-family: Verdana, Arial, Helvetica, sans-serif, 宋体; font-size: 14px; line-height: 25.200000762939453px; background-color: rgb(247, 253, 255);" />\r\n	<br style="color: rgb(51, 51, 51); font-family: Verdana, Arial, Helvetica, sans-serif, 宋体; font-size: 14px; line-height: 25.200000762939453px; background-color: rgb(247, 253, 255);" />\r\n	<span style="color: rgb(51, 51, 51); font-family: Verdana, Arial, Helvetica, sans-serif, 宋体; font-size: 14px; line-height: 25.200000762939453px; background-color: rgb(247, 253, 255);">而在另一方面，在当前大宗商品价格普遍下跌的情况下，根据对原油、铜以及白银价格的对比，金价的合理估值应在1215美元，这意味着目前金价存在70美元的溢价，未来可能继续回吐。但随着时间的推移，价格即将触及下方支撑也令黄金面临方向性选择。</span></p>\r\n'),
(8, '<p>\r\n	<strong style="color: rgb(51, 51, 51); font-family: Verdana, Arial, Helvetica, sans-serif, 宋体; font-size: 14px; line-height: 25.200000762939453px; background-color: rgb(247, 253, 255);">行情回顾</strong><br style="color: rgb(51, 51, 51); font-family: Verdana, Arial, Helvetica, sans-serif, 宋体; font-size: 14px; line-height: 25.200000762939453px; background-color: rgb(247, 253, 255);" />\r\n	<br style="color: rgb(51, 51, 51); font-family: Verdana, Arial, Helvetica, sans-serif, 宋体; font-size: 14px; line-height: 25.200000762939453px; background-color: rgb(247, 253, 255);" />\r\n	<span style="color: rgb(51, 51, 51); font-family: Verdana, Arial, Helvetica, sans-serif, 宋体; font-size: 14px; line-height: 25.200000762939453px; background-color: rgb(247, 253, 255);">昨天自开盘后银价一路不断上涨，欧盘前后更是刷新了半个月以来的新高至19.90美元一线，然而，晚间美国方面强劲的经济数据沉重打压了白银的涨势，空头迅速的收回了几乎全部的涨幅，最终是收盘在19.52美元，微涨0.29%，日线收取一根上影线非常长的小阳线。</span><br style="color: rgb(51, 51, 51); font-family: Verdana, Arial, Helvetica, sans-serif, 宋体; font-size: 14px; line-height: 25.200000762939453px; background-color: rgb(247, 253, 255);" />\r\n	<br style="color: rgb(51, 51, 51); font-family: Verdana, Arial, Helvetica, sans-serif, 宋体; font-size: 14px; line-height: 25.200000762939453px; background-color: rgb(247, 253, 255);" />\r\n	<span style="color: rgb(51, 51, 51); font-family: Verdana, Arial, Helvetica, sans-serif, 宋体; font-size: 14px; line-height: 25.200000762939453px; background-color: rgb(247, 253, 255);">现货黄金的涨势更加凌厉，最高一度达到了1296.55美元，虽收盘时有所回落但仍报收于1289.52美元，录得涨幅0.52%，日线收取带有上影线的大阳线。</span><br style="color: rgb(51, 51, 51); font-family: Verdana, Arial, Helvetica, sans-serif, 宋体; font-size: 14px; line-height: 25.200000762939453px; background-color: rgb(247, 253, 255);" />\r\n	<br style="color: rgb(51, 51, 51); font-family: Verdana, Arial, Helvetica, sans-serif, 宋体; font-size: 14px; line-height: 25.200000762939453px; background-color: rgb(247, 253, 255);" />\r\n	<strong style="color: rgb(51, 51, 51); font-family: Verdana, Arial, Helvetica, sans-serif, 宋体; font-size: 14px; line-height: 25.200000762939453px; background-color: rgb(247, 253, 255);">热点解读</strong><br style="color: rgb(51, 51, 51); font-family: Verdana, Arial, Helvetica, sans-serif, 宋体; font-size: 14px; line-height: 25.200000762939453px; background-color: rgb(247, 253, 255);" />\r\n	<br style="color: rgb(51, 51, 51); font-family: Verdana, Arial, Helvetica, sans-serif, 宋体; font-size: 14px; line-height: 25.200000762939453px; background-color: rgb(247, 253, 255);" />\r\n	<span style="color: rgb(51, 51, 51); font-family: Verdana, Arial, Helvetica, sans-serif, 宋体; font-size: 14px; line-height: 25.200000762939453px; background-color: rgb(247, 253, 255);">昨日欧市盘中贵金属出现暴涨主要是受到地缘局势的影响，乌克兰总统波罗申科宣称俄罗斯军队已入侵乌克兰，引发避险需求升温。不过随后路透删除了入侵字眼。黄金则迅速反弹走高刷新自8月20日以来高点至1295.4美元/盎司。如果紧张局势进一步恶化的话，黄金或有更多反弹空间。</span><br style="color: rgb(51, 51, 51); font-family: Verdana, Arial, Helvetica, sans-serif, 宋体; font-size: 14px; line-height: 25.200000762939453px; background-color: rgb(247, 253, 255);" />\r\n	<br style="color: rgb(51, 51, 51); font-family: Verdana, Arial, Helvetica, sans-serif, 宋体; font-size: 14px; line-height: 25.200000762939453px; background-color: rgb(247, 253, 255);" />\r\n	<span style="color: rgb(51, 51, 51); font-family: Verdana, Arial, Helvetica, sans-serif, 宋体; font-size: 14px; line-height: 25.200000762939453px; background-color: rgb(247, 253, 255);">经济数据方面，昨晚美国商务部公布的数据显示，美国第二季度经济反弹幅度较原先预估更为强劲，企业投资增长为两年多来最大，这对2014年余下时间而言是个好兆头。数据显示，美国第二季度实际国内生产总值（GDP）年化季率上修为增长4.2%，创2013年第三季度以来最快增速，初值为增长4.0%；经济学家此前预期会下修至增长3.9%。此外，美国8月23日当周初请失业金人数29.8万，预期值30.0万，前值由29.8万修正为29.9万。</span><br style="color: rgb(51, 51, 51); font-family: Verdana, Arial, Helvetica, sans-serif, 宋体; font-size: 14px; line-height: 25.200000762939453px; background-color: rgb(247, 253, 255);" />\r\n	<br style="color: rgb(51, 51, 51); font-family: Verdana, Arial, Helvetica, sans-serif, 宋体; font-size: 14px; line-height: 25.200000762939453px; background-color: rgb(247, 253, 255);" />\r\n	<span style="color: rgb(51, 51, 51); font-family: Verdana, Arial, Helvetica, sans-serif, 宋体; font-size: 14px; line-height: 25.200000762939453px; background-color: rgb(247, 253, 255);">就业和GDP数据均表现强势显示美国经济复苏前景依然保持强势，这或为美联储提前加息提供良好的指引。不过在新的非农数据公布之前，美元指数在高位有所犹豫不决。技术面显示，如果多头无法快速上破82.73阻力的话，回落风险将逐渐加大，下方支撑见于82.33/30，随后是82.00的整数水平。</span><br style="color: rgb(51, 51, 51); font-family: Verdana, Arial, Helvetica, sans-serif, 宋体; font-size: 14px; line-height: 25.200000762939453px; background-color: rgb(247, 253, 255);" />\r\n	<br style="color: rgb(51, 51, 51); font-family: Verdana, Arial, Helvetica, sans-serif, 宋体; font-size: 14px; line-height: 25.200000762939453px; background-color: rgb(247, 253, 255);" />\r\n	<strong style="color: rgb(51, 51, 51); font-family: Verdana, Arial, Helvetica, sans-serif, 宋体; font-size: 14px; line-height: 25.200000762939453px; background-color: rgb(247, 253, 255);">技术解盘</strong><br style="color: rgb(51, 51, 51); font-family: Verdana, Arial, Helvetica, sans-serif, 宋体; font-size: 14px; line-height: 25.200000762939453px; background-color: rgb(247, 253, 255);" />\r\n	<br style="color: rgb(51, 51, 51); font-family: Verdana, Arial, Helvetica, sans-serif, 宋体; font-size: 14px; line-height: 25.200000762939453px; background-color: rgb(247, 253, 255);" />\r\n	<span style="color: rgb(51, 51, 51); font-family: Verdana, Arial, Helvetica, sans-serif, 宋体; font-size: 14px; line-height: 25.200000762939453px; background-color: rgb(247, 253, 255);">进入本周以来笔者就曾多次强调银价有可能面临大幅度的向上回调，果不其然，昨日的回调幅度就非常大，一度上破10日以及20日均线的压制，然而日线上长长的上影线也在告诉我们，白银多头的上行动能非常不足，反弹之势难以持续，所以操作上仍是建议以逢高进空为主，关注阻力位19.75/19.90美元，支撑位19.30/19.10美元。</span><br style="color: rgb(51, 51, 51); font-family: Verdana, Arial, Helvetica, sans-serif, 宋体; font-size: 14px; line-height: 25.200000762939453px; background-color: rgb(247, 253, 255);" />\r\n	<br style="color: rgb(51, 51, 51); font-family: Verdana, Arial, Helvetica, sans-serif, 宋体; font-size: 14px; line-height: 25.200000762939453px; background-color: rgb(247, 253, 255);" />\r\n	<span style="color: rgb(51, 51, 51); font-family: Verdana, Arial, Helvetica, sans-serif, 宋体; font-size: 14px; line-height: 25.200000762939453px; background-color: rgb(247, 253, 255);">现货黄金方面，昨日最高点刚好触及20日均线的压制，这说明上方阻力非常大，然而，下方支撑亦非常强劲，并且从MACD来看，绿柱动能即将缩减殆尽，快慢线也有望金叉向上，行情走势有些偏多，所以操作上以逢低进多为主，一旦上破1296美元则可大胆持有。</span></p>\r\n'),
(9, '<p style="margin: 1em 0px; padding: 0px; list-style: none; color: rgb(51, 51, 51); font-family: Verdana, Arial, Helvetica, sans-serif, 宋体; font-size: 14px; line-height: 25.200000762939453px; background-color: rgb(247, 253, 255);">\r\n	<strong>消息解读：</strong></p>\r\n<p style="margin: 1em 0px; padding: 0px; list-style: none; color: rgb(51, 51, 51); font-family: Verdana, Arial, Helvetica, sans-serif, 宋体; font-size: 14px; line-height: 25.200000762939453px; background-color: rgb(247, 253, 255);">\r\n	　　昨日在经济数据方面较为清淡，而地缘政治紧张状态却依然持续。在巴以方面，自双方达成长期停火协议之后，紧张的局势也有所缓和。不过，尽管已停火，以色列军仍然在约旦河西岸逮捕了9名巴勒斯坦人。以色列总理Netanyahu表示，现在判断停火协议能否长期持续下去还为时尚早。</p>\r\n<p style="margin: 1em 0px; padding: 0px; list-style: none; color: rgb(51, 51, 51); font-family: Verdana, Arial, Helvetica, sans-serif, 宋体; font-size: 14px; line-height: 25.200000762939453px; background-color: rgb(247, 253, 255);">\r\n	　　伊拉克方面，伊拉克政府军和伊斯兰国叛乱分子仍然在战斗。联合国调查人员表示，叙利亚政府和伊斯兰国叛乱分子在互相犯下战争罪和反人类罪。在IS控制的区域，公开执刑已成为司空见惯的现象。</p>\r\n<p style="margin: 1em 0px; padding: 0px; list-style: none; color: rgb(51, 51, 51); font-family: Verdana, Arial, Helvetica, sans-serif, 宋体; font-size: 14px; line-height: 25.200000762939453px; background-color: rgb(247, 253, 255);">\r\n	　　而乌克兰方面，俄乌两国会谈之后，市场的避险情绪有所降温。俄罗斯总统普京对与乌克兰总统波罗申科会谈给予积极评价，称双方商定会加紧开展俄乌欧三边工作小组的工作。俄罗斯外长表示，最重要的是各方要停止战斗。俄罗斯十分确定对乌克兰即将到来的援助将不会是最后一次。</p>\r\n<p style="margin: 1em 0px; padding: 0px; list-style: none; color: rgb(51, 51, 51); font-family: Verdana, Arial, Helvetica, sans-serif, 宋体; font-size: 14px; line-height: 25.200000762939453px; background-color: rgb(247, 253, 255);">\r\n	<strong>技术解盘：</strong></p>\r\n<p style="margin: 1em 0px; padding: 0px; list-style: none; color: rgb(51, 51, 51); font-family: Verdana, Arial, Helvetica, sans-serif, 宋体; font-size: 14px; line-height: 25.200000762939453px; background-color: rgb(247, 253, 255);">\r\n	　　从技术面来看，昨日国际现货黄金价格冲高回落显示近期方向仍然向下，但但短期反弹有望持续。从均线系统中看，空头排列态势完整，短期价格受到5日均线的压制。布林系统中，价格位于布林下轨位置附近，表明目前价格依然偏弱。</p>\r\n<p style="margin: 1em 0px; padding: 0px; list-style: none; color: rgb(51, 51, 51); font-family: Verdana, Arial, Helvetica, sans-serif, 宋体; font-size: 14px; line-height: 25.200000762939453px; background-color: rgb(247, 253, 255);">\r\n	　　而在现货白银方面，距离年内低点18.60美元/盎司仅一步之遥。但短期有筑底迹象，建议投资者关注。在目前消息面利空，交投较为清淡的情况下出现转势的可能性不大，但后市短暂盘整后有望迎来新一轮反弹。</p>\r\n'),
(10, '<p style="margin: 1em 0px; padding: 0px; list-style: none; color: rgb(51, 51, 51); font-family: Verdana, Arial, Helvetica, sans-serif, 宋体; font-size: 14px; line-height: 25.200000762939453px; background-color: rgb(247, 253, 255);">\r\n	　　铜期货周一微幅走高，对于中国可能推出刺激举措的期望抵消了弱于预期的美国住房销售数据带来的影响。</p>\r\n<p style="margin: 1em 0px; padding: 0px; list-style: none; color: rgb(51, 51, 51); font-family: Verdana, Arial, Helvetica, sans-serif, 宋体; font-size: 14px; line-height: 25.200000762939453px; background-color: rgb(247, 253, 255);">\r\n	　　纽约商品交易所Comex分部九月铜期货涨1.35美分，至3.2180美元/磅，涨幅0.4%，为8月4日以来的最高结算价。</p>\r\n<p style="margin: 1em 0px; padding: 0px; list-style: none; color: rgb(51, 51, 51); font-family: Verdana, Arial, Helvetica, sans-serif, 宋体; font-size: 14px; line-height: 25.200000762939453px; background-color: rgb(247, 253, 255);">\r\n	　　投资者仍期望未来几个月中国将宣布一些刺激举措以提振经济。最新公布的数据显示，中国制造业活动步伐降至三个月低点，同时住房价格继续下跌。</p>\r\n<p style="margin: 1em 0px; padding: 0px; list-style: none; color: rgb(51, 51, 51); font-family: Verdana, Arial, Helvetica, sans-serif, 宋体; font-size: 14px; line-height: 25.200000762939453px; background-color: rgb(247, 253, 255);">\r\n	　　不过，美国公布7月份预售屋销量下降2.4%後，铜价回吐了早盘的一些涨幅。</p>\r\n'),
(11, '<p style="margin: 1em 0px; padding: 0px; list-style: none; color: rgb(51, 51, 51); font-family: Verdana, Arial, Helvetica, sans-serif, 宋体; font-size: 14px; line-height: 25.200000762939453px; background-color: rgb(247, 253, 255);">\r\n	　　盘面走势，周五夜盘铝小幅下跌，沪铝主力1410下跌20元/吨至14310元/吨，跌幅为0.14%；美元指数上涨0.22%至82.331；标普指数上涨1.71%。</p>\r\n<p style="margin: 1em 0px; padding: 0px; list-style: none; color: rgb(51, 51, 51); font-family: Verdana, Arial, Helvetica, sans-serif, 宋体; font-size: 14px; line-height: 25.200000762939453px; background-color: rgb(247, 253, 255);">\r\n	　　消息面，昨日中欧制造业PMI表现不佳，而美国8月Markit制造业PMI初值好于预期，且创逾4年来最快，此外美国时间周五上午将召开全球央行年会，市场对此表现出谨慎情绪，因预期各国央行的货币政策继续分化，其中英美货币政策偏强，而欧日偏宽松。铝市行业资讯方面，据悉，俄铝已开始同日本买家进行谈判，计划将第四季度铝升水上调至创记录的460美元/吨，因需求走强且海外升水更高昂。</p>\r\n<p style="margin: 1em 0px; padding: 0px; list-style: none; color: rgb(51, 51, 51); font-family: Verdana, Arial, Helvetica, sans-serif, 宋体; font-size: 14px; line-height: 25.200000762939453px; background-color: rgb(247, 253, 255);">\r\n	<br />\r\n	　　现货方面，8月22日长江现铝报14220-14260元/吨，贴水65-贴水25元/吨，贴水较21日略缩。</p>\r\n<p style="margin: 1em 0px; padding: 0px; list-style: none; color: rgb(51, 51, 51); font-family: Verdana, Arial, Helvetica, sans-serif, 宋体; font-size: 14px; line-height: 25.200000762939453px; background-color: rgb(247, 253, 255);">\r\n	　　行情研判，周五夜盘沪铝振荡持稳，延续短期反弹。短期宏观经济基本面喜忧参半，但铝市供应收缩预期持续提供提振，令沪铝企稳于14300元之上。建议沪铝1410合约背靠14250元之上逢低多，上方目标关注14500元。</p>\r\n'),
(12, '<p>\r\n	<span style="color: rgb(51, 51, 51); font-family: Verdana, Arial, Helvetica, sans-serif, 宋体; font-size: 14px; line-height: 25.200000762939453px; background-color: rgb(247, 253, 255);">&nbsp; &nbsp; 周四，伦铜盘中先跌后涨高位震荡运行，，收盘报7027.25，微涨9.25美元/0.13%，沪铜1410夜盘暂报50390元。当前铜价大幅拉高后震荡整理，正要逐步消化涨幅，最新公布中欧疲弱的经济数据影响有限，因刺激上涨的现货紧俏因素仍持续，铜价短期多次反复，做短线单边的难度较大，预计未来将宽幅震荡等待更多方向性指引，操作上建议短空离场观望，前期盈利的卖铜多铝组合止盈离场。</span></p>\r\n'),
(13, '<table border="0" cellpadding="0" cellspacing="0" style="color: rgb(51, 51, 51); font-family: Verdana, Arial, Helvetica, sans-serif, 宋体; line-height: 18px; background-color: rgb(247, 253, 255);" width="100%">\r\n	<tbody>\r\n		<tr>\r\n			<td id="text" style="font-size: 14px; line-height: 1.8;">\r\n				<p style="margin: 1em 0px; padding: 0px; list-style: none;">\r\n					基本面：</p>\r\n				<p style="margin: 1em 0px; padding: 0px; list-style: none;">\r\n					　　继8月NAHB房产市场指数创7个月新高后，昨日住房市场数据同样表现靓丽。7月新屋开工总数年化和营建许可总数分别录得109.3万户和105.2万户，表现双双超预期。美国是第二大铜消费国，住房市场强劲利好铜价。同时，数据扭转市场对住房市场的悲观情绪，也有望令美国经济增长预期上修，美元指数受提振大涨，令铜等大宗商品承压。</p>\r\n				<p style="margin: 1em 0px; padding: 0px; list-style: none;">\r\n					<br />\r\n					　　另外，虽然中国7月经济数据不佳，同时铜融资需求下降，但下半年经济是否走弱不能仅凭一个月的数据做出判断。因而，铜空头趋势需要更多基本面因素推动。</p>\r\n				<p style="margin: 1em 0px; padding: 0px; list-style: none;">\r\n					　　技术上：</p>\r\n				<p style="margin: 1em 0px; padding: 0px; list-style: none;">\r\n					　　铜经历长期下跌之后，此前上涨突破11年高位以来的下降趋势线压制；虽然短线出现回踩下降趋势线，但这并非中长线空头信号，相反会是中线做多机会。</p>\r\n				<p style="margin: 1em 0px; padding: 0px; list-style: none;">\r\n					　　从铜的周线看，下方有近期上升趋势线及20周均线在42200附近支撑。</p>\r\n				<p style="margin: 1em 0px; padding: 0px; list-style: none;">\r\n					　　操作上，建议等下破42000&mdash;42200区间确立空头趋势后，跟进放空；多头等上破42800后，跟进做多；42000&mdash;42800区间内建议观望。</p>\r\n			</td>\r\n		</tr>\r\n	</tbody>\r\n</table>\r\n<p>\r\n	&nbsp;</p>\r\n'),
(14, '<table border="0" cellpadding="0" cellspacing="0" style="color: rgb(51, 51, 51); font-family: Verdana, Arial, Helvetica, sans-serif, 宋体; line-height: 18px; background-color: rgb(247, 253, 255);" width="100%">\r\n	<tbody>\r\n		<tr>\r\n			<td id="text" style="font-size: 14px; line-height: 1.8;">\r\n				<p style="margin: 10px 0px 0px; padding: 0px; list-style: none; widows: 2; background-color: rgb(255, 255, 255); line-height: 22px; font-family: 宋体; orphans: 2;">\r\n					目前白银价格是4.071/克。诚如我们昨日所说，白银维持震荡走势，等待空头力量重新聚集。今日白天价格仍将继续震荡为主，晚间将迎来三大数据：美国ADP数据（非农数据先行指标）、美国第二季度GDP数据（经济复苏指标）、美联储利率决议（货币政策指标）。以上三大数据对于白银价格具有重要指导意义，可直接影响资金流入或流出金银市场，从而推升或打压白银价格。故建议投资者白天应保持观望，晚间待数据出炉后可进场操作，激进者白天顺应技术面提前布局空单，布局空单点位依然在4.1～4.12之间，止损放大至多空分水岭4.21上方，第一目标看3.98附近离场。如下图所示为白银日线走势图，虽当前价格横盘整理，但整体趋势仍处于下跌通道之中，昨日白银测试通道上沿收盘十字星后，未来银价有望测试通道下沿。今日通道上沿压制为4.12附近，下沿支撑为3.98附近，故而推断今日行情波动范围在3.98～4.12之间，建议此区间内投资者选择以反弹逢高做空为主，高抛低吸为辅。下方3.98为中线50%强弱分水岭重合点位，空单见此处应及时离场观望。至于行情能否在强弱分水岭3.98附近筑底反转，仍需观察数日后才能判断，因此投资者不应急于抄底。以上 建议仅供参考， 不作为下单依据。</p>\r\n				<p style="margin: 10px 0px 0px; padding: 0px; list-style: none; text-align: center; widows: 2; background-color: rgb(255, 255, 255); line-height: 22px; font-family: 宋体; orphans: 2;">\r\n					<img alt="1.jpg" height="545" src="/ace/upload/img/20140908/20140908092056614.jpg" style="border: 0px; vertical-align: top;" width="1042" /></p>\r\n				<div style="padding: 0px; widows: 2; background-color: rgb(255, 255, 255); margin: 0px; line-height: 22px; font-family: 宋体; orphans: 2;">\r\n					基本面方面：在本周连续两个交易日清淡的情况下，今日晚间将迎来超级周首个连续重磅消息，晚间三大数据成为投资者关注重点，分别是：美国ADP数据，此处据对于非农数据具有绝对指导意义，在形式上被称为&ldquo;非农数据的先行指标&rdquo;，因而ADP数据的好坏，直接影响投资者对于本周五非农的预期，从而可能因此产生一轮预期行情；其次是美国第二季度GDP数据，该数据体现过去一个季度美联储缩减QE后美国经济复苏状况，若经济复苏良好，则可能加速美联储2015年加息步伐，从而打压白银价格。反之，若数据表现疲软，则美联储有可能重新评估加息时间，利多白银价格；另一个关注重点是美联储利率决议，该决议最直接体现出美联储货币政策的实施，也是最直接影响资金流入或流出金银市场的重磅消息。<br style="padding: 0px; margin: 0px;" />\r\n					<br style="padding: 0px; margin: 0px;" />\r\n					<strong style="padding: 0px; margin: 0px;">今日整体策略：市场依然在按照缓慢震荡下跌的步伐在运行，虽然昨日价格冲高，但面临众多阻力汇聚点4.11～4.12之间，最终收盘十字星。今日价格阻力依然位于此处，行情运行空间不大，重点关注区间3.98～4.12之间，其中晚间价格受到众多消息的影响非常有可能回踩3.98附近，因而白天可提前在4.1上方布局空单，若无布局空单机会，建议投资者继续观望为主。晚间价格若回踩3.98附近亦可反手轻仓试盘多单，止损3～4分，此处为中线支撑点位，行情与此有望迎来一轮反弹的概率较大。今日总体操作思路为先空后多，若价格快速下破3.98，则放弃做多。</strong><br style="padding: 0px; margin: 0px;" />\r\n					<br style="padding: 0px; margin: 0px;" />\r\n					当前趋势：短线下跌，中线趋势看涨，月线阻力线被突破，近三年下跌趋势遭破坏。<br style="padding: 0px; margin: 0px;" />\r\n					<br style="padding: 0px; margin: 0px;" />\r\n					今日支撑阻力：阻力：4.1～4.12、4.17、4.21 支撑 3.98附近、3.93、3.82～3.83。<br style="padding: 0px; margin: 0px;" />\r\n					<br style="padding: 0px; margin: 0px;" />\r\n					白银中长线分析：<br style="padding: 0px; margin: 0px;" />\r\n					<br style="padding: 0px; margin: 0px;" />\r\n					今日中长线轻仓者可在3.98附近加仓一成仓位的多单，重仓者白天反弹4.1上方继续减仓多单，待价格回落3.98附近开始补仓。目前整体走势仍未出现任何筑底信号，因而3.98附近的加仓仅为战略性加仓，短期内无法获利甚至面临亏损，建议轻仓为主。 （金莱仕分析师认为方向选择对，再高的点位，也是相对较 低 的点位；方向选择错，再低的在点位，也是相对较高的点位）。<br style="padding: 0px; margin: 0px;" />\r\n					<br style="padding: 0px; margin: 0px;" />\r\n					白银短线分析：（反弹做空为主，高抛低吸为辅）<br style="padding: 0px; margin: 0px;" />\r\n					<br style="padding: 0px; margin: 0px;" />\r\n					1.价格反弹4.1～4.12之间进场做空，止损多空分水岭4.21上方，目标看3.98，破位看3.93。<br style="padding: 0px; margin: 0px;" />\r\n					<br style="padding: 0px; margin: 0px;" />\r\n					2.价格继续反弹4.17加仓空单，止损多空分水岭4.21上方，目标看3.98，破位同上。<br style="padding: 0px; margin: 0px;" />\r\n					<br style="padding: 0px; margin: 0px;" />\r\n					3.激进者日内价格首次触及3.98附近可轻仓试盘多单，止损3～4分，目标看4.1上方离场。<br style="padding: 0px; margin: 0px;" />\r\n					<br style="padding: 0px; margin: 0px;" />\r\n					4.其余点位建议观望，激进者可于4.1上方分批做空，统一止损4.21上，预计后市仍有下行空间。<br style="padding: 0px; margin: 0px;" />\r\n					<br style="padding: 0px; margin: 0px;" />\r\n					策略思路：今日建议先空后多，在4.1上方做空，在4元下方离场反手做多。晚间公布众多经济数据，稳健者可等待三大消息公布完毕后再顺势进场，若消息无明确指引方向，则建议反弹4.1上方顺应技术面逢高做空为主。</div>\r\n			</td>\r\n		</tr>\r\n	</tbody>\r\n</table>\r\n<p>\r\n	&nbsp;</p>\r\n');
INSERT INTO `eca_article` (`id`, `content`) VALUES
(15, '<table border="0" cellpadding="0" cellspacing="0" style="color: rgb(51, 51, 51); font-family: Verdana, Arial, Helvetica, sans-serif, 宋体; line-height: 18px; background-color: rgb(247, 253, 255);" width="100%">\r\n	<tbody>\r\n		<tr>\r\n			<td id="text" style="font-size: 14px; line-height: 1.8;">\r\n				<p style="margin: 10px 0px 0px; padding: 0px; list-style: none; widows: 2; background-color: rgb(255, 255, 255); line-height: 22px; font-family: 宋体; orphans: 2;">\r\n					目前白银价格是4.074/克。昨日白银维持震荡走势，由于4小时下跌动能有所衰减，短期内价格暂无快速下跌需求，预计今日仍维持震荡下跌的概率较大。今日关注区间3.98～4.14之间，可待价格反弹4.1～4.14之间布局空单，统一止损多空分水岭4.21上方，第一目标3.98。如下图所示为白银4小时走势图，当前价格正处在下跌通道之中运行，短线操作应坚定逢高做空，切勿盲目抄底。图中所示下跌动能指标MACD放量不足，预示短期内行情将沿着下跌通道缓慢震荡下行，以此修复指标重新聚集空头力量，经过震荡下跌后行情有望迎来第三次快速下跌。本周消息面云集，特别非农数据将主导行情走势，在非农数据公布之前，预计白银均保持小幅度震荡下跌的概率较大，此时投资者可选择反弹减仓和提前布局空单为主。随着下跌通道不断下移，其阻力重点集中在4.1上方，故而激进者可采取4.1上方分批布局空单的策略，统一止损多空分水岭4.21上。未来价格若突破4.21则短线行情将出现企稳止跌信号。以上建议仅供参考， 不作为下单依据。</p>\r\n				<p style="margin: 10px 0px 0px; padding: 0px; list-style: none; text-align: center; widows: 2; background-color: rgb(255, 255, 255); line-height: 22px; font-family: 宋体; orphans: 2;">\r\n					<img alt="1.jpg" height="571" src="/ace/upload/img/20140908/20140908092139575.jpg" style="border: 0px; vertical-align: top;" width="629" /></p>\r\n				<div style="padding: 0px; widows: 2; background-color: rgb(255, 255, 255); margin: 0px; line-height: 22px; font-family: 宋体; orphans: 2;">\r\n					基本面方面：在本周美国市场诸多关键消息事件即将出炉前，投资者的谨慎心态盖过了一切，在确切的消息出炉之前，投资者不愿持有过重的多头或者空头仓位,整体白银市场持观望态势，交投略清淡。本周三美联储即将发布新一期的政策决定，届时，量化宽松措施在年内结束的前景就有望进一步得到明朗化，同时，美联储或也会对在明年的加息预期有所透露，这可能会对市场造成相当的微妙影响。美联储本周的政策决定措辞将会对此后的金融市场走势起到指向性的影响，若加息预期增强，则将继续打压白银价格，这也是本周首个重大消息公布，届时投资者可重点关注。<br style="padding: 0px; margin: 0px;" />\r\n					<br style="padding: 0px; margin: 0px;" />\r\n					<strong style="padding: 0px; margin: 0px;">今日整体策略：市场正等待重大消息接踵而至，因而今日继续延续谨慎观望情绪浓厚。由于当前技术面看空形态成型，后市除非消息面大幅利多，否则行情延续跌势概率较大，激进者可于近期反弹4.1上方分批轻仓布局空单，等待消息公布后若如期利空，可继续加仓，否则离场。今日价格若提前快速下跌至3.98～3.99附近，将遭遇重大支撑，且4小时走势将面临底背离，届时空单需大幅离场，激进者可反手抢短线多单。周线图指示本周价格在3.97～4.12之间波动的概率较大，以此推断，本周行情总体维持震荡走势的可能性较高，因而价格触及3.98附近应及时离场。</strong><br style="padding: 0px; margin: 0px;" />\r\n					<br style="padding: 0px; margin: 0px;" />\r\n					当前趋势：短线下跌，中线趋势看涨，月线阻力线被突破，近三年下跌趋势遭破坏。<br style="padding: 0px; margin: 0px;" />\r\n					<br style="padding: 0px; margin: 0px;" />\r\n					今日支撑阻力：阻力：4.1～4.14密集阻力带、4.17、4.21 支撑3.98～3.99大支撑、3.93、3.82～3.83。<br style="padding: 0px; margin: 0px;" />\r\n					<br style="padding: 0px; margin: 0px;" />\r\n					白银中长线分析：<br style="padding: 0px; margin: 0px;" />\r\n					中长线今日暂不加仓多单，可于区间3.98～4.14之间高抛低吸拉底均价，其中下方3.98～3.99适合加仓短线多单，上方4.1～4.14适合加仓短线空单。 （金莱仕分析师认为方向选择对，再高的点位，也是相对较 低 的点位；方向选择错，再低的在点位，也是相对较高的点位）。<br style="padding: 0px; margin: 0px;" />\r\n					<br style="padding: 0px; margin: 0px;" />\r\n					白银短线分析：（反弹做空为主，高抛低吸为辅）<br style="padding: 0px; margin: 0px;" />\r\n					<br style="padding: 0px; margin: 0px;" />\r\n					1.价格反弹4.1～4.14之间进场做空，止损多空分水岭4.21上方，目标看3.98，破位看3.93。<br style="padding: 0px; margin: 0px;" />\r\n					<br style="padding: 0px; margin: 0px;" />\r\n					2.价格继续反弹4.17加仓空单，止损多空分水岭4.21上方，目标看3.98，破位同上。<br style="padding: 0px; margin: 0px;" />\r\n					<br style="padding: 0px; margin: 0px;" />\r\n					3.激进者日内价格首次触及3.98～3.99附近可轻仓试盘多单，止损3～4分，目标看4.1上方离场。<br style="padding: 0px; margin: 0px;" />\r\n					<br style="padding: 0px; margin: 0px;" />\r\n					4.其余点位建议观望，激进者可于4.1上方分批做空，统一止损4.21上，预计后市仍有下行空间。<br style="padding: 0px; margin: 0px;" />\r\n					<br style="padding: 0px; margin: 0px;" />\r\n					策略思路：今日建议先空后多，在4.1上方做空，在4元下方离场反手做多。由于周线图指示本周波动区间有限，因而不排除本周行情在区间3.97～4.12之间震荡的可能性，加之近期下跌动能指标衰减，暂无快速下跌需求，因而短线操作需快进快出。</div>\r\n			</td>\r\n		</tr>\r\n	</tbody>\r\n</table>\r\n<p>\r\n	&nbsp;</p>\r\n'),
(16, '<table border="0" cellpadding="0" cellspacing="0" style="color: rgb(51, 51, 51); font-family: Verdana, Arial, Helvetica, sans-serif, 宋体; line-height: 18px; background-color: rgb(247, 253, 255);" width="100%">\r\n	<tbody>\r\n		<tr>\r\n			<td id="text" style="font-size: 14px; line-height: 1.8;">\r\n				<p style="margin: 10px 0px 0px; padding: 0px; list-style: none; widows: 2; background-color: rgb(255, 255, 255); line-height: 22px; font-family: 宋体; orphans: 2;">\r\n					目前白银价格是4.104/克。自上周白银跌破分水岭4.1后，当前短线趋势已转变为下跌走势，虽周五价格触底反弹，但依据技术形态来分析，目前该反弹仅为反弹，仍未变成反转走势。今日预计白银在区间3.98～4.17之间波动，其中投资者需首先关注区间4.02～4.14之间，该区间范围内4.11～4.12为4小时阻力，激进者可轻仓在该点位附近试盘做空，若价格上破4.14则保守者可在4.15～4.17日线大阻力加仓空单，统一止损多空分水岭4.21上方。如下图所示为白银日线走势图，当前日线已构成头肩顶形态，短线下跌趋势完全成型，在此基础上建议投资者反弹做空或减仓为主。依据趋势线压制，日内三道阻力分别位于4.11、4.15、4.17三线，建议激进者可分批布局空单，稳健者轻仓试盘空单，手中若仍有重仓多单者，应择机在以上点位分批建仓为主，后市价格有望首次测试短线强弱分水岭3.98附近。目前从技术形态上来分析，暂无任何企稳筑底信号出现，投资者近期操作切勿急于抄底，筑底过程与见顶过程一致，会有一个比较漫长的构筑过程，不要怕错过，耐心等待，顺势而为。以上建议仅供参考， 不作为下单依据。</p>\r\n				<p style="margin: 10px 0px 0px; padding: 0px; list-style: none; text-align: center; widows: 2; background-color: rgb(255, 255, 255); line-height: 22px; font-family: 宋体; orphans: 2;">\r\n					<img alt="1.jpg" height="592" src="/ace/upload/img/20140908/20140908092203319.jpg" style="border: 0px; vertical-align: top;" width="872" /></p>\r\n				<div style="padding: 0px; widows: 2; background-color: rgb(255, 255, 255); margin: 0px; line-height: 22px; font-family: 宋体; orphans: 2;">\r\n					基本面方面：本周市场将再度迎来新一轮的超级周，虽然没有往常在超级周中多见的欧洲央行决议，但美国非农、GDP和美联储决议的聚首，仍令此次超级周足以被冠以&ldquo;加强版&rdquo;的美名。从近期市场的走向看，不少交易员均认为美国方面风险事件的重要性已远超欧元区。而可以预期，在本周这三大美国风险事件的共同影响下，白银行情料将再度掀起新一轮的风暴。目前来看，美国7月非农数据预期仍然会处在20万增长幅度的上方，这对于贵金属则又是一次考验；而美国二季度GDP初值市场也给予了非常好的预期，但是鉴于二季度月度经济指标并没有如市场预期的那么好，因此需要警惕数据出现的风险。而美联储方面，这次没有主席的媒体发布会，预计美联储会继续保持缩减QE的步伐。若本周美国数据均表现良好或基本符合预期，则白银价格将继续延续跌势；反之，若数据大幅差于预期，则白银有望触及支撑后迎来反弹，并开始构筑反转趋势。总之，本周消息面对技术走势具有重要指导意义，建议投资者重点关注。<br style="padding: 0px; margin: 0px;" />\r\n					<br style="padding: 0px; margin: 0px;" />\r\n					<strong style="padding: 0px; margin: 0px;">今日整体策略：在当前趋势还未反转之前，建议短线投资者日内继续保持逢高做空和减仓多单的思路，日内阻力聚集于三点4.11～4.12、4.15、4.17，故而投资者可首先在4.11～4.12轻仓试盘空单，若价格反弹4.15~4.17可加仓空单。无论如何布局空单，需统一止损多空分水岭4.21上方，未来价格若强弱突破4.21，则短线行情将止跌反转。另一方面，若今日价格触及下方3.98附近，激进者可抢短线反弹，此处为前期上涨趋势的50%强弱分水岭，预计行情难以一下跌破，稳健者则放弃做多，以做空为主。</strong><br style="padding: 0px; margin: 0px;" />\r\n					<br style="padding: 0px; margin: 0px;" />\r\n					当前趋势：短线下跌，中线趋势看涨，月线阻力线被突破，近三年下跌趋势遭破坏。<br style="padding: 0px; margin: 0px;" />\r\n					<br style="padding: 0px; margin: 0px;" />\r\n					今日支撑阻力：阻力：4.11附近、4.15、4.17、4.21 支撑3.98、3.93、3.82～3.83。<br style="padding: 0px; margin: 0px;" />\r\n					<br style="padding: 0px; margin: 0px;" />\r\n					白银中长线分析：<br style="padding: 0px; margin: 0px;" />\r\n					中长线投资者若手中仍持有重仓多单，今日应考虑反弹4.11、4.15～4.17减仓多单，轻仓者今日耐心等待下方3.98附近加仓1成，不可过度加仓。由于当前走势暂无企稳信号，因此加仓单很难马上获利，仅限于少量中长线布局，待未来价格反转后再大幅加仓为宜。 （金莱仕分析师认为方向选择对，再高的点位，也是相对较 低 的点位；方向选择错，再低的在点位，也是相对较高的点位）。<br style="padding: 0px; margin: 0px;" />\r\n					<br style="padding: 0px; margin: 0px;" />\r\n					白银短线分析：（反弹做空为主）<br style="padding: 0px; margin: 0px;" />\r\n					<br style="padding: 0px; margin: 0px;" />\r\n					1.价格反弹4.11～4.12附近进场做空，止损多空分水岭4.21上方，目标看3.98，破位看3.93。<br style="padding: 0px; margin: 0px;" />\r\n					<br style="padding: 0px; margin: 0px;" />\r\n					2.价格继续反弹4.15～4.17加仓空单，止损多空分水岭4.21上方，目标看3.98，破位同上。<br style="padding: 0px; margin: 0px;" />\r\n					<br style="padding: 0px; margin: 0px;" />\r\n					3.激进者日内价格首次触及3.98附近可轻仓试盘多单，止损3～4分，目标看4.08～4.11离场。<br style="padding: 0px; margin: 0px;" />\r\n					<br style="padding: 0px; margin: 0px;" />\r\n					4.其余点位建议观望，激进者可自行决定分批做空点位，预计后市仍有下行空间。<br style="padding: 0px; margin: 0px;" />\r\n					<br style="padding: 0px; margin: 0px;" />\r\n					策略思路：反弹做空仍为首选，日内重点关注区间3.98～4.17之间，其中震荡区间为4.02～4.14，此区间未破则行情偏向横盘整理。故可首先在小区间轻仓做空，破位后在大区间加仓，跌破3.98空单可持有，否则离场。</div>\r\n			</td>\r\n		</tr>\r\n	</tbody>\r\n</table>\r\n<p>\r\n	&nbsp;</p>\r\n'),
(24, '<p style="margin: 10px 0px 0px; padding: 0px; border: 0px; outline: 0px; vertical-align: baseline; line-height: 22px; color: rgb(0, 0, 0); font-family: Simsun;">\r\n	<span style="margin: 0px; padding: 0px; border: 0px; outline: 0px; font-size: 14px; vertical-align: baseline; background-color: transparent; font-family: ''Microsoft YaHei''; color: rgb(102, 102, 102); background-position: initial initial; background-repeat: initial initial;">&nbsp; &nbsp; &nbsp; &nbsp;著名经济战略预测与投资理财专家，现任天津利安达贵金属经营有限公司首席金融分析师，一直致力于全球经济动态的研究，由于对欧元的独创见解，被誉为</span><span style="margin: 0px; padding: 0px; border: 0px; outline: 0px; font-size: 14px; vertical-align: baseline; background-color: transparent; font-family: ''Microsoft YaHei''; color: rgb(102, 102, 102); background-position: initial initial; background-repeat: initial initial;">&ldquo;</span><span style="margin: 0px; padding: 0px; border: 0px; outline: 0px; font-size: 14px; vertical-align: baseline; background-color: transparent; font-family: ''Microsoft YaHei''; color: rgb(102, 102, 102); background-position: initial initial; background-repeat: initial initial;">欧元先生</span><span style="margin: 0px; padding: 0px; border: 0px; outline: 0px; font-size: 14px; vertical-align: baseline; background-color: transparent; font-family: ''Microsoft YaHei''; color: rgb(102, 102, 102); background-position: initial initial; background-repeat: initial initial;">&rdquo;</span><span style="margin: 0px; padding: 0px; border: 0px; outline: 0px; font-size: 14px; vertical-align: baseline; background-color: transparent; font-family: ''Microsoft YaHei''; color: rgb(102, 102, 102); background-position: initial initial; background-repeat: initial initial;">。</span><span style="margin: 0px; padding: 0px; border: 0px; outline: 0px; font-size: 14px; vertical-align: baseline; background-color: transparent; font-family: ''Microsoft YaHei''; color: rgb(102, 102, 102); background-position: initial initial; background-repeat: initial initial;">18</span><span style="margin: 0px; padding: 0px; border: 0px; outline: 0px; font-size: 14px; vertical-align: baseline; background-color: transparent; font-family: ''Microsoft YaHei''; color: rgb(102, 102, 102); background-position: initial initial; background-repeat: initial initial;">年金融投资实战经验，在外汇、黄金、股票、期货方面取得辉煌业绩。上千次被各大经融机构邀请为主讲嘉宾。深圳卫视财经生活频道《投资大讲坛》栏目特邀主讲嘉宾。</span></p>\r\n<p style="margin: 10px 0px 0px; padding: 0px; border: 0px; outline: 0px; vertical-align: baseline; line-height: 22px; color: rgb(0, 0, 0); font-family: Simsun;">\r\n	<span style="margin: 0px; padding: 0px; border: 0px; outline: 0px; font-size: 14px; vertical-align: baseline; background-color: transparent; font-family: ''Microsoft YaHei''; color: rgb(102, 102, 102); background-position: initial initial; background-repeat: initial initial;">&nbsp; &nbsp; &nbsp; &nbsp;陈博士语言幽默、讲课妙趣横生。他能很准确的把握宏观经济趋势，娴熟的技术分析、实效的操作手法令人叹服。其培训讲座内容通俗易懂、幽默风趣、客观务实、极具分析和实战意义等特点，受到大家积极的认可和支持。</span></p>\r\n<p style="margin: 10px 0px 0px; padding: 0px; border: 0px; outline: 0px; vertical-align: baseline; line-height: 22px; color: rgb(0, 0, 0); font-family: Simsun;">\r\n	<span style="margin: 0px; padding: 0px; border: 0px; outline: 0px; font-size: 14px; vertical-align: baseline; background-color: transparent; font-family: ''Microsoft YaHei''; color: rgb(102, 102, 102); background-position: initial initial; background-repeat: initial initial;">&nbsp; &nbsp; &nbsp; &nbsp;为促进中国贵金属市场的蓬勃发展，提高利安达团队的整体素质和服务水平及训练我们的精英团队，陈博士将亲力亲为，努力将多年来长期累积的黄金白银等贵金属的投资交易心得真诚地和大家交流沟通，希望通过我们共同的努力为您的投资交易插上腾飞的翅膀。</span></p>\r\n'),
(25, '<p style="margin: 10px 0px 0px; padding: 0px; border: 0px; outline: 0px; vertical-align: baseline; line-height: 22px; color: rgb(0, 0, 0); font-family: Simsun; text-indent: 21pt;">\r\n	<span style="margin: 0px; padding: 0px; border: 0px; outline: 0px; font-size: 14px; vertical-align: baseline; background-color: transparent; font-family: ''Microsoft YaHei''; color: rgb(102, 102, 102); background-position: initial initial; background-repeat: initial initial;">自1991年投身股市以来，师学锐老师一直致力于全球金融市场趋势及金融产品的研究，由于对国内外金融市场趋势的把握，及其实效独特的操作手法</span><span style="margin: 0px; padding: 0px; border: 0px; outline: 0px; font-size: 14px; vertical-align: baseline; background-color: transparent; font-family: ''Microsoft YaHei''; color: rgb(102, 102, 102); background-position: initial initial; background-repeat: initial initial;">，昵称&ldquo;金融剑客&rdquo;。</span></p>\r\n<p style="margin: 10px 0px 0px; padding: 0px; border: 0px; outline: 0px; vertical-align: baseline; line-height: 22px; color: rgb(0, 0, 0); font-family: Simsun; text-indent: 21pt;">\r\n	<span style="margin: 0px; padding: 0px; border: 0px; outline: 0px; font-size: 14px; vertical-align: baseline; background-color: transparent; font-family: ''Microsoft YaHei''; color: rgb(102, 102, 102); background-position: initial initial; background-repeat: initial initial;">多年从事投资理论和投资交易技术的分析和研究工作，曾任知名企业投资顾问，先后在北京、广州、深圳、上海等全国大中城市举办过投资论坛、和技术经验交流会。</span></p>\r\n<p style="margin: 10px 0px 0px; padding: 0px; border: 0px; outline: 0px; vertical-align: baseline; line-height: 22px; color: rgb(0, 0, 0); font-family: Simsun; text-indent: 21pt;">\r\n	<span style="margin: 0px; padding: 0px; border: 0px; outline: 0px; font-size: 14px; vertical-align: baseline; background-color: transparent; color: rgb(102, 102, 102); font-family: ''Microsoft YaHei''; text-indent: 21pt; line-height: 1.5; background-position: initial initial; background-repeat: initial initial;">师老师对基本面数据用量化归类的分析方法，使用较简洁易懂的观点，清晰解释数据的公布对相关市场将要造成影响，及应对技巧和策略，此方法可在实战中有效减少风险，有助于风险控制和资金管理。</span></p>\r\n<p style="margin: 10px 0px 0px; padding: 0px; border: 0px; outline: 0px; vertical-align: baseline; line-height: 22px; color: rgb(0, 0, 0); font-family: Simsun; text-indent: 21pt;">\r\n	<span style="margin: 0px; padding: 0px; border: 0px; outline: 0px; font-size: 14px; vertical-align: baseline; background-color: transparent; color: rgb(102, 102, 102); font-family: ''Microsoft YaHei''; text-indent: 21pt; line-height: 1.5; background-position: initial initial; background-repeat: initial initial;">对贵金属市场常用的技术指标和分析工具有系统研究和论证，结合伦敦贵金属交易所目前最常用的交易方法和交易手段，总结出常用的30多种技术指标，和分析工具有效配合的&ldquo;独门绝技&rdquo;。</span><span style="margin: 0px; padding: 0px; border: 0px; outline: 0px; font-size: 14px; vertical-align: baseline; background-color: transparent; color: rgb(102, 102, 102); font-family: ''Microsoft YaHei''; line-height: 1.5; text-indent: 21pt; background-position: initial initial; background-repeat: initial initial;">师老师曾在多场贵金属投资分析师培训班、金融说明会、贵金属论坛、理财交流会、交易员高级训练班等场合，多次分享自己的观点。</span></p>\r\n'),
(26, '<p style="margin: 10px 0px 0px; padding: 0px; border: 0px; outline: 0px; vertical-align: baseline; line-height: 22px; color: rgb(0, 0, 0); font-family: Simsun; text-indent: 21pt;">\r\n	<span style="margin: 0px; padding: 0px; border: 0px; outline: 0px; font-size: 14px; vertical-align: baseline; background-color: transparent; font-family: ''Microsoft YaHei''; color: rgb(102, 102, 102); background-position: initial initial; background-repeat: initial initial;">操盘实战高手，&ldquo;游泳理论&rdquo;创始人。历任证券公司咨询部经理</span><span style="margin: 0px; padding: 0px; border: 0px; outline: 0px; font-size: 14px; vertical-align: baseline; background-color: transparent; font-family: ''Microsoft YaHei''; color: rgb(102, 102, 102); background-position: initial initial; background-repeat: initial initial;">、</span><span style="margin: 0px; padding: 0px; border: 0px; outline: 0px; font-size: 14px; vertical-align: baseline; background-color: transparent; font-family: ''Microsoft YaHei''; color: rgb(102, 102, 102); background-position: initial initial; background-repeat: initial initial;">私募基金投资经理</span><span style="margin: 0px; padding: 0px; border: 0px; outline: 0px; font-size: 14px; vertical-align: baseline; background-color: transparent; font-family: ''Microsoft YaHei''; color: rgb(102, 102, 102); background-position: initial initial; background-repeat: initial initial;">、</span><span style="margin: 0px; padding: 0px; border: 0px; outline: 0px; font-size: 14px; vertical-align: baseline; background-color: transparent; font-family: ''Microsoft YaHei''; color: rgb(102, 102, 102); background-position: initial initial; background-repeat: initial initial;">上市公司调研</span><span style="margin: 0px; padding: 0px; border: 0px; outline: 0px; font-size: 14px; vertical-align: baseline; background-color: transparent; font-family: ''Microsoft YaHei''; color: rgb(102, 102, 102); background-position: initial initial; background-repeat: initial initial;">经理</span><span style="margin: 0px; padding: 0px; border: 0px; outline: 0px; font-size: 14px; vertical-align: baseline; background-color: transparent; font-family: ''Microsoft YaHei''; color: rgb(102, 102, 102); background-position: initial initial; background-repeat: initial initial;">，</span><span style="margin: 0px; padding: 0px; border: 0px; outline: 0px; font-size: 14px; vertical-align: baseline; background-color: transparent; font-family: ''Microsoft YaHei''; color: rgb(102, 102, 102); background-position: initial initial; background-repeat: initial initial;">是</span><span style="margin: 0px; padding: 0px; border: 0px; outline: 0px; font-size: 14px; vertical-align: baseline; background-color: transparent; font-family: ''Microsoft YaHei''; color: rgb(102, 102, 102); background-position: initial initial; background-repeat: initial initial;">利安达贵金属投资高级分析师。主张快乐投资</span><span style="margin: 0px; padding: 0px; border: 0px; outline: 0px; font-size: 14px; vertical-align: baseline; background-color: transparent; font-family: ''Microsoft YaHei''; color: rgb(102, 102, 102); background-position: initial initial; background-repeat: initial initial;">、</span><span style="margin: 0px; padding: 0px; border: 0px; outline: 0px; font-size: 14px; vertical-align: baseline; background-color: transparent; font-family: ''Microsoft YaHei''; color: rgb(102, 102, 102); background-position: initial initial; background-repeat: initial initial;">享受生活。有18年入市操盘经验，多年来在投资市场中运用《游泳理论》和《大盘关键点位》数次成功逃顶和抄底，被长江商报誉为</span><span style="margin: 0px; padding: 0px; border: 0px; outline: 0px; font-size: 14px; vertical-align: baseline; background-color: transparent; font-family: ''Microsoft YaHei''; color: rgb(102, 102, 102); background-position: initial initial; background-repeat: initial initial;">&ldquo;</span><span style="margin: 0px; padding: 0px; border: 0px; outline: 0px; font-size: 14px; vertical-align: baseline; background-color: transparent; font-family: ''Microsoft YaHei''; color: rgb(102, 102, 102); background-position: initial initial; background-repeat: initial initial;">投资奇人</span><span style="margin: 0px; padding: 0px; border: 0px; outline: 0px; font-size: 14px; vertical-align: baseline; background-color: transparent; font-family: ''Microsoft YaHei''; color: rgb(102, 102, 102); background-position: initial initial; background-repeat: initial initial;">&rdquo;，</span><span style="margin: 0px; padding: 0px; border: 0px; outline: 0px; font-size: 14px; vertical-align: baseline; background-color: transparent; font-family: ''Microsoft YaHei''; color: rgb(102, 102, 102); background-position: initial initial; background-repeat: initial initial;">业内人士和投资者亲切的称他</span><span style="margin: 0px; padding: 0px; border: 0px; outline: 0px; font-size: 14px; vertical-align: baseline; background-color: transparent; font-family: ''Microsoft YaHei''; color: rgb(102, 102, 102); background-position: initial initial; background-repeat: initial initial;">&ldquo;</span><span style="margin: 0px; padding: 0px; border: 0px; outline: 0px; font-size: 14px; vertical-align: baseline; background-color: transparent; font-family: ''Microsoft YaHei''; color: rgb(102, 102, 102); background-position: initial initial; background-repeat: initial initial;">阿杜老师</span><span style="margin: 0px; padding: 0px; border: 0px; outline: 0px; font-size: 14px; vertical-align: baseline; background-color: transparent; font-family: ''Microsoft YaHei''; color: rgb(102, 102, 102); background-position: initial initial; background-repeat: initial initial;">&rdquo;。</span></p>\r\n<p style="margin: 10px 0px 0px; padding: 0px; border: 0px; outline: 0px; vertical-align: baseline; line-height: 22px; color: rgb(0, 0, 0); font-family: Simsun; text-indent: 21pt;">\r\n	<span style="margin: 0px; padding: 0px; border: 0px; outline: 0px; font-size: 14px; vertical-align: baseline; background-color: transparent; color: rgb(102, 102, 102); font-family: ''Microsoft YaHei''; line-height: 1.5; background-position: initial initial; background-repeat: initial initial;">他广泛涉及证券、外汇投资、贵金属投资等领域，及时把握各种投资品种的机会，形成了自己一套成熟有效的投资分析交易体系。由于多年来积累了丰富的经验，杜老师对贵金属投资在风险控制，资金管理和市场心理研究方面有独到的见解，主要研究的方向为白银等贵金属相关行情之间的相互关系及量化走势情况，并做出有价值的结论和分析结果。</span></p>\r\n<p style="margin: 10px 0px 0px; padding: 0px; border: 0px; outline: 0px; vertical-align: baseline; line-height: 22px; color: rgb(0, 0, 0); font-family: Simsun; text-indent: 21pt;">\r\n	<span style="margin: 0px; padding: 0px; border: 0px; outline: 0px; font-size: 14px; vertical-align: baseline; background-color: transparent; color: rgb(102, 102, 102); font-family: ''Microsoft YaHei''; line-height: 1.5; background-position: initial initial; background-repeat: initial initial;">在投资交易思想上，杜老师遵循客观的市场规律，信奉科学的投资的观念，提倡&ldquo;大道至简、一目了然&rdquo;的投资分析格局，同时及时把握国际金融市场体系中各个贵金属产品的特点，在熟知贵金属投资领域的基础上形成了自己较为稳健的投资分析习惯和方法。</span></p>\r\n'),
(29, '<div id="player"><object id="popplayer" data="http://www.tudou.com/v/TPSruzrRxls/&amp;icode=TPSruzrRxls&amp;iid=181665542/v.swf" type="application/x-shockwave-flash" width="100%" height="100%"><param name="allowfullscreen" value="true"><param name="allowscriptaccess" value="always"><param name="bgcolor" value="#000000"><param name="wMode" value="Opaque"><param name="quality" value="high"></object></div>'),
(30, '<div id="player"><object id="popplayer" data="http://www.tudou.com/v/K2bSfXppEQQ/&amp;icode=K2bSfXppEQQ&amp;iid=181662597/v.swf" type="application/x-shockwave-flash" width="100%" height="100%"><param name="allowfullscreen" value="true"><param name="allowscriptaccess" value="always"><param name="bgcolor" value="#000000"><param name="wMode" value="Opaque"><param name="quality" value="high"></object></div>'),
(31, '<div id="player"><object id="popplayer" data="http://www.tudou.com/v/ofIpwZkkBC8/&amp;icode=ofIpwZkkBC8&amp;iid=181663009/v.swf" type="application/x-shockwave-flash" width="100%" height="100%"><param name="allowfullscreen" value="true"><param name="allowscriptaccess" value="always"><param name="bgcolor" value="#000000"><param name="wMode" value="Opaque"><param name="quality" value="high"></object></div>'),
(32, '<p style="margin: 0px; padding: 8px; border: 0px; outline: 0px; vertical-align: baseline; color: rgb(0, 0, 0); font-family: Simsun; line-height: 22px;">\r\n	<span style="margin: 0px; padding: 0px; border: 0px; outline: 0px; font-size: 16px; vertical-align: baseline; background-color: transparent; line-height: 23px; font-family: SimSun; background-position: initial initial; background-repeat: initial initial;">各会员单位及投资者：</span></p>\r\n<p style="margin: 0px; padding: 8px; border: 0px; outline: 0px; vertical-align: baseline; color: rgb(0, 0, 0); font-family: Simsun; line-height: 22px;">\r\n	<span style="margin: 0px; padding: 0px; border: 0px; outline: 0px; font-size: 16px; vertical-align: baseline; background-color: transparent; font-family: SimSun; line-height: 23px; background-position: initial initial; background-repeat: initial initial;">近期国内外贵金属市场行情波动剧烈，价格波动幅度逐步放大，鉴于目前市场不确定因素增多，市场操作风险加大，请各会员单位及投资者控制持仓风险，切实加强风险防范工作，以防范贵金属市场价格的大幅度波动造成较大的损失。</span></p>\r\n<div style="margin: 0px; padding: 0px; border: 0px; outline: 0px; vertical-align: baseline; color: rgb(0, 0, 0); font-family: Simsun; line-height: 23px;">\r\n	<p style="margin: 0px; padding: 0px; border: 0px; outline: 0px; vertical-align: baseline; background-color: transparent;">\r\n		&nbsp;</p>\r\n	<p style="margin: 0px; padding: 0px; border: 0px; outline: 0px; vertical-align: baseline; background-color: transparent;">\r\n		<span style="margin: 0px; padding: 0px; border: 0px; outline: 0px; font-size: 16px; vertical-align: baseline; background-color: transparent; font-family: SimSun; background-position: initial initial; background-repeat: initial initial;">同时，为保障会员以及投资者权益，提醒各会员单位及投资者在发现登录、交易缓慢时，利用客户端测速功能选择本地较快网络链接登录交易系统，以确保投资交易的正常进行。</span></p>\r\n	<p align="center" style="margin: 0px; padding: 0px; border: 0px; outline: 0px; vertical-align: baseline; background-color: transparent;">\r\n		<br />\r\n		<span style="margin: 0px; padding: 0px; border: 0px; outline: 0px; font-size: 16px; vertical-align: baseline; background-color: transparent; font-family: SimSun; background-position: initial initial; background-repeat: initial initial;">长三角商品交易所有限公司</span><br />\r\n		<span style="margin: 0px; padding: 0px; border: 0px; outline: 0px; font-size: 16px; vertical-align: baseline; background-color: transparent; font-family: SimSun; background-position: initial initial; background-repeat: initial initial;">二〇一四年七月三十一日</span></p>\r\n</div>\r\n<p>\r\n	&nbsp;</p>\r\n'),
(33, '<p style="margin: 0px; padding: 0px; border: 0px; outline: 0px; vertical-align: baseline; color: rgb(0, 0, 0); font-family: Simsun; line-height: 22px;">\r\n	<span style="margin: 0px; padding: 0px; border: 0px; outline: 0px; font-size: 10.5pt; vertical-align: baseline; background-color: transparent; font-family: 宋体; background-position: initial initial; background-repeat: initial initial;">各会员单位：</span></p>\r\n<p style="margin: 0px; padding: 0px; border: 0px; outline: 0px; vertical-align: baseline; color: rgb(0, 0, 0); font-family: Simsun; line-height: 22px;">\r\n	&nbsp;</p>\r\n<p style="margin: 0px; padding: 0px; border: 0px; outline: 0px; vertical-align: baseline; color: rgb(0, 0, 0); font-family: Simsun; line-height: 22px;">\r\n	<span style="margin: 0px; padding: 0px; border: 0px; outline: 0px; font-size: 10.5pt; vertical-align: baseline; background-color: transparent; font-family: 宋体; background-position: initial initial; background-repeat: initial initial;">结合证监会对行业清理整顿的原则和市金融局对我所在会员管理方面的要求，为了进一步完善我所的会员管理制度，我所昨日颁布了《长三角商品交易所会员暂停经营、暂停会员资格及终止会员资格管理办法》（以下简称&ldquo;管理办法&ldquo;）。此&ldquo;管理办法&ldquo;是交易所对现行的管理制度的完善，目的是进一步加强会员管理，明晰工作流程，请各会员单位正确解读。</span></p>\r\n<p style="margin: 0px; padding: 0px; border: 0px; outline: 0px; vertical-align: baseline; color: rgb(0, 0, 0); font-family: Simsun; line-height: 22px;">\r\n	&nbsp;</p>\r\n<p style="margin: 0px; padding: 0px; border: 0px; outline: 0px; vertical-align: baseline; color: rgb(0, 0, 0); font-family: Simsun; line-height: 22px;">\r\n	<span style="margin: 0px; padding: 0px; border: 0px; outline: 0px; font-size: 10.5pt; vertical-align: baseline; background-color: transparent; font-family: 宋体; background-position: initial initial; background-repeat: initial initial;">如各会员单位对&ldquo;管理办法&ldquo;有任何疑问，请致电我所会服部或合规部寻求澄清解答。</span></p>\r\n<p style="margin: 0px; padding: 0px; border: 0px; outline: 0px; vertical-align: baseline; color: rgb(0, 0, 0); font-family: Simsun; line-height: 22px;">\r\n	<span style="margin: 0px; padding: 0px; border: 0px; outline: 0px; font-size: 10.5pt; vertical-align: baseline; background-color: transparent; font-family: 宋体; background-position: initial initial; background-repeat: initial initial;">&nbsp;</span></p>\r\n<p style="margin: 0px; padding: 0px; border: 0px; outline: 0px; vertical-align: baseline; color: rgb(0, 0, 0); font-family: Simsun; line-height: 22px;">\r\n	<span style="margin: 0px; padding: 0px; border: 0px; outline: 0px; font-size: 10.5pt; vertical-align: baseline; background-color: transparent; font-family: 宋体; background-position: initial initial; background-repeat: initial initial;">会员服务部</span></p>\r\n'),
(34, '<h1 style="margin: 0px 0px 20px; padding: 0px; border-width: 0px 0px 2px; border-bottom-style: solid; border-bottom-color: rgb(232, 226, 207); outline: 0px; font-size: 20px; vertical-align: baseline; line-height: 22px; height: 50px; text-align: center; color: rgb(150, 85, 30); font-family: Simsun;">\r\n	关于中秋节国内假期开市的通知</h1>\r\n'),
(35, '<p>\r\n	<span style="margin: 0px; padding: 0px; border: 0px; outline: 0px; font-size: 16px; vertical-align: baseline; color: rgb(0, 0, 0); line-height: 22px; font-family: SimSun;">各会员单位及客户：</span><br style="color: rgb(0, 0, 0); font-family: Simsun; line-height: 22px;" />\r\n	<span style="margin: 0px; padding: 0px; border: 0px; outline: 0px; font-size: 16px; vertical-align: baseline; color: rgb(0, 0, 0); line-height: 22px; font-family: SimSun;">&nbsp; &nbsp; &nbsp; 按照2013年12月18日发布的交易日历，2014年9月1日（星期一）为金融假日，因此长三角商品交易所有限公司根据实际情况调整部分产品的交易时间。</span><br style="color: rgb(0, 0, 0); font-family: Simsun; line-height: 22px;" />\r\n	<span style="margin: 0px; padding: 0px; border: 0px; outline: 0px; font-size: 16px; vertical-align: baseline; color: rgb(0, 0, 0); line-height: 22px; font-family: SimSun;">具体规定如下：</span><br style="color: rgb(0, 0, 0); font-family: Simsun; line-height: 22px;" />\r\n	<span style="margin: 0px; padding: 0px; border: 0px; outline: 0px; font-size: 16px; vertical-align: baseline; color: rgb(0, 0, 0); line-height: 22px; font-family: SimSun;">&nbsp; &nbsp; &nbsp; 2014年9月1日（星期一）将现货白银、现货白银1000、现货白银30KG、现货铂金、现货铂金100、现货钯金和现货钯金100的交易结束时间提前至当晚23：00，</span><br style="color: rgb(0, 0, 0); font-family: Simsun; line-height: 22px;" />\r\n	<span style="margin: 0px; padding: 0px; border: 0px; outline: 0px; font-size: 16px; vertical-align: baseline; color: rgb(0, 0, 0); line-height: 22px; font-family: SimSun;">其他产品交易时间不变。</span><br style="color: rgb(0, 0, 0); font-family: Simsun; line-height: 22px;" />\r\n	<span style="margin: 0px; padding: 0px; border: 0px; outline: 0px; font-size: 16px; vertical-align: baseline; color: rgb(0, 0, 0); line-height: 22px; font-family: SimSun;">&nbsp; &nbsp; &nbsp; 2014年9月2日（星期二）早上8：00照常开市，恢复正常交易。</span><br style="color: rgb(0, 0, 0); font-family: Simsun; line-height: 22px;" />\r\n	<span style="margin: 0px; padding: 0px; border: 0px; outline: 0px; font-size: 16px; vertical-align: baseline; color: rgb(0, 0, 0); line-height: 22px; font-family: SimSun;">&nbsp; &nbsp; &nbsp; 请会员及客户做好资金安排及风险控制。</span><br style="color: rgb(0, 0, 0); font-family: Simsun; line-height: 22px;" />\r\n	<span style="margin: 0px; padding: 0px; border: 0px; outline: 0px; font-size: 16px; vertical-align: baseline; color: rgb(0, 0, 0); line-height: 22px; font-family: SimSun;">&nbsp;</span><br style="color: rgb(0, 0, 0); font-family: Simsun; line-height: 22px;" />\r\n	<span style="margin: 0px; padding: 0px; border: 0px; outline: 0px; font-size: 16px; vertical-align: baseline; color: rgb(0, 0, 0); line-height: 22px; font-family: SimSun;">&nbsp;</span><br style="color: rgb(0, 0, 0); font-family: Simsun; line-height: 22px;" />\r\n	<span style="margin: 0px; padding: 0px; border: 0px; outline: 0px; font-size: 16px; vertical-align: baseline; color: rgb(0, 0, 0); line-height: 22px; font-family: SimSun;">&nbsp; &nbsp; &nbsp; &nbsp; &nbsp; &nbsp; &nbsp; &nbsp; &nbsp; &nbsp; &nbsp; &nbsp; &nbsp; &nbsp; &nbsp; &nbsp; &nbsp; &nbsp; &nbsp; &nbsp; &nbsp; &nbsp;</span><span style="margin: 0px; padding: 0px; border: 0px; outline: 0px; font-size: 16px; vertical-align: baseline; color: rgb(0, 0, 0); line-height: 22px; font-family: SimSun;">长三角商品交易所有限公司</span><br style="color: rgb(0, 0, 0); font-family: Simsun; line-height: 22px;" />\r\n	<span style="margin: 0px; padding: 0px; border: 0px; outline: 0px; font-size: 16px; vertical-align: baseline; color: rgb(0, 0, 0); line-height: 22px; font-family: SimSun;">&nbsp; &nbsp; &nbsp; &nbsp; &nbsp; &nbsp; &nbsp; &nbsp; &nbsp; &nbsp; &nbsp; &nbsp; &nbsp; &nbsp; &nbsp; &nbsp; &nbsp; &nbsp; &nbsp; &nbsp; &nbsp; &nbsp;</span><span style="margin: 0px; padding: 0px; border: 0px; outline: 0px; font-size: 16px; vertical-align: baseline; color: rgb(0, 0, 0); line-height: 22px; font-family: SimSun;">二〇一四年八月二十六日</span></p>\r\n'),
(36, '<p>\r\n	<span style="margin: 0px; padding: 0px; border: 0px; outline: 0px; font-size: 16px; vertical-align: baseline; color: rgb(0, 0, 0); font-family: SimSun; line-height: 1.5;">2014年中秋节期间，根据国家规定和津贵所开市情况，我司运营部门安排如下：</span><br style="color: rgb(0, 0, 0); font-family: Simsun; line-height: 22px;" />\r\n	<span style="margin: 0px; padding: 0px; border: 0px; outline: 0px; font-size: 16px; vertical-align: baseline; color: rgb(0, 0, 0); font-family: SimSun; line-height: 1.5;">1：9月8日（星期一）：交易服务正常，400咨询热线仅接受电话交易下单服务，其它相关业务咨询服务工作暂停；资料接收处理、开户、激活等服务暂停；</span><br style="color: rgb(0, 0, 0); font-family: Simsun; line-height: 22px;" />\r\n	<span style="margin: 0px; padding: 0px; border: 0px; outline: 0px; font-size: 16px; vertical-align: baseline; color: rgb(0, 0, 0); font-family: SimSun; line-height: 1.5;">2：9月9日（星期二）：所有服务恢复正常；</span><br style="color: rgb(0, 0, 0); font-family: Simsun; line-height: 22px;" />\r\n	<span style="margin: 0px; padding: 0px; border: 0px; outline: 0px; font-size: 16px; vertical-align: baseline; color: rgb(0, 0, 0); font-family: SimSun; line-height: 1.5;">&nbsp;</span><br style="color: rgb(0, 0, 0); font-family: Simsun; line-height: 22px;" />\r\n	<span style="margin: 0px; padding: 0px; border: 0px; outline: 0px; font-size: 16px; vertical-align: baseline; color: rgb(0, 0, 0); font-family: SimSun; line-height: 1.5;">天津利安达贵金属经营有限公司</span><br style="color: rgb(0, 0, 0); font-family: Simsun; line-height: 22px;" />\r\n	<span style="margin: 0px; padding: 0px; border: 0px; outline: 0px; font-size: 16px; vertical-align: baseline; color: rgb(0, 0, 0); font-family: SimSun; line-height: 1.5;">2014-8-28</span></p>\r\n');
INSERT INTO `eca_article` (`id`, `content`) VALUES
(37, '<p style="margin: 0px; padding: 0px; border: 0px; outline: 0px; vertical-align: baseline; color: rgb(0, 0, 0); font-family: Simsun; line-height: 22px;">\r\n	<span style="margin: 0px; padding: 0px; border: 0px; outline: 0px; font-size: 10.5pt; vertical-align: baseline; background-color: transparent; font-family: 宋体; background-position: initial initial; background-repeat: initial initial;"><span style="margin: 0px; padding: 0px; border: 0px; outline: 0px; font-size: 16px; vertical-align: baseline; background-color: transparent; font-family: SimSun; background-position: initial initial; background-repeat: initial initial;">周四（</span><span style="margin: 0px; padding: 0px; border: 0px; outline: 0px; font-size: 16px; vertical-align: baseline; background-color: transparent; font-family: SimSun; background-position: initial initial; background-repeat: initial initial;">9</span><span style="margin: 0px; padding: 0px; border: 0px; outline: 0px; font-size: 16px; vertical-align: baseline; background-color: transparent; font-family: SimSun; background-position: initial initial; background-repeat: initial initial;">月</span><span style="margin: 0px; padding: 0px; border: 0px; outline: 0px; font-size: 16px; vertical-align: baseline; background-color: transparent; font-family: SimSun; background-position: initial initial; background-repeat: initial initial;">4</span><span style="margin: 0px; padding: 0px; border: 0px; outline: 0px; font-size: 16px; vertical-align: baseline; background-color: transparent; font-family: SimSun; background-position: initial initial; background-repeat: initial initial;">日），黄金白银再度遭遇重压，因日内欧洲央行意外宣布降息，且吐露将推出&ldquo;欧版</span><span style="margin: 0px; padding: 0px; border: 0px; outline: 0px; font-size: 16px; vertical-align: baseline; background-color: transparent; font-family: SimSun; background-position: initial initial; background-repeat: initial initial;">QE</span><span style="margin: 0px; padding: 0px; border: 0px; outline: 0px; font-size: 16px; vertical-align: baseline; background-color: transparent; font-family: SimSun; background-position: initial initial; background-repeat: initial initial;">&rdquo;计划，令欧元兑美元暴跌</span><span style="margin: 0px; padding: 0px; border: 0px; outline: 0px; font-size: 16px; vertical-align: baseline; background-color: transparent; font-family: SimSun; background-position: initial initial; background-repeat: initial initial;">200</span><span style="margin: 0px; padding: 0px; border: 0px; outline: 0px; font-size: 16px; vertical-align: baseline; background-color: transparent; font-family: SimSun; background-position: initial initial; background-repeat: initial initial;">多点，美元指数则继续升至一年来的高位。另外晚间美国公布的经济数据好坏参半，但整体依然呈现向好局面。今晚，市场将再度应该美非农就业报告。在欧银决议率先引爆市场行情之后，非农会否继续给市场带来重大行情值得期待。</span></span></p>\r\n<p style="margin: 0px; padding: 0px; border: 0px; outline: 0px; vertical-align: baseline; color: rgb(0, 0, 0); font-family: Simsun; line-height: 22px;">\r\n	<span style="margin: 0px; padding: 0px; border: 0px; outline: 0px; font-size: 16px; vertical-align: baseline; background-color: transparent; font-family: SimSun; background-position: initial initial; background-repeat: initial initial;">&nbsp;</span></p>\r\n<p style="margin: 0px; padding: 0px; border: 0px; outline: 0px; vertical-align: baseline; color: rgb(0, 0, 0); font-family: Simsun; line-height: 22px;">\r\n	<span style="margin: 0px; padding: 0px; border: 0px; outline: 0px; font-size: 10.5pt; vertical-align: baseline; background-color: transparent; font-family: 宋体; background-position: initial initial; background-repeat: initial initial;"><span style="margin: 0px; padding: 0px; border: 0px; outline: 0px; font-size: 16px; vertical-align: baseline; background-color: transparent; font-family: SimSun; background-position: initial initial; background-repeat: initial initial;">周四，欧洲央行宣布，将主要再融资利率由</span><span style="margin: 0px; padding: 0px; border: 0px; outline: 0px; font-size: 16px; vertical-align: baseline; background-color: transparent; font-family: SimSun; background-position: initial initial; background-repeat: initial initial;">0.15%</span><span style="margin: 0px; padding: 0px; border: 0px; outline: 0px; font-size: 16px; vertical-align: baseline; background-color: transparent; font-family: SimSun; background-position: initial initial; background-repeat: initial initial;">调低至</span><span style="margin: 0px; padding: 0px; border: 0px; outline: 0px; font-size: 16px; vertical-align: baseline; background-color: transparent; font-family: SimSun; background-position: initial initial; background-repeat: initial initial;">0.05%</span><span style="margin: 0px; padding: 0px; border: 0px; outline: 0px; font-size: 16px; vertical-align: baseline; background-color: transparent; font-family: SimSun; background-position: initial initial; background-repeat: initial initial;">，将商业银行存放在央行的隔夜存款利率由负</span><span style="margin: 0px; padding: 0px; border: 0px; outline: 0px; font-size: 16px; vertical-align: baseline; background-color: transparent; font-family: SimSun; background-position: initial initial; background-repeat: initial initial;">0.1%</span><span style="margin: 0px; padding: 0px; border: 0px; outline: 0px; font-size: 16px; vertical-align: baseline; background-color: transparent; font-family: SimSun; background-position: initial initial; background-repeat: initial initial;">调低至负</span><span style="margin: 0px; padding: 0px; border: 0px; outline: 0px; font-size: 16px; vertical-align: baseline; background-color: transparent; font-family: SimSun; background-position: initial initial; background-repeat: initial initial;">0.2%</span><span style="margin: 0px; padding: 0px; border: 0px; outline: 0px; font-size: 16px; vertical-align: baseline; background-color: transparent; font-family: SimSun; background-position: initial initial; background-repeat: initial initial;">，并将边际贷款利率由</span><span style="margin: 0px; padding: 0px; border: 0px; outline: 0px; font-size: 16px; vertical-align: baseline; background-color: transparent; font-family: SimSun; background-position: initial initial; background-repeat: initial initial;">0.40%</span><span style="margin: 0px; padding: 0px; border: 0px; outline: 0px; font-size: 16px; vertical-align: baseline; background-color: transparent; font-family: SimSun; background-position: initial initial; background-repeat: initial initial;">降至</span><span style="margin: 0px; padding: 0px; border: 0px; outline: 0px; font-size: 16px; vertical-align: baseline; background-color: transparent; font-family: SimSun; background-position: initial initial; background-repeat: initial initial;">0.30%</span><span style="margin: 0px; padding: 0px; border: 0px; outline: 0px; font-size: 16px; vertical-align: baseline; background-color: transparent; font-family: SimSun; background-position: initial initial; background-repeat: initial initial;">。此外，欧洲央行行长德拉基在新闻发布会上表示，欧洲央行已经将整体低迷的通胀率前景、减弱的增速动能以及持续萎靡的货币、信贷动力纳入了考量。德拉基还称，若有必要的话，央行准备依靠权限内的非常规工具，给予经济更多刺激，包括大规模债券购买项目</span><span style="margin: 0px; padding: 0px; border: 0px; outline: 0px; font-size: 16px; vertical-align: baseline; background-color: transparent; font-family: SimSun; background-position: initial initial; background-repeat: initial initial;">(</span><span style="margin: 0px; padding: 0px; border: 0px; outline: 0px; font-size: 16px; vertical-align: baseline; background-color: transparent; font-family: SimSun; background-position: initial initial; background-repeat: initial initial;">即所谓的宽松</span><span style="margin: 0px; padding: 0px; border: 0px; outline: 0px; font-size: 16px; vertical-align: baseline; background-color: transparent; font-family: SimSun; background-position: initial initial; background-repeat: initial initial;">)</span><span style="margin: 0px; padding: 0px; border: 0px; outline: 0px; font-size: 16px; vertical-align: baseline; background-color: transparent; font-family: SimSun; background-position: initial initial; background-repeat: initial initial;">。</span></span></p>\r\n<p style="margin: 0px; padding: 0px; border: 0px; outline: 0px; vertical-align: baseline; color: rgb(0, 0, 0); font-family: Simsun; line-height: 22px;">\r\n	<span style="margin: 0px; padding: 0px; border: 0px; outline: 0px; font-size: 16px; vertical-align: baseline; background-color: transparent; font-family: SimSun; background-position: initial initial; background-repeat: initial initial;">&nbsp;</span></p>\r\n<p style="margin: 0px; padding: 0px; border: 0px; outline: 0px; vertical-align: baseline; color: rgb(0, 0, 0); font-family: Simsun; line-height: 22px;">\r\n	<span style="margin: 0px; padding: 0px; border: 0px; outline: 0px; font-size: 10.5pt; vertical-align: baseline; background-color: transparent; font-family: 宋体; background-position: initial initial; background-repeat: initial initial;"><span style="margin: 0px; padding: 0px; border: 0px; outline: 0px; font-size: 16px; vertical-align: baseline; background-color: transparent; font-family: SimSun; background-position: initial initial; background-repeat: initial initial;">在今年六月份欧洲央行成为全球最大的实施负存款利率的央行之后，此次继续加大宽松力度的举措令市场颇感意外。此外，虽然欧央行最近几个月已经表示过正考虑实施一项</span><span style="margin: 0px; padding: 0px; border: 0px; outline: 0px; font-size: 16px; vertical-align: baseline; background-color: transparent; font-family: SimSun; background-position: initial initial; background-repeat: initial initial;">ABS</span><span style="margin: 0px; padding: 0px; border: 0px; outline: 0px; font-size: 16px; vertical-align: baseline; background-color: transparent; font-family: SimSun; background-position: initial initial; background-repeat: initial initial;">（资产担保证券）购买计划，但此次正式公布了购债计划同样令市场感到意外。而从上述措施中可窥探出欧央行誓与通缩战斗到底的决心。这也是推动欧元汇率持续走低的主要原因。</span></span></p>\r\n<p style="margin: 0px; padding: 0px; border: 0px; outline: 0px; vertical-align: baseline; color: rgb(0, 0, 0); font-family: Simsun; line-height: 22px;">\r\n	<span style="margin: 0px; padding: 0px; border: 0px; outline: 0px; font-size: 16px; vertical-align: baseline; background-color: transparent; font-family: SimSun; background-position: initial initial; background-repeat: initial initial;">&nbsp;</span></p>\r\n<p style="margin: 0px; padding: 0px; border: 0px; outline: 0px; vertical-align: baseline; color: rgb(0, 0, 0); font-family: Simsun; line-height: 22px;">\r\n	<span style="margin: 0px; padding: 0px; border: 0px; outline: 0px; font-size: 10.5pt; vertical-align: baseline; background-color: transparent; font-family: 宋体; background-position: initial initial; background-repeat: initial initial;"><span style="margin: 0px; padding: 0px; border: 0px; outline: 0px; font-size: 16px; vertical-align: baseline; background-color: transparent; font-family: SimSun; background-position: initial initial; background-repeat: initial initial;">美国方面，隔夜美国公布的数据好坏参半。其中，</span><span style="margin: 0px; padding: 0px; border: 0px; outline: 0px; font-size: 16px; vertical-align: baseline; background-color: transparent; font-family: SimSun; background-position: initial initial; background-repeat: initial initial;">ISM</span><span style="margin: 0px; padding: 0px; border: 0px; outline: 0px; font-size: 16px; vertical-align: baseline; background-color: transparent; font-family: SimSun; background-position: initial initial; background-repeat: initial initial;">非制造业和贸易数据强劲，具体为：美国</span><span style="margin: 0px; padding: 0px; border: 0px; outline: 0px; font-size: 16px; vertical-align: baseline; background-color: transparent; font-family: SimSun; background-position: initial initial; background-repeat: initial initial;">8</span><span style="margin: 0px; padding: 0px; border: 0px; outline: 0px; font-size: 16px; vertical-align: baseline; background-color: transparent; font-family: SimSun; background-position: initial initial; background-repeat: initial initial;">月</span><span style="margin: 0px; padding: 0px; border: 0px; outline: 0px; font-size: 16px; vertical-align: baseline; background-color: transparent; font-family: SimSun; background-position: initial initial; background-repeat: initial initial;">ISM</span><span style="margin: 0px; padding: 0px; border: 0px; outline: 0px; font-size: 16px; vertical-align: baseline; background-color: transparent; font-family: SimSun; background-position: initial initial; background-repeat: initial initial;">非制造业指数</span><span style="margin: 0px; padding: 0px; border: 0px; outline: 0px; font-size: 16px; vertical-align: baseline; background-color: transparent; font-family: SimSun; background-position: initial initial; background-repeat: initial initial;">59.6</span><span style="margin: 0px; padding: 0px; border: 0px; outline: 0px; font-size: 16px; vertical-align: baseline; background-color: transparent; font-family: SimSun; background-position: initial initial; background-repeat: initial initial;">，远超预期的</span><span style="margin: 0px; padding: 0px; border: 0px; outline: 0px; font-size: 16px; vertical-align: baseline; background-color: transparent; font-family: SimSun; background-position: initial initial; background-repeat: initial initial;">57.7</span><span style="margin: 0px; padding: 0px; border: 0px; outline: 0px; font-size: 16px; vertical-align: baseline; background-color: transparent; font-family: SimSun; background-position: initial initial; background-repeat: initial initial;">，创九年新高，前值为</span><span style="margin: 0px; padding: 0px; border: 0px; outline: 0px; font-size: 16px; vertical-align: baseline; background-color: transparent; font-family: SimSun; background-position: initial initial; background-repeat: initial initial;">58.7</span><span style="margin: 0px; padding: 0px; border: 0px; outline: 0px; font-size: 16px; vertical-align: baseline; background-color: transparent; font-family: SimSun; background-position: initial initial; background-repeat: initial initial;">，其中，企业活动指数创</span><span style="margin: 0px; padding: 0px; border: 0px; outline: 0px; font-size: 16px; vertical-align: baseline; background-color: transparent; font-family: SimSun; background-position: initial initial; background-repeat: initial initial;">2004</span><span style="margin: 0px; padding: 0px; border: 0px; outline: 0px; font-size: 16px; vertical-align: baseline; background-color: transparent; font-family: SimSun; background-position: initial initial; background-repeat: initial initial;">年来新高，就业指数创</span><span style="margin: 0px; padding: 0px; border: 0px; outline: 0px; font-size: 16px; vertical-align: baseline; background-color: transparent; font-family: SimSun; background-position: initial initial; background-repeat: initial initial;">2006</span><span style="margin: 0px; padding: 0px; border: 0px; outline: 0px; font-size: 16px; vertical-align: baseline; background-color: transparent; font-family: SimSun; background-position: initial initial; background-repeat: initial initial;">年</span><span style="margin: 0px; padding: 0px; border: 0px; outline: 0px; font-size: 16px; vertical-align: baseline; background-color: transparent; font-family: SimSun; background-position: initial initial; background-repeat: initial initial;">2</span><span style="margin: 0px; padding: 0px; border: 0px; outline: 0px; font-size: 16px; vertical-align: baseline; background-color: transparent; font-family: SimSun; background-position: initial initial; background-repeat: initial initial;">月来新高。美国</span><span style="margin: 0px; padding: 0px; border: 0px; outline: 0px; font-size: 16px; vertical-align: baseline; background-color: transparent; font-family: SimSun; background-position: initial initial; background-repeat: initial initial;">7</span><span style="margin: 0px; padding: 0px; border: 0px; outline: 0px; font-size: 16px; vertical-align: baseline; background-color: transparent; font-family: SimSun; background-position: initial initial; background-repeat: initial initial;">月贸易逆差缩小至</span><span style="margin: 0px; padding: 0px; border: 0px; outline: 0px; font-size: 16px; vertical-align: baseline; background-color: transparent; font-family: SimSun; background-position: initial initial; background-repeat: initial initial;">405</span><span style="margin: 0px; padding: 0px; border: 0px; outline: 0px; font-size: 16px; vertical-align: baseline; background-color: transparent; font-family: SimSun; background-position: initial initial; background-repeat: initial initial;">亿美元，低于预期，</span><span style="margin: 0px; padding: 0px; border: 0px; outline: 0px; font-size: 16px; vertical-align: baseline; background-color: transparent; font-family: SimSun; background-position: initial initial; background-repeat: initial initial;">6</span><span style="margin: 0px; padding: 0px; border: 0px; outline: 0px; font-size: 16px; vertical-align: baseline; background-color: transparent; font-family: SimSun; background-position: initial initial; background-repeat: initial initial;">月贸易逆差由</span><span style="margin: 0px; padding: 0px; border: 0px; outline: 0px; font-size: 16px; vertical-align: baseline; background-color: transparent; font-family: SimSun; background-position: initial initial; background-repeat: initial initial;">415</span><span style="margin: 0px; padding: 0px; border: 0px; outline: 0px; font-size: 16px; vertical-align: baseline; background-color: transparent; font-family: SimSun; background-position: initial initial; background-repeat: initial initial;">亿美元修正为</span><span style="margin: 0px; padding: 0px; border: 0px; outline: 0px; font-size: 16px; vertical-align: baseline; background-color: transparent; font-family: SimSun; background-position: initial initial; background-repeat: initial initial;">408</span><span style="margin: 0px; padding: 0px; border: 0px; outline: 0px; font-size: 16px; vertical-align: baseline; background-color: transparent; font-family: SimSun; background-position: initial initial; background-repeat: initial initial;">亿美元，逆差缩减表明拖累经济增长的负面因素减少。而</span><span style="margin: 0px; padding: 0px; border: 0px; outline: 0px; font-size: 16px; vertical-align: baseline; background-color: transparent; font-family: SimSun; background-position: initial initial; background-repeat: initial initial;">ADP</span><span style="margin: 0px; padding: 0px; border: 0px; outline: 0px; font-size: 16px; vertical-align: baseline; background-color: transparent; font-family: SimSun; background-position: initial initial; background-repeat: initial initial;">与初请失业金人数则表现不佳。数据显示，美国</span><span style="margin: 0px; padding: 0px; border: 0px; outline: 0px; font-size: 16px; vertical-align: baseline; background-color: transparent; font-family: SimSun; background-position: initial initial; background-repeat: initial initial;">8</span><span style="margin: 0px; padding: 0px; border: 0px; outline: 0px; font-size: 16px; vertical-align: baseline; background-color: transparent; font-family: SimSun; background-position: initial initial; background-repeat: initial initial;">月</span><span style="margin: 0px; padding: 0px; border: 0px; outline: 0px; font-size: 16px; vertical-align: baseline; background-color: transparent; font-family: SimSun; background-position: initial initial; background-repeat: initial initial;">ADP</span><span style="margin: 0px; padding: 0px; border: 0px; outline: 0px; font-size: 16px; vertical-align: baseline; background-color: transparent; font-family: SimSun; background-position: initial initial; background-repeat: initial initial;">就业人数增加</span><span style="margin: 0px; padding: 0px; border: 0px; outline: 0px; font-size: 16px; vertical-align: baseline; background-color: transparent; font-family: SimSun; background-position: initial initial; background-repeat: initial initial;">20.4</span><span style="margin: 0px; padding: 0px; border: 0px; outline: 0px; font-size: 16px; vertical-align: baseline; background-color: transparent; font-family: SimSun; background-position: initial initial; background-repeat: initial initial;">万，增幅为今年</span><span style="margin: 0px; padding: 0px; border: 0px; outline: 0px; font-size: 16px; vertical-align: baseline; background-color: transparent; font-family: SimSun; background-position: initial initial; background-repeat: initial initial;">3</span><span style="margin: 0px; padding: 0px; border: 0px; outline: 0px; font-size: 16px; vertical-align: baseline; background-color: transparent; font-family: SimSun; background-position: initial initial; background-repeat: initial initial;">月以来最低，预期为增加</span><span style="margin: 0px; padding: 0px; border: 0px; outline: 0px; font-size: 16px; vertical-align: baseline; background-color: transparent; font-family: SimSun; background-position: initial initial; background-repeat: initial initial;">22.0</span><span style="margin: 0px; padding: 0px; border: 0px; outline: 0px; font-size: 16px; vertical-align: baseline; background-color: transparent; font-family: SimSun; background-position: initial initial; background-repeat: initial initial;">万，前值修正为增加</span><span style="margin: 0px; padding: 0px; border: 0px; outline: 0px; font-size: 16px; vertical-align: baseline; background-color: transparent; font-family: SimSun; background-position: initial initial; background-repeat: initial initial;">21.2</span><span style="margin: 0px; padding: 0px; border: 0px; outline: 0px; font-size: 16px; vertical-align: baseline; background-color: transparent; font-family: SimSun; background-position: initial initial; background-repeat: initial initial;">万，初值为增加</span><span style="margin: 0px; padding: 0px; border: 0px; outline: 0px; font-size: 16px; vertical-align: baseline; background-color: transparent; font-family: SimSun; background-position: initial initial; background-repeat: initial initial;">21.8</span><span style="margin: 0px; padding: 0px; border: 0px; outline: 0px; font-size: 16px; vertical-align: baseline; background-color: transparent; font-family: SimSun; background-position: initial initial; background-repeat: initial initial;">万。美国上周首次申请失业金人数为</span><span style="margin: 0px; padding: 0px; border: 0px; outline: 0px; font-size: 16px; vertical-align: baseline; background-color: transparent; font-family: SimSun; background-position: initial initial; background-repeat: initial initial;">30.2</span><span style="margin: 0px; padding: 0px; border: 0px; outline: 0px; font-size: 16px; vertical-align: baseline; background-color: transparent; font-family: SimSun; background-position: initial initial; background-repeat: initial initial;">万人，高于</span><span style="margin: 0px; padding: 0px; border: 0px; outline: 0px; font-size: 16px; vertical-align: baseline; background-color: transparent; font-family: SimSun; background-position: initial initial; background-repeat: initial initial;">30</span><span style="margin: 0px; padding: 0px; border: 0px; outline: 0px; font-size: 16px; vertical-align: baseline; background-color: transparent; font-family: SimSun; background-position: initial initial; background-repeat: initial initial;">万人的预期，而领取失业金的总人数创下</span><span style="margin: 0px; padding: 0px; border: 0px; outline: 0px; font-size: 16px; vertical-align: baseline; background-color: transparent; font-family: SimSun; background-position: initial initial; background-repeat: initial initial;">7</span><span style="margin: 0px; padding: 0px; border: 0px; outline: 0px; font-size: 16px; vertical-align: baseline; background-color: transparent; font-family: SimSun; background-position: initial initial; background-repeat: initial initial;">年新低。</span></span></p>\r\n<p style="margin: 0px; padding: 0px; border: 0px; outline: 0px; vertical-align: baseline; color: rgb(0, 0, 0); font-family: Simsun; line-height: 22px;">\r\n	<span style="margin: 0px; padding: 0px; border: 0px; outline: 0px; font-size: 16px; vertical-align: baseline; background-color: transparent; font-family: SimSun; background-position: initial initial; background-repeat: initial initial;">&nbsp;</span></p>\r\n<p style="margin: 0px; padding: 0px; border: 0px; outline: 0px; vertical-align: baseline; color: rgb(0, 0, 0); font-family: Simsun; line-height: 22px;">\r\n	<span style="margin: 0px; padding: 0px; border: 0px; outline: 0px; font-size: 16px; vertical-align: baseline; background-color: transparent; font-family: SimSun; background-position: initial initial; background-repeat: initial initial;">虽然公布的就业数据表现不佳，或许会令市场看淡此次非农数据，但不可否认的是美国近期以来各方面的经济数据则是全面向好，因此此次非农究竟如何仍是一大悬念。</span></p>\r\n<p style="margin: 0px; padding: 0px; border: 0px; outline: 0px; vertical-align: baseline; color: rgb(0, 0, 0); font-family: Simsun; line-height: 22px;">\r\n	<span style="margin: 0px; padding: 0px; border: 0px; outline: 0px; font-size: 16px; vertical-align: baseline; background-color: transparent; font-family: SimSun; background-position: initial initial; background-repeat: initial initial;">&nbsp;</span></p>\r\n<p style="margin: 0px; padding: 0px; border: 0px; outline: 0px; vertical-align: baseline; color: rgb(0, 0, 0); font-family: Simsun; line-height: 22px;">\r\n	<span style="margin: 0px; padding: 0px; border: 0px; outline: 0px; font-size: 16px; vertical-align: baseline; background-color: transparent; font-family: SimSun; background-position: initial initial; background-repeat: initial initial;">另外值得关注的依然是乌俄问题，这也是近期导致欧元汇率下跌的一个原因。虽然周三的停火传闻一度令欧元企稳，但随后被普京驳斥之后再度令市场空欢喜一场。今日，乌克兰、俄罗斯、欧安组织以及乌克兰国内反对派别的代表将于白俄罗斯首都明斯克举行多方会谈，值得投资者密切关注。</span></p>\r\n');
INSERT INTO `eca_article` (`id`, `content`) VALUES
(38, '<p style="margin: 0px; padding: 0px; border: 0px; outline: 0px; vertical-align: baseline; color: rgb(0, 0, 0); font-family: Simsun; line-height: 22px;">\r\n	<span style="margin: 0px; padding: 0px; border: 0px; outline: 0px; font-size: 10.5pt; vertical-align: baseline; background-color: transparent; font-family: 宋体; background-position: initial initial; background-repeat: initial initial;"><span style="margin: 0px; padding: 0px; border: 0px; outline: 0px; font-size: 16px; vertical-align: baseline; background-color: transparent; font-family: SimSun; background-position: initial initial; background-repeat: initial initial;">周二（</span><span style="margin: 0px; padding: 0px; border: 0px; outline: 0px; font-size: 16px; vertical-align: baseline; background-color: transparent; font-family: SimSun; background-position: initial initial; background-repeat: initial initial;">9</span><span style="margin: 0px; padding: 0px; border: 0px; outline: 0px; font-size: 16px; vertical-align: baseline; background-color: transparent; font-family: SimSun; background-position: initial initial; background-repeat: initial initial;">月</span><span style="margin: 0px; padding: 0px; border: 0px; outline: 0px; font-size: 16px; vertical-align: baseline; background-color: transparent; font-family: SimSun; background-position: initial initial; background-repeat: initial initial;">2</span><span style="margin: 0px; padding: 0px; border: 0px; outline: 0px; font-size: 16px; vertical-align: baseline; background-color: transparent; font-family: SimSun; background-position: initial initial; background-repeat: initial initial;">日），因美元指数持续走高，并创下</span><span style="margin: 0px; padding: 0px; border: 0px; outline: 0px; font-size: 16px; vertical-align: baseline; background-color: transparent; font-family: SimSun; background-position: initial initial; background-repeat: initial initial;">14</span><span style="margin: 0px; padding: 0px; border: 0px; outline: 0px; font-size: 16px; vertical-align: baseline; background-color: transparent; font-family: SimSun; background-position: initial initial; background-repeat: initial initial;">个月来的新高，令黄金白银纷纷承压，此外，晚间美国公布的经济数据全面向好，令美指高位企稳，金银则反弹乏力。截止当日收盘，现货黄金报于</span><span style="margin: 0px; padding: 0px; border: 0px; outline: 0px; font-size: 16px; vertical-align: baseline; background-color: transparent; font-family: SimSun; background-position: initial initial; background-repeat: initial initial;">1264</span><span style="margin: 0px; padding: 0px; border: 0px; outline: 0px; font-size: 16px; vertical-align: baseline; background-color: transparent; font-family: SimSun; background-position: initial initial; background-repeat: initial initial;">美元</span><span style="margin: 0px; padding: 0px; border: 0px; outline: 0px; font-size: 16px; vertical-align: baseline; background-color: transparent; font-family: SimSun; background-position: initial initial; background-repeat: initial initial;">/</span><span style="margin: 0px; padding: 0px; border: 0px; outline: 0px; font-size: 16px; vertical-align: baseline; background-color: transparent; font-family: SimSun; background-position: initial initial; background-repeat: initial initial;">盎司，下跌</span><span style="margin: 0px; padding: 0px; border: 0px; outline: 0px; font-size: 16px; vertical-align: baseline; background-color: transparent; font-family: SimSun; background-position: initial initial; background-repeat: initial initial;">1.7%</span><span style="margin: 0px; padding: 0px; border: 0px; outline: 0px; font-size: 16px; vertical-align: baseline; background-color: transparent; font-family: SimSun; background-position: initial initial; background-repeat: initial initial;">，创下</span><span style="margin: 0px; padding: 0px; border: 0px; outline: 0px; font-size: 16px; vertical-align: baseline; background-color: transparent; font-family: SimSun; background-position: initial initial; background-repeat: initial initial;">7</span><span style="margin: 0px; padding: 0px; border: 0px; outline: 0px; font-size: 16px; vertical-align: baseline; background-color: transparent; font-family: SimSun; background-position: initial initial; background-repeat: initial initial;">月以来的单日最大跌幅；现货白银报于</span><span style="margin: 0px; padding: 0px; border: 0px; outline: 0px; font-size: 16px; vertical-align: baseline; background-color: transparent; font-family: SimSun; background-position: initial initial; background-repeat: initial initial;">3802</span><span style="margin: 0px; padding: 0px; border: 0px; outline: 0px; font-size: 16px; vertical-align: baseline; background-color: transparent; font-family: SimSun; background-position: initial initial; background-repeat: initial initial;">，较前一日收盘价下跌</span><span style="margin: 0px; padding: 0px; border: 0px; outline: 0px; font-size: 16px; vertical-align: baseline; background-color: transparent; font-family: SimSun; background-position: initial initial; background-repeat: initial initial;">1.58%</span><span style="margin: 0px; padding: 0px; border: 0px; outline: 0px; font-size: 16px; vertical-align: baseline; background-color: transparent; font-family: SimSun; background-position: initial initial; background-repeat: initial initial;">，日内银价最高</span><span style="margin: 0px; padding: 0px; border: 0px; outline: 0px; font-size: 16px; vertical-align: baseline; background-color: transparent; font-family: SimSun; background-position: initial initial; background-repeat: initial initial;">3868</span><span style="margin: 0px; padding: 0px; border: 0px; outline: 0px; font-size: 16px; vertical-align: baseline; background-color: transparent; font-family: SimSun; background-position: initial initial; background-repeat: initial initial;">，最低</span><span style="margin: 0px; padding: 0px; border: 0px; outline: 0px; font-size: 16px; vertical-align: baseline; background-color: transparent; font-family: SimSun; background-position: initial initial; background-repeat: initial initial;">3787</span><span style="margin: 0px; padding: 0px; border: 0px; outline: 0px; font-size: 16px; vertical-align: baseline; background-color: transparent; font-family: SimSun; background-position: initial initial; background-repeat: initial initial;">，上下波动</span><span style="margin: 0px; padding: 0px; border: 0px; outline: 0px; font-size: 16px; vertical-align: baseline; background-color: transparent; font-family: SimSun; background-position: initial initial; background-repeat: initial initial;">81</span><span style="margin: 0px; padding: 0px; border: 0px; outline: 0px; font-size: 16px; vertical-align: baseline; background-color: transparent; font-family: SimSun; background-position: initial initial; background-repeat: initial initial;">个点。</span></span></p>\r\n<p style="margin: 0px; padding: 0px; border: 0px; outline: 0px; vertical-align: baseline; color: rgb(0, 0, 0); font-family: Simsun; line-height: 22px;">\r\n	<span style="margin: 0px; padding: 0px; border: 0px; outline: 0px; font-size: 16px; vertical-align: baseline; background-color: transparent; font-family: SimSun; background-position: initial initial; background-repeat: initial initial;">&nbsp;</span></p>\r\n<p style="margin: 0px; padding: 0px; border: 0px; outline: 0px; vertical-align: baseline; color: rgb(0, 0, 0); font-family: Simsun; line-height: 22px;">\r\n	<span style="margin: 0px; padding: 0px; border: 0px; outline: 0px; font-size: 16px; vertical-align: baseline; background-color: transparent; font-family: SimSun; background-position: initial initial; background-repeat: initial initial;">虽然本周的重要焦点并未到来，但行情却率先发生。分析认为，美元指数保持强势上攻是金银下跌的重要原因，同时在金银跌破低位关键支撑之后，大量的多头止损离场进一步加强了空头的势力。</span></p>\r\n<p style="margin: 0px; padding: 0px; border: 0px; outline: 0px; vertical-align: baseline; color: rgb(0, 0, 0); font-family: Simsun; line-height: 22px;">\r\n	<span style="margin: 0px; padding: 0px; border: 0px; outline: 0px; font-size: 16px; vertical-align: baseline; background-color: transparent; font-family: SimSun; background-position: initial initial; background-repeat: initial initial;">&nbsp;</span></p>\r\n<p style="margin: 0px; padding: 0px; border: 0px; outline: 0px; vertical-align: baseline; color: rgb(0, 0, 0); font-family: Simsun; line-height: 22px;">\r\n	<span style="margin: 0px; padding: 0px; border: 0px; outline: 0px; font-size: 10.5pt; vertical-align: baseline; background-color: transparent; font-family: 宋体; background-position: initial initial; background-repeat: initial initial;"><span style="margin: 0px; padding: 0px; border: 0px; outline: 0px; font-size: 16px; vertical-align: baseline; background-color: transparent; font-family: SimSun; background-position: initial initial; background-repeat: initial initial;">另外，隔夜美国公布的经济数据显示，美国</span><span style="margin: 0px; padding: 0px; border: 0px; outline: 0px; font-size: 16px; vertical-align: baseline; background-color: transparent; font-family: SimSun; background-position: initial initial; background-repeat: initial initial;">8</span><span style="margin: 0px; padding: 0px; border: 0px; outline: 0px; font-size: 16px; vertical-align: baseline; background-color: transparent; font-family: SimSun; background-position: initial initial; background-repeat: initial initial;">月</span><span style="margin: 0px; padding: 0px; border: 0px; outline: 0px; font-size: 16px; vertical-align: baseline; background-color: transparent; font-family: SimSun; background-position: initial initial; background-repeat: initial initial;">ISM</span><span style="margin: 0px; padding: 0px; border: 0px; outline: 0px; font-size: 16px; vertical-align: baseline; background-color: transparent; font-family: SimSun; background-position: initial initial; background-repeat: initial initial;">制造业</span><span style="margin: 0px; padding: 0px; border: 0px; outline: 0px; font-size: 16px; vertical-align: baseline; background-color: transparent; font-family: SimSun; background-position: initial initial; background-repeat: initial initial;">PMI&nbsp;59</span><span style="margin: 0px; padding: 0px; border: 0px; outline: 0px; font-size: 16px; vertical-align: baseline; background-color: transparent; font-family: SimSun; background-position: initial initial; background-repeat: initial initial;">，超预期的</span><span style="margin: 0px; padding: 0px; border: 0px; outline: 0px; font-size: 16px; vertical-align: baseline; background-color: transparent; font-family: SimSun; background-position: initial initial; background-repeat: initial initial;">57</span><span style="margin: 0px; padding: 0px; border: 0px; outline: 0px; font-size: 16px; vertical-align: baseline; background-color: transparent; font-family: SimSun; background-position: initial initial; background-repeat: initial initial;">，创</span><span style="margin: 0px; padding: 0px; border: 0px; outline: 0px; font-size: 16px; vertical-align: baseline; background-color: transparent; font-family: SimSun; background-position: initial initial; background-repeat: initial initial;">2011</span><span style="margin: 0px; padding: 0px; border: 0px; outline: 0px; font-size: 16px; vertical-align: baseline; background-color: transparent; font-family: SimSun; background-position: initial initial; background-repeat: initial initial;">年</span><span style="margin: 0px; padding: 0px; border: 0px; outline: 0px; font-size: 16px; vertical-align: baseline; background-color: transparent; font-family: SimSun; background-position: initial initial; background-repeat: initial initial;">3</span><span style="margin: 0px; padding: 0px; border: 0px; outline: 0px; font-size: 16px; vertical-align: baseline; background-color: transparent; font-family: SimSun; background-position: initial initial; background-repeat: initial initial;">月来新高，前值</span><span style="margin: 0px; padding: 0px; border: 0px; outline: 0px; font-size: 16px; vertical-align: baseline; background-color: transparent; font-family: SimSun; background-position: initial initial; background-repeat: initial initial;">57.1</span><span style="margin: 0px; padding: 0px; border: 0px; outline: 0px; font-size: 16px; vertical-align: baseline; background-color: transparent; font-family: SimSun; background-position: initial initial; background-repeat: initial initial;">，其中，新订单指数连续</span><span style="margin: 0px; padding: 0px; border: 0px; outline: 0px; font-size: 16px; vertical-align: baseline; background-color: transparent; font-family: SimSun; background-position: initial initial; background-repeat: initial initial;">15</span><span style="margin: 0px; padding: 0px; border: 0px; outline: 0px; font-size: 16px; vertical-align: baseline; background-color: transparent; font-family: SimSun; background-position: initial initial; background-repeat: initial initial;">个月攀升，创</span><span style="margin: 0px; padding: 0px; border: 0px; outline: 0px; font-size: 16px; vertical-align: baseline; background-color: transparent; font-family: SimSun; background-position: initial initial; background-repeat: initial initial;">2004</span><span style="margin: 0px; padding: 0px; border: 0px; outline: 0px; font-size: 16px; vertical-align: baseline; background-color: transparent; font-family: SimSun; background-position: initial initial; background-repeat: initial initial;">年</span><span style="margin: 0px; padding: 0px; border: 0px; outline: 0px; font-size: 16px; vertical-align: baseline; background-color: transparent; font-family: SimSun; background-position: initial initial; background-repeat: initial initial;">4</span><span style="margin: 0px; padding: 0px; border: 0px; outline: 0px; font-size: 16px; vertical-align: baseline; background-color: transparent; font-family: SimSun; background-position: initial initial; background-repeat: initial initial;">月以来最高。美国</span><span style="margin: 0px; padding: 0px; border: 0px; outline: 0px; font-size: 16px; vertical-align: baseline; background-color: transparent; font-family: SimSun; background-position: initial initial; background-repeat: initial initial;">8</span><span style="margin: 0px; padding: 0px; border: 0px; outline: 0px; font-size: 16px; vertical-align: baseline; background-color: transparent; font-family: SimSun; background-position: initial initial; background-repeat: initial initial;">月</span><span style="margin: 0px; padding: 0px; border: 0px; outline: 0px; font-size: 16px; vertical-align: baseline; background-color: transparent; font-family: SimSun; background-position: initial initial; background-repeat: initial initial;">Markit</span><span style="margin: 0px; padding: 0px; border: 0px; outline: 0px; font-size: 16px; vertical-align: baseline; background-color: transparent; font-family: SimSun; background-position: initial initial; background-repeat: initial initial;">制造业</span><span style="margin: 0px; padding: 0px; border: 0px; outline: 0px; font-size: 16px; vertical-align: baseline; background-color: transparent; font-family: SimSun; background-position: initial initial; background-repeat: initial initial;">PMI</span><span style="margin: 0px; padding: 0px; border: 0px; outline: 0px; font-size: 16px; vertical-align: baseline; background-color: transparent; font-family: SimSun; background-position: initial initial; background-repeat: initial initial;">终值升至</span><span style="margin: 0px; padding: 0px; border: 0px; outline: 0px; font-size: 16px; vertical-align: baseline; background-color: transparent; font-family: SimSun; background-position: initial initial; background-repeat: initial initial;">57.9</span><span style="margin: 0px; padding: 0px; border: 0px; outline: 0px; font-size: 16px; vertical-align: baseline; background-color: transparent; font-family: SimSun; background-position: initial initial; background-repeat: initial initial;">，创</span><span style="margin: 0px; padding: 0px; border: 0px; outline: 0px; font-size: 16px; vertical-align: baseline; background-color: transparent; font-family: SimSun; background-position: initial initial; background-repeat: initial initial;">2010</span><span style="margin: 0px; padding: 0px; border: 0px; outline: 0px; font-size: 16px; vertical-align: baseline; background-color: transparent; font-family: SimSun; background-position: initial initial; background-repeat: initial initial;">年</span><span style="margin: 0px; padding: 0px; border: 0px; outline: 0px; font-size: 16px; vertical-align: baseline; background-color: transparent; font-family: SimSun; background-position: initial initial; background-repeat: initial initial;">4</span><span style="margin: 0px; padding: 0px; border: 0px; outline: 0px; font-size: 16px; vertical-align: baseline; background-color: transparent; font-family: SimSun; background-position: initial initial; background-repeat: initial initial;">月以来最快，</span><span style="margin: 0px; padding: 0px; border: 0px; outline: 0px; font-size: 16px; vertical-align: baseline; background-color: transparent; font-family: SimSun; background-position: initial initial; background-repeat: initial initial;">7</span><span style="margin: 0px; padding: 0px; border: 0px; outline: 0px; font-size: 16px; vertical-align: baseline; background-color: transparent; font-family: SimSun; background-position: initial initial; background-repeat: initial initial;">月终值为</span><span style="margin: 0px; padding: 0px; border: 0px; outline: 0px; font-size: 16px; vertical-align: baseline; background-color: transparent; font-family: SimSun; background-position: initial initial; background-repeat: initial initial;">55.8</span><span style="margin: 0px; padding: 0px; border: 0px; outline: 0px; font-size: 16px; vertical-align: baseline; background-color: transparent; font-family: SimSun; background-position: initial initial; background-repeat: initial initial;">。美国</span><span style="margin: 0px; padding: 0px; border: 0px; outline: 0px; font-size: 16px; vertical-align: baseline; background-color: transparent; font-family: SimSun; background-position: initial initial; background-repeat: initial initial;">7</span><span style="margin: 0px; padding: 0px; border: 0px; outline: 0px; font-size: 16px; vertical-align: baseline; background-color: transparent; font-family: SimSun; background-position: initial initial; background-repeat: initial initial;">月营建指出月率增长</span><span style="margin: 0px; padding: 0px; border: 0px; outline: 0px; font-size: 16px; vertical-align: baseline; background-color: transparent; font-family: SimSun; background-position: initial initial; background-repeat: initial initial;">1.8%</span><span style="margin: 0px; padding: 0px; border: 0px; outline: 0px; font-size: 16px; vertical-align: baseline; background-color: transparent; font-family: SimSun; background-position: initial initial; background-repeat: initial initial;">，高于预期的</span><span style="margin: 0px; padding: 0px; border: 0px; outline: 0px; font-size: 16px; vertical-align: baseline; background-color: transparent; font-family: SimSun; background-position: initial initial; background-repeat: initial initial;">1.1%</span><span style="margin: 0px; padding: 0px; border: 0px; outline: 0px; font-size: 16px; vertical-align: baseline; background-color: transparent; font-family: SimSun; background-position: initial initial; background-repeat: initial initial;">，创</span><span style="margin: 0px; padding: 0px; border: 0px; outline: 0px; font-size: 16px; vertical-align: baseline; background-color: transparent; font-family: SimSun; background-position: initial initial; background-repeat: initial initial;">2012</span><span style="margin: 0px; padding: 0px; border: 0px; outline: 0px; font-size: 16px; vertical-align: baseline; background-color: transparent; font-family: SimSun; background-position: initial initial; background-repeat: initial initial;">年</span><span style="margin: 0px; padding: 0px; border: 0px; outline: 0px; font-size: 16px; vertical-align: baseline; background-color: transparent; font-family: SimSun; background-position: initial initial; background-repeat: initial initial;">5</span><span style="margin: 0px; padding: 0px; border: 0px; outline: 0px; font-size: 16px; vertical-align: baseline; background-color: transparent; font-family: SimSun; background-position: initial initial; background-repeat: initial initial;">月以来的最高水平。</span><span style="margin: 0px; padding: 0px; border: 0px; outline: 0px; font-size: 16px; vertical-align: baseline; background-color: transparent; font-family: SimSun; background-position: initial initial; background-repeat: initial initial;"></span></span></p>\r\n<p style="margin: 0px; padding: 0px; border: 0px; outline: 0px; vertical-align: baseline; color: rgb(0, 0, 0); font-family: Simsun; line-height: 22px;">\r\n	<span style="margin: 0px; padding: 0px; border: 0px; outline: 0px; font-size: 16px; vertical-align: baseline; background-color: transparent; font-family: SimSun; background-position: initial initial; background-repeat: initial initial;">&nbsp;</span></p>\r\n<p style="margin: 0px; padding: 0px; border: 0px; outline: 0px; vertical-align: baseline; color: rgb(0, 0, 0); font-family: Simsun; line-height: 22px;">\r\n	<span style="margin: 0px; padding: 0px; border: 0px; outline: 0px; font-size: 16px; vertical-align: baseline; background-color: transparent; font-family: SimSun; background-position: initial initial; background-repeat: initial initial;">整体来看，日内美国公布的经济数据全面向好，因而继续给与美元指数提供强力支撑，而原本就疲弱不看的黄金白银则继续承压。</span></p>\r\n<p style="margin: 0px; padding: 0px; border: 0px; outline: 0px; vertical-align: baseline; color: rgb(0, 0, 0); font-family: Simsun; line-height: 22px;">\r\n	<span style="margin: 0px; padding: 0px; border: 0px; outline: 0px; font-size: 16px; vertical-align: baseline; background-color: transparent; font-family: SimSun; background-position: initial initial; background-repeat: initial initial;">&nbsp;</span></p>\r\n<p style="margin: 0px; padding: 0px; border: 0px; outline: 0px; vertical-align: baseline; color: rgb(0, 0, 0); font-family: Simsun; line-height: 22px;">\r\n	<span style="margin: 0px; padding: 0px; border: 0px; outline: 0px; font-size: 10.5pt; vertical-align: baseline; background-color: transparent; font-family: 宋体; background-position: initial initial; background-repeat: initial initial;"><span style="margin: 0px; padding: 0px; border: 0px; outline: 0px; font-size: 16px; vertical-align: baseline; background-color: transparent; font-family: SimSun; background-position: initial initial; background-repeat: initial initial;">今日主要关注欧洲公布的一系列经济数据，包括欧元区多国</span><span style="margin: 0px; padding: 0px; border: 0px; outline: 0px; font-size: 16px; vertical-align: baseline; background-color: transparent; font-family: SimSun; background-position: initial initial; background-repeat: initial initial;">PMI</span><span style="margin: 0px; padding: 0px; border: 0px; outline: 0px; font-size: 16px; vertical-align: baseline; background-color: transparent; font-family: SimSun; background-position: initial initial; background-repeat: initial initial;">终值、欧元区零售销售月率、欧元区第二季度</span><span style="margin: 0px; padding: 0px; border: 0px; outline: 0px; font-size: 16px; vertical-align: baseline; background-color: transparent; font-family: SimSun; background-position: initial initial; background-repeat: initial initial;">GDP</span><span style="margin: 0px; padding: 0px; border: 0px; outline: 0px; font-size: 16px; vertical-align: baseline; background-color: transparent; font-family: SimSun; background-position: initial initial; background-repeat: initial initial;">终值等，如果数据整体表现疲弱，则将会继续提振市场对于欧洲央行在本周四的欧银决议上再度采取宽松政策的预期，那么欧元汇率将会再受打压，相反，牛气冲天的美元指数则将再度获得上攻动力，进而祸及金银。美国方面可主要关注</span><span style="margin: 0px; padding: 0px; border: 0px; outline: 0px; font-size: 16px; vertical-align: baseline; background-color: transparent; font-family: SimSun; background-position: initial initial; background-repeat: initial initial;">7</span><span style="margin: 0px; padding: 0px; border: 0px; outline: 0px; font-size: 16px; vertical-align: baseline; background-color: transparent; font-family: SimSun; background-position: initial initial; background-repeat: initial initial;">月工厂订单月率，若数据向好，将会继续提振美元指数。</span></span></p>\r\n'),
(47, '<p style="padding: 0px; margin: 26px 0px; font-size: 14px; text-indent: 2em; color: rgb(37, 37, 37); font-family: 宋体, sans-serif; line-height: 24px; text-align: justify;">\r\n	金秋九月，众多市民都在计划着十一国庆节去哪里游玩，但也有不少市民则在挑选各种<span style="color:#000000;">银行理财产品</span><span style="color:#000000;">，算计着如何能在节日期间&ldquo;大赚一笔&rdquo;。而随着国庆的到来，部分银行会以节日为噱头发行高收益</span><span style="color:#000000;">产品。那么，如何在&ldquo;琳琅满目&rdquo;的产品中挑选适合自己的节前理财品呢？有理财专家表示，挑选理财品高收益固然重要，但同时不要忘记计算时间</span><span style="color:#000000;">成本</span>。</p>\r\n<p style="padding: 0px; margin: 26px 0px; font-size: 14px; text-indent: 2em; color: rgb(37, 37, 37); font-family: 宋体, sans-serif; line-height: 24px; text-align: justify;">\r\n	<strong>季末+国庆效应 理财小高潮来临</strong></p>\r\n<p style="padding: 0px; margin: 26px 0px; font-size: 14px; text-indent: 2em; color: rgb(37, 37, 37); font-family: 宋体, sans-serif; line-height: 24px; text-align: justify;">\r\n	8月份银行理财产品市场显得虎头蛇尾。投资者便将寄希望于季末+国庆节的9月，有业内人士表示，考虑到当前央行对资金面呵护有加，整体而言，9月市场资金利率上的表现应是略有上行，但幅度有限。而9月下旬由于受国庆和季末影响，资金面可能出现季节性边际收紧，银行理财产品与互联网金融产品收益有望走高。</p>\r\n<p style="padding: 0px; margin: 26px 0px; font-size: 14px; text-indent: 2em; color: rgb(37, 37, 37); font-family: 宋体, sans-serif; line-height: 24px; text-align: justify;">\r\n	此外，中国经济网记者查阅资料发现，9月首周，全国共有719款银行理财产品发售，平均预期收益率为5.15%，较前一周上升0.05个百分点；第二周，全国共有604款银行理财产品发售，平均投资期限为133天。其中，人民币非结构性理财产品累计发售583款，平均预期收益率为5.15%，与前一周持平。分析师表示，9月中下旬理财市场依然具有颇多看点，节日题材和季末效应将会为理财产品带来另一个收益爆发期。</p>\r\n<p style="padding: 0px; margin: 26px 0px; font-size: 14px; text-indent: 2em; color: rgb(37, 37, 37); font-family: 宋体, sans-serif; line-height: 24px; text-align: justify;">\r\n	但也有理<span style="color:#000000;">财专家指出，国庆长假前期，切勿贸然购买高收益理财产品，很多理财产品虽然收益率看上去很美，实际测算下来却不及余额宝</span><span style="color:#000000;">，这也需要</span>投资者在实际理财中慧眼分辨。</p>\r\n'),
(48, '<p style="padding: 0px; margin: 26px 0px; font-size: 14px; text-indent: 2em; color: rgb(37, 37, 37); font-family: 宋体, sans-serif; line-height: 24px; text-align: justify;">\r\n	上一期我们给大家讲了一个银行&ldquo;桂圆&rdquo;妹纸理财的故事，引发猫友们的强烈回复，有人问妹纸在哪家银行工作，还有人关心妹纸是否单身，甚至要求妹纸晒账本好让自己对照着做。恕记者不能透露过多银行妹纸的私隐，但看了下大家的问题，发现不少年轻猫友反复纠结的，都是不知道理财的钱从哪里来。年轻人理财真的难么？&ldquo;羊晚招财猫&rdquo;联系了数位中国注册理财规划师，让他们解答下猫友们关心的几方面问题。</p>\r\n<p style="padding: 0px; margin: 26px 0px; font-size: 14px; text-indent: 2em; color: rgb(37, 37, 37); font-family: 宋体, sans-serif; line-height: 24px; text-align: justify;">\r\n	<b>什么样的理财心态最正确？</b></p>\r\n<p style="padding: 0px; margin: 26px 0px; font-size: 14px; text-indent: 2em; color: rgb(37, 37, 37); font-family: 宋体, sans-serif; line-height: 24px; text-align: justify;">\r\n	年轻猫友的问题，都反映了他们因城市生活成本高，而自身收入有限，但又特别急于理财的心情，不少猫友甚至直接问，到底何种理财产品的收益最高？</p>\r\n<p style="padding: 0px; margin: 26px 0px; font-size: 14px; text-indent: 2em; color: rgb(37, 37, 37); font-family: 宋体, sans-serif; line-height: 24px; text-align: justify;">\r\n	到底年轻人该用什么样的心态来对待理财呢？益德国际私人理财顾问事务所贵宾理财顾问韩帅表示，年轻人由于收入不高但是生活成本不低，对于理财往往会觉得难度很大，甚至想等到工作更稳定了有一定积蓄才去理财。</p>\r\n<p style="padding: 0px; margin: 26px 0px; font-size: 14px; text-indent: 2em; color: rgb(37, 37, 37); font-family: 宋体, sans-serif; line-height: 24px; text-align: justify;">\r\n	&ldquo;其实理财不是一夜暴富，它需要持之以恒才能达到预期的效果，而且一定要尽早开始。&rdquo;韩帅说，早理财早受益这绝对是理财的金科玉律。他建议年轻人在理财的前期，不应该以投资获利为重点，而是以积累资金和经验为主，同时多学习理财知识，提高投资理财能力，积累实战经验。</p>\r\n<p style="padding: 0px; margin: 26px 0px; font-size: 14px; text-indent: 2em; color: rgb(37, 37, 37); font-family: 宋体, sans-serif; line-height: 24px; text-align: justify;">\r\n	<b>钱少少存，绝对不能不存！</b></p>\r\n<p style="padding: 0px; margin: 26px 0px; font-size: 14px; text-indent: 2em; color: rgb(37, 37, 37); font-family: 宋体, sans-serif; line-height: 24px; text-align: justify;">\r\n	&ldquo;桂圆&rdquo;妹纸之所以被很多年轻猫友直言&ldquo;戳中心窝&rdquo;，并得到理财师们的一致称赞，还在于她的两大法宝：持之以恒以及开源节流。</p>\r\n<p style="padding: 0px; margin: 26px 0px; font-size: 14px; text-indent: 2em; color: rgb(37, 37, 37); font-family: 宋体, sans-serif; line-height: 24px; text-align: justify;">\r\n	中国平安理财规划师李丰就建议刚参加工作的年轻人，一定不可以忽视开源节流。一方面可以通过自己的勤奋劳作增加收入，另一方面则需要减少支出。他给年轻人支招：每月发工资后，把10%的钱存银行定期作为存款准备金，10%的钱放在保险作为未来医疗及养老准备，40%的钱存银行活期作为平时备用金，还有40%放在投资账户，可以买些基金、黄金等，或者投资大脑，上一些增值课程。</p>\r\n'),
(49, '<p style="padding: 0px; margin: 26px 0px; font-size: 14px; text-indent: 2em; color: rgb(37, 37, 37); font-family: 宋体, sans-serif; line-height: 24px; text-align: justify;">\r\n	资品种不仅具有同黄金相似的货币属性及避险功能，其工业属性的凸显也使得价格波动变得复杂。在受到节日饰品等实物消费需求带动的同时，作为工业品又受到基金属价格下跌的拖累。</p>\r\n<p style="padding: 0px; margin: 26px 0px; font-size: 14px; text-indent: 2em; color: rgb(37, 37, 37); font-family: 宋体, sans-serif; line-height: 24px; text-align: justify;">\r\n	近日，由于市场预期中国需求疲软，国内大宗商品出现暴跌，特别是以现货铜铝镍为代表的基金属投资产品。而之前中国财政部长楼继伟表示，当前中国经济总体平稳增长，经济运行保持在合理区间，但同时也面临增速放缓的压力。在此情况下，中国政府的宏观经济政策将继续着眼于综合性目标，不会因为单个经济指标变化而做大的政策调整。受此消息影响，国内</p>\r\n');

-- --------------------------------------------------------

--
-- 表的结构 `eca_ask`
--

CREATE TABLE IF NOT EXISTS `eca_ask` (
  `id` mediumint(8) NOT NULL AUTO_INCREMENT,
  `title` varchar(200) NOT NULL,
  `content` text NOT NULL,
  `addtime` varchar(60) NOT NULL,
  `reply` text,
  `member` mediumint(8) NOT NULL,
  `replytime` varchar(60) DEFAULT NULL,
  PRIMARY KEY (`id`)
) ENGINE=MyISAM DEFAULT CHARSET=utf8 AUTO_INCREMENT=1 ;

-- --------------------------------------------------------

--
-- 表的结构 `eca_auto_fields`
--

CREATE TABLE IF NOT EXISTS `eca_auto_fields` (
  `id` mediumint(8) NOT NULL AUTO_INCREMENT,
  `field_name` varchar(60) NOT NULL,
  `use_name` varchar(60) NOT NULL COMMENT '表单提示文字',
  `field_type` varchar(60) NOT NULL,
  `field_value` varchar(255) DEFAULT NULL COMMENT '字段默认值',
  `field_length` mediumint(8) DEFAULT NULL,
  `channel_id` mediumint(8) NOT NULL COMMENT '所属频道id',
  `field_info` varchar(255) DEFAULT NULL COMMENT '字段提示信息',
  `is_disable` mediumint(8) NOT NULL,
  `check_value` varchar(60) DEFAULT NULL,
  `field_order` mediumint(8) NOT NULL DEFAULT '10',
  `is_del` mediumint(8) NOT NULL DEFAULT '0',
  PRIMARY KEY (`id`)
) ENGINE=MyISAM  DEFAULT CHARSET=utf8 AUTO_INCREMENT=37 ;

--
-- 转存表中的数据 `eca_auto_fields`
--

INSERT INTO `eca_auto_fields` (`id`, `field_name`, `use_name`, `field_type`, `field_value`, `field_length`, `channel_id`, `field_info`, `is_disable`, `check_value`, `field_order`, `is_del`) VALUES
(1, 'content', '内容', 'html', '', 255, 2, '', 0, '', 1, 1),
(2, 'model', '型号', 'text', '', 255, 3, '', 1, '', 1, 1),
(28, 'content', '详细内容', 'html', '', 255, 5, '', 0, '', 16, 1),
(6, 'down', '下载地址', 'upload_file', '', 255, 4, '', 0, '', 1, 1),
(27, 'content', '详细内容', 'html', '', 255, 4, '', 0, '', 4, 1),
(10, 'jobnum', '招聘人数', 'text', '', 255, 5, '', 0, '', 2, 0),
(12, 'jopaddress', '工作地点', 'text', '', 255, 5, '', 0, '', 5, 0),
(16, 'joblasttime', '截止日期', 'text', '2011-1-2', 255, 5, '', 0, '', 9, 0),
(26, 'content', '详细介绍', 'html', '', 255, 3, '', 0, '', 4, 1),
(24, 'content', '详细内容', 'html', '', 255, 1, '', 0, '', 1, 1),
(25, 'pics', '产品图片', 'upload_pic_more', '', 255, 3, '', 0, '', 10, 0),
(29, 'filesize', '文件大小', 'text', '', 255, 4, '单位为K', 1, '', 3, 1),
(30, 'filetype', '文件类型', 'select', '.exe,.rar,其他', 255, 4, '', 1, '', 2, 1),
(36, 'pics', '图集', 'upload_pic_more', '', 255, 1, '', 0, NULL, 10, 0);

-- --------------------------------------------------------

--
-- 表的结构 `eca_block`
--

CREATE TABLE IF NOT EXISTS `eca_block` (
  `id` mediumint(9) NOT NULL AUTO_INCREMENT,
  `tag` varchar(60) NOT NULL,
  `content` text,
  `tag_name` varchar(255) DEFAULT NULL,
  `lang` varchar(255) DEFAULT NULL,
  PRIMARY KEY (`id`)
) ENGINE=MyISAM  DEFAULT CHARSET=utf8 AUTO_INCREMENT=4 ;

-- --------------------------------------------------------

--
-- 表的结构 `eca_book`
--

CREATE TABLE IF NOT EXISTS `eca_book` (
  `id` mediumint(8) NOT NULL AUTO_INCREMENT,
  `book_name` varchar(60) DEFAULT NULL,
  `mail` varchar(255) DEFAULT NULL,
  `book_type` mediumint(8) NOT NULL DEFAULT '0' COMMENT '0-留言,1-投诉,2-询问,3-售后',
  `pr_id` mediumint(8) DEFAULT NULL COMMENT '产品',
  `book_title` varchar(60) NOT NULL,
  `book_content` text NOT NULL,
  `addtime` varchar(60) NOT NULL,
  `reply` text,
  `verify` mediumint(8) NOT NULL DEFAULT '0',
  `lang` varchar(60) DEFAULT NULL,
  PRIMARY KEY (`id`)
) ENGINE=MyISAM  DEFAULT CHARSET=utf8 AUTO_INCREMENT=2 ;

--
-- 转存表中的数据 `eca_book`
--

INSERT INTO `eca_book` (`id`, `book_name`, `mail`, `book_type`, `pr_id`, `book_title`, `book_content`, `addtime`, `reply`, `verify`, `lang`) VALUES
(1, '111111111', '111111111111', 0, 0, '11111111111', '11111111111111111111', '1409838053', NULL, 1, 'cn');

-- --------------------------------------------------------

--
-- 表的结构 `eca_book_info`
--

CREATE TABLE IF NOT EXISTS `eca_book_info` (
  `id` mediumint(8) NOT NULL AUTO_INCREMENT,
  `is_book` varchar(60) DEFAULT NULL,
  `book_pos` varchar(60) DEFAULT NULL,
  `book_verify` varchar(60) DEFAULT NULL,
  PRIMARY KEY (`id`)
) ENGINE=MyISAM  DEFAULT CHARSET=utf8 AUTO_INCREMENT=2 ;

--
-- 转存表中的数据 `eca_book_info`
--

INSERT INTO `eca_book_info` (`id`, `is_book`, `book_pos`, `book_verify`) VALUES
(1, '1', '2', '0');

-- --------------------------------------------------------

--
-- 表的结构 `eca_category`
--

CREATE TABLE IF NOT EXISTS `eca_category` (
  `id` mediumint(8) NOT NULL AUTO_INCREMENT,
  `custom_url` varchar(255) DEFAULT NULL,
  `cate_name` varchar(60) NOT NULL,
  `cate_mb_is` mediumint(8) NOT NULL,
  `cate_hide` mediumint(8) NOT NULL,
  `cate_channel` mediumint(8) NOT NULL,
  `cate_fold_name` varchar(60) NOT NULL,
  `cate_order` mediumint(8) NOT NULL,
  `cate_rank` mediumint(8) DEFAULT '0',
  `cate_tpl` mediumint(8) NOT NULL,
  `cate_tpl_index` varchar(60) DEFAULT NULL,
  `cate_tpl_list` varchar(60) DEFAULT NULL,
  `cate_tpl_content` varchar(60) DEFAULT NULL,
  `cate_title_seo` varchar(60) DEFAULT NULL,
  `cate_key_seo` varchar(60) DEFAULT NULL,
  `cate_info_seo` varchar(350) DEFAULT NULL,
  `lang` varchar(60) NOT NULL,
  `cate_parent` mediumint(8) NOT NULL,
  `cate_html` mediumint(8) NOT NULL DEFAULT '0',
  `cate_nav` varchar(60) NOT NULL DEFAULT '0',
  `is_content` mediumint(8) DEFAULT '0',
  `cate_url` varchar(60) DEFAULT NULL,
  `cate_is_open` mediumint(8) NOT NULL DEFAULT '0',
  `form_id` mediumint(8) DEFAULT NULL,
  `cate_pic1` varchar(255) DEFAULT NULL,
  `cate_pic2` varchar(255) DEFAULT NULL,
  `cate_pic3` varchar(255) DEFAULT NULL,
  `cate_content` text,
  `temp_id` mediumint(8) DEFAULT NULL,
  `list_num` mediumint(8) NOT NULL DEFAULT '20',
  `nav_show` varchar(60) DEFAULT NULL,
  PRIMARY KEY (`id`)
) ENGINE=MyISAM  DEFAULT CHARSET=utf8 AUTO_INCREMENT=33 ;

--
-- 转存表中的数据 `eca_category`
--

INSERT INTO `eca_category` (`id`, `custom_url`, `cate_name`, `cate_mb_is`, `cate_hide`, `cate_channel`, `cate_fold_name`, `cate_order`, `cate_rank`, `cate_tpl`, `cate_tpl_index`, `cate_tpl_list`, `cate_tpl_content`, `cate_title_seo`, `cate_key_seo`, `cate_info_seo`, `lang`, `cate_parent`, `cate_html`, `cate_nav`, `is_content`, `cate_url`, `cate_is_open`, `form_id`, `cate_pic1`, `cate_pic2`, `cate_pic3`, `cate_content`, `temp_id`, `list_num`, `nav_show`) VALUES
(4, '', '关于我们', 0, 0, 2, 'about', 1, 0, 2, '', 'list_article.html', 'article_content.html', '', '', '', 'cn', 0, 1, '2', 0, '../alone/alone.php?id=5', 0, 0, '', '', '', '', 0, 20, '0'),
(5, '', '公司介绍', 0, 0, 1, 'introduction', 1, 0, 3, '', 'list_alone.html', 'alone_content.html', '', '', '', 'cn', 4, 1, '', 1, 'http://', 0, 0, '', '', '', '', 0, 20, '0'),
(6, '', '行业背景', 0, 0, 1, 'background', 2, 0, 3, '', 'list_alone.html', 'alone_content.html', '', '', '', 'cn', 4, 1, '', 1, 'http://', 0, 0, '', '', '', '', 0, 20, '0'),
(7, '', '企业文化', 0, 0, 1, 'culture', 3, 0, 3, '', 'list_alone.html', 'alone_content.html', '', '', '', 'cn', 4, 1, '', 1, 'http://', 0, 0, '', '', '', '', 0, 20, '0'),
(8, '', '联系我们', 0, 0, 1, 'contact', 4, 0, 3, '', 'list_alone.html', 'alone_content.html', '', '', '', 'cn', 4, 1, '', 1, 'http://', 0, 0, '', '', '', '', 0, 20, '0'),
(9, '', '咨询中心', 0, 0, 2, 'news', 2, 0, 0, '', 'list_article.html', 'article_content.html', '', '', '', 'cn', 0, 1, '2', 0, 'http://', 0, 0, '', '', '', '', 0, 20, '0'),
(10, '', '每日行情分析', 0, 0, 2, 'day', 1, 0, 0, '', 'list_article.html', 'article_content.html', '', '', '', 'cn', 9, 1, '', 0, 'http://', 0, 0, '', '', '', '', 0, 20, '0'),
(11, '', '每周行情分析', 0, 0, 2, 'week', 2, 0, 0, '', 'list_article.html', 'article_content.html', '', '', '', 'cn', 9, 1, '', 0, 'http://', 0, 0, '', '', '', '', 0, 20, '0'),
(12, '', '财经要闻', 0, 0, 2, 'Financial', 3, 0, 0, '', 'list_article.html', 'article_content.html', '', '', '', 'cn', 9, 1, '', 0, 'http://', 0, 0, '', '', '', '', 0, 20, '0'),
(13, '', '行业信息', 0, 0, 2, 'Industry', 4, 0, 0, '', 'list_article.html', 'article_content.html', '', '', '', 'cn', 9, 1, '', 0, 'http://', 0, 0, '', '', '', '', 0, 20, '0'),
(14, '', '交易产品', 0, 0, 2, 'product', 3, 0, 2, '', 'list_article.html', 'article_content.html', '', '', '', 'cn', 0, 1, '2', 0, '../product/product.php?id=15', 0, 0, '', '', '', '', 0, 20, '0'),
(15, '', '产品分类', 0, 0, 3, 'category', 1, 0, 0, '', 'list_product.html', 'product_content.html', '', '', '', 'cn', 14, 1, '', 0, 'http://', 0, 0, '', '', '', '', 0, 20, '0'),
(16, '', '交易细则', 0, 0, 1, 'rules', 2, 0, 3, '', 'list_alone.html', 'alone_content.html', '', '', '', 'cn', 14, 1, '', 1, 'http://', 0, 0, '', '', '', '', 0, 20, '0'),
(17, '', '产品优势', 0, 0, 1, 'advantage', 3, 0, 3, '', 'list_alone.html', 'alone_content.html', '', '', '', 'cn', 14, 1, '', 1, 'http://', 0, 0, '', '', '', '', 0, 20, '0'),
(18, '', '风险控制', 0, 0, 1, 'control', 4, 0, 3, '', 'list_alone.html', 'alone_content.html', '', '', '', 'cn', 14, 1, '', 1, 'http://', 0, 0, '', '', '', '', 0, 20, '0'),
(19, '', '客户服务', 0, 0, 2, 'service', 4, 0, 2, '', 'list_article.html', 'article_content.html', '', '', '', 'cn', 0, 1, '2', 0, '../alone/alone.php?id=21', 0, 0, '', '', '', '', 0, 20, '0'),
(20, '', '在线开户', 0, 0, 2, 'online', 1, 0, 2, '', 'list_article.html', 'article_content.html', '', '', '', 'cn', 19, 1, '', 0, '../account/Formal.php', 0, 0, '', '', '', '', 0, 20, '0'),
(21, '', '开户指南', 0, 0, 1, 'guide', 2, 0, 3, '', 'list_alone.html', 'alone_content.html', '', '', '', 'cn', 19, 1, '', 1, 'http://', 0, 0, '', '', '', '', 0, 20, '0'),
(32, '', '最新动态', 0, 0, 2, 'last', 10, 0, 0, NULL, 'list_article.html', 'article_content.html', '', '', '', 'cn', 9, 1, '', 0, 'http://', 0, 0, '', '', '', '', 0, 20, '0'),
(23, '', '存取流程', 0, 0, 1, 'process', 4, 0, 3, '', 'list_alone.html', 'alone_content.html', '', '', '', 'cn', 19, 1, '', 1, 'http://', 0, 0, '', '', '', '', 0, 20, '0'),
(24, '', '下载中心', 0, 0, 4, 'Download', 5, 0, 0, '', 'list_down.html', 'down_content.html', '', '', '', 'cn', 19, 1, '', 0, 'http://', 0, 0, '', '', '', '', 0, 20, '0'),
(26, '', '专家团队', 0, 0, 2, 'team', 5, 0, 0, '', 'list_team.html', 'article_content.html', '', '', '', 'cn', 0, 1, '2', 0, 'http://', 0, 0, '', '', '', '', 0, 20, '0'),
(27, '', '新手学园', 0, 0, 2, 'Novice', 6, 0, 2, '', 'list_article.html', 'article_content.html', '', '', '', 'cn', 0, 1, '2', 0, '../alone/alone.php?id=28', 0, 0, '', '', '', '', 0, 20, '0'),
(28, '', '入门知识', 0, 0, 1, 'knowledge', 1, 0, 3, '', 'list_alone.html', 'alone_content.html', '', '', '', 'cn', 27, 1, '', 1, 'http://', 0, 0, '', '', '', '', 0, 20, '0'),
(29, '', '操作演示', 0, 0, 2, 'Demo', 2, 0, 0, '', 'list_article.html', 'article_content.html', '', '', '', 'cn', 27, 1, '', 0, 'http://', 0, 0, '', '', '', '', 0, 20, '0'),
(30, '', '疑难解答', 0, 0, 1, 'troubleshooting', 3, 0, 3, '', 'list_alone.html', 'alone_content.html', '', '', '', 'cn', 27, 1, '', 1, 'http://', 0, 0, '', '', '', '', 0, 20, '0'),
(31, '', '市场公告', 0, 0, 2, 'company_news', 5, 0, 0, '', 'list_article.html', 'article_content.html', '', '', '', 'cn', 4, 1, '', 0, 'http://', 0, 0, '', '', '', '', 0, 20, '0');

-- --------------------------------------------------------

--
-- 表的结构 `eca_channel`
--

CREATE TABLE IF NOT EXISTS `eca_channel` (
  `id` mediumint(8) NOT NULL AUTO_INCREMENT,
  `channel_name` varchar(60) NOT NULL,
  `channel_mark` varchar(60) NOT NULL,
  `channel_table` varchar(60) NOT NULL,
  `is_disable` mediumint(8) NOT NULL,
  `is_member` mediumint(8) DEFAULT NULL,
  `channel_mb_grade` mediumint(8) DEFAULT '0',
  `is_verify` mediumint(8) NOT NULL COMMENT '发布内容是否审核',
  `is_del` mediumint(8) NOT NULL DEFAULT '0',
  `channel_order` mediumint(8) NOT NULL DEFAULT '10',
  `is_alone` mediumint(8) NOT NULL DEFAULT '0',
  `list_php` varchar(150) DEFAULT NULL,
  `content_php` varchar(150) DEFAULT NULL,
  PRIMARY KEY (`id`)
) ENGINE=MyISAM  DEFAULT CHARSET=utf8 AUTO_INCREMENT=6 ;

--
-- 转存表中的数据 `eca_channel`
--

INSERT INTO `eca_channel` (`id`, `channel_name`, `channel_mark`, `channel_table`, `is_disable`, `is_member`, `channel_mb_grade`, `is_verify`, `is_del`, `channel_order`, `is_alone`, `list_php`, `content_php`) VALUES
(1, '单页模型', 'alone', 'alone', 0, 0, 2, 0, 1, 5, 1, 'alone/alone.php', 'alone/show_alone.php'),
(2, '文章模块', 'article', 'article', 0, 0, 2, 0, 0, 1, 0, 'article/article.php', 'article/show_article.php'),
(3, '产品模块', 'product', 'product', 0, 0, 2, 0, 0, 2, 0, 'product/product.php', 'product/show_product.php'),
(4, '下载模块', 'down', 'down', 0, 0, 2, 0, 0, 3, 0, 'down/down.php', 'down/show_down.php'),
(5, '招聘模块', 'job', 'job', 0, 0, 2, 0, 0, 4, 0, 'job/job.php', 'job/show_job.php'),
(-9, '表单模块', 'mx_form', 'mx_form', 0, NULL, 0, 0, 0, 10, 0, 'mx_form/mx_form.php', 'mx_form/show_mx_form.php');

-- --------------------------------------------------------

--
-- 表的结构 `eca_cmsinfo`
--

CREATE TABLE IF NOT EXISTS `eca_cmsinfo` (
  `id` mediumint(8) NOT NULL AUTO_INCREMENT,
  `info_tag` varchar(60) DEFAULT NULL COMMENT '配置信息标识',
  `info_array` text COMMENT '配置信息内容',
  `info_name` varchar(60) DEFAULT NULL COMMENT '配置信息名',
  `lang_tag` varchar(60) DEFAULT NULL,
  PRIMARY KEY (`id`)
) ENGINE=MyISAM  DEFAULT CHARSET=utf8 AUTO_INCREMENT=7 ;

--
-- 转存表中的数据 `eca_cmsinfo`
--

INSERT INTO `eca_cmsinfo` (`id`, `info_tag`, `info_array`, `info_name`, `lang_tag`) VALUES
(1, 'sys', 'array (\n  ''web_upload_file'' => ''zip|gz|rar|iso|doc|xsl|ppt|wps|swf|mpg|mp3|rm|rmvb|wmv|wma|wav|mid|mov|apk'',\n  ''thump_width'' => ''300'',\n  ''thump_height'' => ''200'',\n  ''upload_size'' => ''4024000'',\n  ''web_member'' => \n  array (\n    0 => ''1'',\n  ),\n  ''is_member'' => \n  array (\n    0 => ''1'',\n  ),\n  ''member_mail'' => \n  array (\n    0 => ''1'',\n  ),\n  ''member_no_name'' => ''admin|administrator|user|users'',\n  ''image_is'' => \n  array (\n    0 => ''0'',\n  ),\n  ''image_url_is'' => \n  array (\n    0 => ''1'',\n  ),\n  ''image_type'' => \n  array (\n    0 => ''1'',\n  ),\n  ''image_text'' => ''www.beescms.com'',\n  ''image_text_color'' => ''0,0,0'',\n  ''image_text_size'' => ''12'',\n  ''pic'' => ''mark_logo.gif'',\n  ''image_position'' => \n  array (\n    0 => ''9'',\n  ),\n  ''mail_type'' => \n  array (\n    0 => ''1'',\n  ),\n  ''mail_host'' => ''smtp.163.com'',\n  ''mail_pot'' => ''25'',\n  ''mail_mail'' => '''',\n  ''mail_user'' => '''',\n  ''mail_pw'' => '''',\n  ''mail_js'' => '''',\n  ''mail_jw'' => ''1'',\n  ''safe_open'' => \n  array (\n    0 => ''1'',\n    1 => ''2'',\n    2 => ''3'',\n  ),\n  ''web_content_title'' => ''180'',\n  ''web_content_info'' => ''200'',\n  ''is_hits'' => ''1'',\n  ''fialt_words'' => ''她妈|它妈|他妈|你妈|去死|贱人|非典|艾滋病|阳痿'',\n  ''arc_html'' => \n  array (\n    0 => ''1'',\n  ),\n  ''nav'' => ''syssys'',\n  ''admin_p_nav'' => ''allsys'',\n)', '系统配置', ''),
(2, 'index_info', 'array (\n  ''flash_is'' => ''0'',\n  ''index_lang'' => ''9'',\n)', '首页配置', ''),
(6, 'info', 'array (\n  ''web_name'' => ''仲泰业投资管理有限公司|现货投资|衍生品投资|长三角商品交易所综合会员'',\n  ''web_index_name'' => ''仲泰业投资管理有限公司|现货投资|衍生品投资|长三角商品交易所综合会员'',\n  ''web_html'' => ''0'',\n  ''is_cache'' => ''0'',\n  ''cache_time'' => ''30'',\n  ''web_logo'' => ''img/20121210/201212102144457490.gif'',\n  ''web_template'' => ''Markets'',\n  ''web_powerby'' => ''仲泰业投资管理有限公司|现货投资|衍生品投资|长三角商品交易所综合会员<br>\r\n联系QQ：12121212联系电话： 1212122323<br>'',\n  ''web_keywords'' => '''',\n  ''web_description'' => ''仲泰业投资管理有限公司|现货投资|衍生品投资|长三角商品交易所综合会员'',\n  ''web_yinxiao'' => '''',\n  ''hot_key'' => ''仲泰业投资管理有限公司|现货投资|衍生品投资|长三角商品交易所综合会员'',\n  ''all_key'' => ''仲泰业投资管理有限公司|现货投资|衍生品投资|长三角商品交易所综合会员'',\n  ''nav'' => ''websys'',\n  ''admin_p_nav'' => ''allsys'',\n)', '网站配置', 'cn');

-- --------------------------------------------------------

--
-- 表的结构 `eca_collect`
--

CREATE TABLE IF NOT EXISTS `eca_collect` (
  `id` mediumint(8) NOT NULL AUTO_INCREMENT,
  `member_id` mediumint(8) NOT NULL,
  `arc_id` mediumint(8) NOT NULL,
  `addtime` varchar(60) NOT NULL,
  PRIMARY KEY (`id`)
) ENGINE=MyISAM DEFAULT CHARSET=utf8 AUTO_INCREMENT=1 ;

-- --------------------------------------------------------

--
-- 表的结构 `eca_down`
--

CREATE TABLE IF NOT EXISTS `eca_down` (
  `id` mediumint(8) NOT NULL,
  `down` varchar(255) DEFAULT NULL,
  `body` text,
  `content` text,
  `filesize` varchar(255) DEFAULT NULL,
  `filetype` varchar(255) DEFAULT NULL,
  PRIMARY KEY (`id`)
) ENGINE=MyISAM DEFAULT CHARSET=utf8;

--
-- 转存表中的数据 `eca_down`
--

INSERT INTO `eca_down` (`id`, `down`, `body`, `content`, `filesize`, `filetype`) VALUES
(42, '../upload/file/jwcss-20140922150308.apk', NULL, '<p>\r\n	<span style="color: rgb(51, 51, 51); font-family: Arial, Helvetica, sans-serif; line-height: 21.600000381469727px;">适用客户：安卓系统（Android），使用手机应用（UC浏览器，二维码扫描器等工具）扫描右边的二维码下载安装。</span></p>\r\n', NULL, NULL),
(43, 'http://www.yrdce.cn/r/cms/www/new-cn/soft/Microsoft_DotNetFXCHS2.0.zip', NULL, '<p>\r\n	<span style="color: rgb(51, 51, 51); font-family: Arial, Helvetica, sans-serif; line-height: 21.600000381469727px;">适用客户：Windows XP操作系统用户没有安装.Net Framework 2.0组件的客户。</span></p>\r\n<p>\r\n	<span style="color: rgb(51, 51, 51); font-family: Arial, Helvetica, sans-serif; line-height: 21.600000381469727px;">版本：3.0.0.0</span></p>\r\n<p>\r\n	<span style="color: rgb(51, 51, 51); font-family: Arial, Helvetica, sans-serif; line-height: 21.600000381469727px;">更新：2014-02-1 </span></p>\r\n<p>\r\n	<span style="color: rgb(51, 51, 51); font-family: Arial, Helvetica, sans-serif; line-height: 21.600000381469727px;">大小：12.6MB </span></p>\r\n<p>\r\n	<span style="color: rgb(51, 51, 51); font-family: Arial, Helvetica, sans-serif; line-height: 21.600000381469727px;">适用系统：XP/Win7/Win8</span></p>\r\n', NULL, NULL),
(44, 'http://www.yrdce.cn/r/cms/www/new-cn/soft/yrdce-zhengshi.zip', NULL, '<p>\r\n	<span style="color: rgb(51, 51, 51); font-family: Arial, Helvetica, sans-serif; line-height: 21.600000381469727px;">提供实时行情、网上交易、报表功能、出入金管理等功能。</span></p>\r\n<p>\r\n	<span style="color: rgb(51, 51, 51); font-family: Arial, Helvetica, sans-serif; line-height: 21.600000381469727px;">版本：3.0.0.0 &nbsp; </span></p>\r\n<p>\r\n	<span style="color: rgb(51, 51, 51); font-family: Arial, Helvetica, sans-serif; line-height: 21.600000381469727px;">更新：2014-02-1 &nbsp;&nbsp;</span></p>\r\n<p>\r\n	<span style="color: rgb(51, 51, 51); font-family: Arial, Helvetica, sans-serif; line-height: 21.600000381469727px;">大小：12.6MB &nbsp; </span></p>\r\n<p>\r\n	<span style="color: rgb(51, 51, 51); font-family: Arial, Helvetica, sans-serif; line-height: 21.600000381469727px;">适用系统：XP/Win7/Win8</span></p>\r\n', NULL, NULL),
(45, 'http://www.yrdce.cn/r/cms/www/new-cn/soft/yrdce-moni.zip', NULL, '<p>\r\n	<span style="color: rgb(51, 51, 51); font-family: Arial, Helvetica, sans-serif; line-height: 21.600000381469727px;">提供模拟盘实时行情、模拟交易、报表功能等功能。</span></p>\r\n<p>\r\n	<span style="color: rgb(51, 51, 51); font-family: Arial, Helvetica, sans-serif; line-height: 21.600000381469727px;">版本：3.0.0.0</span></p>\r\n<p>\r\n	<span style="color: rgb(51, 51, 51); font-family: Arial, Helvetica, sans-serif; line-height: 21.600000381469727px;">更新：2014-02-1</span></p>\r\n<p>\r\n	<span style="color: rgb(51, 51, 51); font-family: Arial, Helvetica, sans-serif; line-height: 21.600000381469727px;">大小：12.6MB</span></p>\r\n<p>\r\n	<span style="color: rgb(51, 51, 51); font-family: Arial, Helvetica, sans-serif; line-height: 21.600000381469727px;">适用系统：XP/Win7/Win8</span></p>\r\n', NULL, NULL);

-- --------------------------------------------------------

--
-- 表的结构 `eca_flash_ad`
--

CREATE TABLE IF NOT EXISTS `eca_flash_ad` (
  `id` mediumint(8) NOT NULL AUTO_INCREMENT,
  `pic` varchar(255) DEFAULT NULL,
  `pic_url` varchar(255) DEFAULT NULL,
  `pic_text` varchar(255) DEFAULT NULL,
  `pic_order` mediumint(8) NOT NULL DEFAULT '10',
  `lang` varchar(60) NOT NULL,
  `cate_id` mediumint(8) NOT NULL DEFAULT '1',
  PRIMARY KEY (`id`)
) ENGINE=MyISAM DEFAULT CHARSET=utf8 AUTO_INCREMENT=1 ;

-- --------------------------------------------------------

--
-- 表的结构 `eca_flash_ad_cate`
--

CREATE TABLE IF NOT EXISTS `eca_flash_ad_cate` (
  `id` mediumint(8) NOT NULL AUTO_INCREMENT,
  `cate_name` varchar(60) NOT NULL,
  `cate_tpl_id` mediumint(8) DEFAULT '0',
  `is_disable` mediumint(8) DEFAULT '0',
  PRIMARY KEY (`id`)
) ENGINE=MyISAM  DEFAULT CHARSET=utf8 AUTO_INCREMENT=2 ;

--
-- 转存表中的数据 `eca_flash_ad_cate`
--

INSERT INTO `eca_flash_ad_cate` (`id`, `cate_name`, `cate_tpl_id`, `is_disable`) VALUES
(1, '默认', 0, 1);

-- --------------------------------------------------------

--
-- 表的结构 `eca_flash_info`
--

CREATE TABLE IF NOT EXISTS `eca_flash_info` (
  `id` mediumint(8) NOT NULL AUTO_INCREMENT,
  `flash_width` varchar(60) DEFAULT NULL,
  `flash_height` varchar(60) DEFAULT NULL,
  `flash_style` mediumint(8) NOT NULL,
  `lang` varchar(60) NOT NULL,
  `cate_id` mediumint(8) NOT NULL DEFAULT '1',
  PRIMARY KEY (`id`)
) ENGINE=MyISAM DEFAULT CHARSET=utf8 AUTO_INCREMENT=1 ;

-- --------------------------------------------------------

--
-- 表的结构 `eca_form`
--

CREATE TABLE IF NOT EXISTS `eca_form` (
  `id` mediumint(8) NOT NULL AUTO_INCREMENT,
  `form_name` varchar(60) NOT NULL,
  `form_mark` varchar(60) NOT NULL,
  `is_disable` mediumint(8) NOT NULL,
  PRIMARY KEY (`id`)
) ENGINE=MyISAM  DEFAULT CHARSET=utf8 AUTO_INCREMENT=9 ;

--
-- 转存表中的数据 `eca_form`
--

INSERT INTO `eca_form` (`id`, `form_name`, `form_mark`, `is_disable`) VALUES
(5, '产品购买', 'prinfo', 0),
(8, '在线应聘', 'webjob', 0);

-- --------------------------------------------------------

--
-- 表的结构 `eca_formfield`
--

CREATE TABLE IF NOT EXISTS `eca_formfield` (
  `id` mediumint(8) NOT NULL AUTO_INCREMENT,
  `field_name` varchar(60) NOT NULL,
  `use_name` varchar(60) NOT NULL,
  `field_type` varchar(60) NOT NULL,
  `field_value` varchar(255) NOT NULL,
  `field_length` mediumint(8) NOT NULL,
  `form_id` mediumint(8) NOT NULL,
  `field_info` varchar(60) CHARACTER SET utf8 COLLATE utf8_estonian_ci NOT NULL,
  `is_disable` mediumint(8) NOT NULL,
  `form_order` mediumint(8) NOT NULL DEFAULT '0',
  `is_empty` mediumint(8) NOT NULL DEFAULT '0',
  PRIMARY KEY (`id`)
) ENGINE=MyISAM  DEFAULT CHARSET=utf8 AUTO_INCREMENT=33 ;

--
-- 转存表中的数据 `eca_formfield`
--

INSERT INTO `eca_formfield` (`id`, `field_name`, `use_name`, `field_type`, `field_value`, `field_length`, `form_id`, `field_info`, `is_disable`, `form_order`, `is_empty`) VALUES
(9, 'username', '姓名', 'text', '', 255, 5, '', 0, 1, 0),
(32, 'web_contact', 'QQ/MSN/旺旺', 'text', '', 255, 5, '', 0, 4, 0),
(17, 'address', '公司地址', 'text', '', 255, 5, '', 0, 5, 0),
(12, 'mail', '邮箱', 'text', '', 255, 5, '', 0, 2, 1),
(13, 'tel', '电话/传真', 'text', '', 255, 5, '', 0, 3, 0),
(14, 'content', '详细内容', 'textarea', '', 255, 5, '', 0, 6, 0),
(19, 'jobname', '姓名', 'text', '', 255, 8, '', 0, 1, 0),
(20, 'jobsex', '性别', 'select', '男\r\n女', 255, 8, '', 0, 2, 0),
(21, 'jobmoth', '出生年月', 'text', '', 255, 8, '', 0, 3, 0),
(22, 'jobjg', '籍贯', 'text', '', 255, 8, '', 0, 4, 0),
(23, 'jobxl', '学历', 'text', '', 255, 8, '', 0, 5, 0),
(24, 'jobzy', '专业', 'text', '', 255, 8, '', 0, 6, 0),
(25, 'jobbyyx', '毕业院校', 'text', '', 255, 8, '', 0, 7, 0),
(26, 'jobphone', '联系电话', 'text', '', 255, 8, '', 0, 8, 0),
(27, 'jobmail', 'E–mail', 'text', '', 255, 8, '', 0, 9, 0),
(28, 'jobhj', '所获奖项', 'textarea', '', 255, 8, '', 0, 10, 0),
(29, 'jobgzjl', '工作经历', 'textarea', '', 255, 8, '', 0, 11, 0),
(30, 'jobzyjn', '专业技能', 'textarea', '', 255, 8, '', 0, 12, 0),
(31, 'jobyyah', '业余爱好', 'textarea', '', 255, 8, '', 0, 13, 0);

-- --------------------------------------------------------

--
-- 表的结构 `eca_formlist`
--

CREATE TABLE IF NOT EXISTS `eca_formlist` (
  `id` mediumint(8) NOT NULL AUTO_INCREMENT,
  `form_id` mediumint(8) DEFAULT NULL,
  `form_time` varchar(60) DEFAULT NULL,
  `form_ip` varchar(60) DEFAULT NULL,
  `is_read` mediumint(8) NOT NULL DEFAULT '0',
  `member_id` mediumint(8) DEFAULT '0',
  `arc_id` mediumint(8) DEFAULT NULL,
  PRIMARY KEY (`id`)
) ENGINE=MyISAM DEFAULT CHARSET=utf8 AUTO_INCREMENT=1 ;

-- --------------------------------------------------------

--
-- 表的结构 `eca_job`
--

CREATE TABLE IF NOT EXISTS `eca_job` (
  `id` mediumint(8) NOT NULL,
  `jobnum` varchar(255) DEFAULT NULL,
  `jopaddress` varchar(255) DEFAULT NULL,
  `joblasttime` varchar(255) DEFAULT NULL,
  `content` text,
  PRIMARY KEY (`id`)
) ENGINE=MyISAM DEFAULT CHARSET=utf8;

-- --------------------------------------------------------

--
-- 表的结构 `eca_keywords`
--

CREATE TABLE IF NOT EXISTS `eca_keywords` (
  `id` mediumint(8) NOT NULL AUTO_INCREMENT,
  `keywords` varchar(60) NOT NULL,
  `wordsurl` varchar(60) NOT NULL,
  `lang` varchar(60) CHARACTER SET ucs2 NOT NULL,
  PRIMARY KEY (`id`)
) ENGINE=MyISAM DEFAULT CHARSET=utf8 AUTO_INCREMENT=1 ;

-- --------------------------------------------------------

--
-- 表的结构 `eca_lang`
--

CREATE TABLE IF NOT EXISTS `eca_lang` (
  `id` mediumint(8) NOT NULL AUTO_INCREMENT,
  `lang_name` varchar(60) NOT NULL,
  `lang_order` mediumint(8) NOT NULL,
  `lang_tag` varchar(60) NOT NULL,
  `lang_is_use` mediumint(8) NOT NULL DEFAULT '1',
  `lang_is_open` mediumint(8) NOT NULL,
  `lang_is_url` mediumint(8) NOT NULL,
  `lang_url` varchar(60) DEFAULT NULL,
  `lang_is_fix` mediumint(8) NOT NULL DEFAULT '0',
  `lang_main` mediumint(8) NOT NULL DEFAULT '0',
  PRIMARY KEY (`id`)
) ENGINE=MyISAM  DEFAULT CHARSET=utf8 AUTO_INCREMENT=11 ;

--
-- 转存表中的数据 `eca_lang`
--

INSERT INTO `eca_lang` (`id`, `lang_name`, `lang_order`, `lang_tag`, `lang_is_use`, `lang_is_open`, `lang_is_url`, `lang_url`, `lang_is_fix`, `lang_main`) VALUES
(10, 'English', 9, 'en', 1, 0, 0, 'http://', 0, 0),
(9, '简体中文', 10, 'cn', 1, 0, 0, 'http://', 1, 1);

-- --------------------------------------------------------

--
-- 表的结构 `eca_lang_lang`
--

CREATE TABLE IF NOT EXISTS `eca_lang_lang` (
  `id` mediumint(8) NOT NULL AUTO_INCREMENT,
  `lang_tag` varchar(60) NOT NULL,
  `lang_value` varchar(240) DEFAULT NULL,
  `lang` varchar(60) NOT NULL,
  PRIMARY KEY (`id`)
) ENGINE=MyISAM  DEFAULT CHARSET=utf8 AUTO_INCREMENT=460 ;

--
-- 转存表中的数据 `eca_lang_lang`
--

INSERT INTO `eca_lang_lang` (`id`, `lang_tag`, `lang_value`, `lang`) VALUES
(5, 'pages', '共', 'cn'),
(6, 'pagesize', '条记录', 'cn'),
(7, 'page', '当前第', 'cn'),
(8, 'pagehome', '首页', 'cn'),
(9, 'pageend', '尾页', 'cn'),
(10, 'pagapre', '上一页', 'cn'),
(11, 'pagenext', '下一页', 'cn'),
(12, 'pagego', '转到', 'cn'),
(13, 'previous', '上一条', 'cn'),
(14, 'next', '下一条', 'cn'),
(15, 'nonestr', '没有了', 'cn'),
(17, 'sitemap', '网站地图', 'cn'),
(384, 'order_msg4', '表单已经处理，我们会及时和你联系！', 'cn'),
(382, 'order_msg3', '发生错误,该表单已经停止使用,不能添加表单信息', 'cn'),
(380, 'order_msg2', '表单不能为空', 'cn'),
(376, 'index', '首页', 'cn'),
(377, 'book', '留言本', 'cn'),
(378, 'order_msg1', '发生错误，无法处理该表单，清重新操作！', 'cn'),
(84, 'member_msg', '请先登录', 'cn'),
(85, 'member_msg2', '验证码不正确', 'cn'),
(86, 'member_smg3', '用户名或密码不能为空', 'cn'),
(87, 'member_msg3', '用户名名或密码不正确', 'cn'),
(88, 'member_msg4', '登录失败,该账号已被锁定', 'cn'),
(89, 'member_msg5', '会员注册已经暂停', 'cn'),
(90, 'member_msg6', '用户名只能是字母数字，4以上长度', 'cn'),
(91, 'member_msg7', '昵称只能是字母数字，4以上长度', 'cn'),
(92, 'member_msg8', '密码不能为空', 'cn'),
(93, 'member_msg9', '两次密码不一样', 'cn'),
(94, 'member_msg10', '邮箱不正确', 'cn'),
(95, 'member_msg11', '该用户名不能注册', 'cn'),
(96, 'member_msg12', '已经存在相同的用户名，请更换用户名', 'cn'),
(97, 'member_msg13', '该邮箱已经被使用,请更换', 'cn'),
(98, 'member_msg14', '用户注册成功', 'cn'),
(99, 'msg_info', '不存在flash引导页模板', 'cn'),
(100, 'msg_info2', '不存在【@】语言首页模板', 'cn'),
(101, 'msg_info3', '找不到【@】语言模板文件', 'cn'),
(102, 'msg_info4', '请先生成【@】语言首页', 'cn'),
(103, 'msg_info5', '请先更新栏目缓存', 'cn'),
(104, 'msg_info6', '请先更新频道缓存', 'cn'),
(105, 'msg_info7', '你当前的会员权限不能浏览', 'cn'),
(106, 'msg_info8', '该内容未审核,还不能浏览', 'cn'),
(107, 'msg_info9', '还没有添加内容', 'cn'),
(422, 'msg_info4', 'Please generate【@】Language Home', 'en'),
(421, 'msg_info3', 'Unable to find【@】language template file', 'en'),
(420, 'msg_info2', 'Does not exist【@】Language Home template', 'en'),
(419, 'msg_info', 'Not flash boot Pages template', 'en'),
(418, 'member_msg14', 'Register success', 'en'),
(417, 'member_msg13', 'he mailbox is already in use, replace', 'en'),
(439, 'member_msg25', 'Deleted successfully', 'en'),
(438, 'member_msg24', 'Advisory modified successfully', 'en'),
(437, 'member_msg23', 'The content can not be empty', 'en'),
(436, 'member_msg22', 'The consultation has been processed, please re-add', 'en'),
(435, 'member_msg21', 'The consultation does not exist', 'en'),
(434, 'member_msg20', 'Consulting successfully added', 'en'),
(433, 'member_msg19', 'Title or content can not be empty', 'en'),
(432, 'msg_info10', 'Parameter passing errors', 'en'),
(431, 'member_msg18', 'Modified successfully', 'en'),
(430, 'member_msg17', 'From form submission', 'en'),
(429, 'member_msg16', 'Phone must be numeric', 'en'),
(428, 'member_msg15', 'QQ number is incorrect', 'en'),
(427, 'msg_info9', 'Has not yet added content', 'en'),
(426, 'msg_info8', 'The content is not audited, but also can not browse', 'en'),
(425, 'msg_info7', 'Your current membership privileges can not browse', 'en'),
(424, 'msg_info6', 'Please update the channel cache', 'en'),
(423, 'msg_info5', 'Please update section cache', 'en'),
(416, 'member_msg12', 'The same user name already exists, replace the user name', 'en'),
(415, 'member_msg11', 'The user name can not be registered', 'en'),
(414, 'member_msg10', 'E-mail is incorrect', 'en'),
(413, 'member_msg9', 'Not the same password twice', 'en'),
(412, 'member_msg8', 'Password can not be empty', 'en'),
(411, 'member_msg7', 'The nickname can only contain alphanumeric, length of 4 or more', 'en'),
(410, 'member_msg6', 'The user name can only be alphanumeric longer than 4', 'en'),
(409, 'member_msg5', 'Member registration has been suspended', 'en'),
(408, 'member_msg4', 'Login failed, the account has been locked', 'en'),
(266, 'member_msg15', 'QQ号码不正确', 'cn'),
(267, 'member_msg16', '手机必须为数字', 'cn'),
(268, 'member_msg17', '请从表单提交', 'cn'),
(269, 'member_msg18', '修改成功', 'cn'),
(407, 'member_msg3', 'Username name or password is incorrect', 'en'),
(406, 'member_smg3', 'User name or password can not be empty', 'en'),
(274, 'msg_info10', '参数传递错误,请重新操作', 'cn'),
(276, 'member_msg19', '标题或内容不能为空', 'cn'),
(277, 'member_msg20', '咨询添加成功', 'cn'),
(278, 'member_msg21', '不存在该咨询', 'cn'),
(279, 'member_msg22', '咨询已经处理,请重新添加', 'cn'),
(280, 'member_msg23', '内容不能为空', 'cn'),
(281, 'member_msg24', '咨询修改成功', 'cn'),
(282, 'member_msg25', '删除成功', 'cn'),
(283, 'member_msg26', '原始密码不正确', 'cn'),
(284, 'member_msg27', '已经退出', 'cn'),
(449, 'member_msg28', 'User Center', 'en'),
(450, 'member_out', '退出登陆', 'cn'),
(451, 'member_out', 'Logout', 'en'),
(447, 'member_wel', 'Welcome back!', 'en'),
(448, 'member_msg28', '用户中心', 'cn'),
(445, 'book_msg4', 'Successfully added', 'en'),
(444, 'book_msg3', 'The message can not be empty', 'en'),
(443, 'book_msg2', 'Message title can not be empty', 'en'),
(442, 'book_msg1', 'The Guestbook can not use', 'en'),
(441, 'member_msg27', 'Has withdrawn from the', 'en'),
(440, 'member_msg26', 'Original password is incorrect', 'en'),
(386, 'pages', 'Common', 'en'),
(387, 'pagesize', 'Records', 'en'),
(388, 'page', 'Current', 'en'),
(389, 'pagehome', 'Home', 'en'),
(390, 'pageend', 'Last', 'en'),
(391, 'pagapre', 'Previous', 'en'),
(392, 'pagenext', 'Next', 'en'),
(393, 'pagego', 'Go to', 'en'),
(405, 'member_msg2', 'Incorrect verification code', 'en'),
(404, 'member_msg', 'Please login', 'en'),
(350, 'book_msg1', '留言本不能使用', 'cn'),
(351, 'book_msg2', '留言标题不能为空', 'cn'),
(352, 'book_msg3', '留言内容不能为空', 'cn'),
(353, 'book_msg4', '添加成功', 'cn'),
(403, 'order_msg1', 'An error occurs, can not process the form, clear!', 'en'),
(402, 'book', 'Guestbook', 'en'),
(401, 'index', 'Home', 'en'),
(400, 'order_msg2', 'The form can not be empty', 'en'),
(399, 'order_msg3', 'An error occurs, the form has to stop using, you can not add form', 'en'),
(398, 'order_msg4', 'The form has been processed, we will promptly contact you!', 'en'),
(397, 'sitemap', 'Site Map', 'en'),
(396, 'nonestr', 'No', 'en'),
(395, 'next', 'Next', 'en'),
(446, 'member_wel', '欢迎你回来!', 'cn'),
(394, 'previous', 'Previous', 'en'),
(452, 'code', '验证码：', 'cn'),
(453, 'code', 'Code:', 'en'),
(454, 'code_info', '看不清？更换一张', 'cn'),
(455, 'code_info', 'See? Replacing a', 'en'),
(456, 'form_submit', '提交', 'cn'),
(457, 'form_submit', 'submit', 'en'),
(458, 'form_reset', '重置', 'cn'),
(459, 'form_reset', 'reset', 'en');

-- --------------------------------------------------------

--
-- 表的结构 `eca_link`
--

CREATE TABLE IF NOT EXISTS `eca_link` (
  `id` mediumint(8) NOT NULL AUTO_INCREMENT,
  `link_url` varchar(60) NOT NULL,
  `link_name` varchar(60) NOT NULL,
  `link_logo` varchar(60) DEFAULT NULL,
  `link_order` mediumint(8) NOT NULL DEFAULT '1',
  `link_info` varchar(255) DEFAULT NULL,
  `link_mail` varchar(60) DEFAULT NULL,
  `lang` varchar(60) NOT NULL,
  `addtime` varchar(60) DEFAULT NULL,
  `link_type` mediumint(8) NOT NULL DEFAULT '0',
  PRIMARY KEY (`id`)
) ENGINE=MyISAM  DEFAULT CHARSET=utf8 AUTO_INCREMENT=14 ;

--
-- 转存表中的数据 `eca_link`
--

INSERT INTO `eca_link` (`id`, `link_url`, `link_name`, `link_logo`, `link_order`, `link_info`, `link_mail`, `lang`, `addtime`, `link_type`) VALUES
(13, 'http://www.21cbh.com/', '21世纪经济报道', '', 1, '', '', 'cn', '1410002879', 0),
(12, 'http://www.hexun.com', '和讯网', '', 1, '', '', 'cn', '1410002867', 0),
(11, 'http://finance.sina.com.cn/', '新浪财经', '', 1, '', '', 'cn', '1410002856', 0),
(9, 'http://www.cs.com.cn/', '中国证券网', '', 1, '', '', 'cn', '1410002832', 0),
(10, 'http://www.chinahhce.com/', '中国大宗商品交易网', '', 1, '', '', 'cn', '1410002845', 0),
(8, 'http://jsmarket.jihsun.com.tw/Future/ProdResrch/nymex.htm', '纽约商业交易所', '', 1, '', '', 'cn', '1410002821', 0),
(7, 'http://www.lme.com/', '伦敦金属交易所', '', 1, '', '', 'cn', '1410002808', 0);

-- --------------------------------------------------------

--
-- 表的结构 `eca_maintb`
--

CREATE TABLE IF NOT EXISTS `eca_maintb` (
  `id` mediumint(8) NOT NULL AUTO_INCREMENT,
  `title` varchar(200) NOT NULL,
  `filter` varchar(60) DEFAULT NULL,
  `tbpic` varchar(60) DEFAULT NULL,
  `keywords` varchar(60) DEFAULT NULL,
  `info` text,
  `author` varchar(60) DEFAULT NULL,
  `source` varchar(60) DEFAULT NULL,
  `hits` mediumint(8) NOT NULL DEFAULT '0',
  `category` mediumint(8) NOT NULL,
  `channel` mediumint(9) NOT NULL,
  `addtime` varchar(60) NOT NULL,
  `updatetime` varchar(60) DEFAULT NULL,
  `top` mediumint(8) NOT NULL,
  `purview` mediumint(8) NOT NULL COMMENT '浏览权限',
  `is_html` mediumint(8) NOT NULL COMMENT '1为动态浏览,0为静态',
  `verify` mediumint(8) NOT NULL DEFAULT '0',
  `url` varchar(255) DEFAULT NULL,
  `lang` varchar(60) DEFAULT NULL,
  `is_url` mediumint(8) NOT NULL DEFAULT '0',
  `url_add` varchar(60) DEFAULT NULL,
  `title_color` varchar(60) DEFAULT NULL,
  `title_style` mediumint(8) NOT NULL DEFAULT '0',
  `is_open` mediumint(8) NOT NULL DEFAULT '0',
  `cache_time` varchar(60) DEFAULT NULL,
  `custom_url` varchar(255) DEFAULT NULL,
  `c_order` mediumint(8) DEFAULT NULL,
  `content_key` varchar(200) DEFAULT NULL,
  `small_title` varchar(200) DEFAULT NULL,
  PRIMARY KEY (`id`)
) ENGINE=MyISAM  DEFAULT CHARSET=utf8 AUTO_INCREMENT=50 ;

--
-- 转存表中的数据 `eca_maintb`
--

INSERT INTO `eca_maintb` (`id`, `title`, `filter`, `tbpic`, `keywords`, `info`, `author`, `source`, `hits`, `category`, `channel`, `addtime`, `updatetime`, `top`, `purview`, `is_html`, `verify`, `url`, `lang`, `is_url`, `url_add`, `title_color`, `title_style`, `is_open`, `cache_time`, `custom_url`, `c_order`, `content_key`, `small_title`) VALUES
(1, '企业文化介绍', NULL, '', '', '	企业文化介绍\r\n\r\n	 \r\n\r\n	企业文化介绍企业文化介绍企业文化介绍企业文化介绍企业文化介绍\r\n', '未知', '未知', 6, 7, 1, '1410134971', '1411466949', 0, 0, 0, 0, NULL, 'cn', 0, NULL, NULL, 0, 0, '30', NULL, NULL, NULL, NULL),
(2, '联系我们介绍', NULL, '', '', '	联系我们介绍\r\n\r\n	 \r\n\r\n	联系我们介绍联系我们介绍联系我们介绍联系我们介绍\r\n', '未知', '未知', 3, 8, 1, '1410134992', '1412770243', 0, 0, 0, 0, NULL, 'cn', 0, NULL, NULL, 0, 0, '30', NULL, NULL, NULL, NULL),
(3, '行业背景介绍', NULL, '', '', '	行业背景介绍\r\n\r\n	 \r\n\r\n	行业背景介绍行业背景介绍行业背景介绍\r\n', '未知', '未知', 2, 6, 1, '1410134965', '1411466971', 0, 0, 0, 0, NULL, 'cn', 0, NULL, NULL, 0, 0, '30', NULL, NULL, NULL, NULL),
(4, '公司介绍', NULL, '', '', '	公司介绍公司介绍\r\n', '未知', '未知', 10, 5, 1, '1410134993', '1411466943', 0, 0, 0, 0, NULL, 'cn', 0, NULL, NULL, 0, 0, '30', NULL, NULL, NULL, NULL),
(5, '六大机构看好非农 白银仍有一跌', '', '', '', '\r\n	行情回顾\r\n	\r\n	昨日白银的走势如同笔者所预判的一样，盘整了这么久，暴跌终于回归，自欧盘前后银价迅速跳水，日内从高点19.51美元迅速下挫，美盘时段一度达到19.09美元这一近三个...', '未知', '未知', 3, 10, 2, '1410138571', '1410138571', 0, 0, 0, 0, 'htm/day/2014_0908_5.html', 'cn', 0, 'http://', '', 0, 0, '30', '', NULL, '', '六大机构看好非农 白银仍有一跌'),
(6, '白银9月已“预订”反弹 涨势或维持至年底', '', 'img/20140908/20140908091655_thumb.png', '', '\r\n	&nbsp;尽管今年7月和8月国际银价分别录得9.8%和4.4%的巨大跌幅，且白银ETF也跟随走低，但相信进入9月后形势将出现反转。事实上，最近一周银价已止住之前的六周连阴，暗示8月的下行...', '未知', '未知', 3, 10, 2, '1410138550', '1410138550', 0, 0, 0, 0, 'htm/day/2014_0908_6.html', 'cn', 0, 'http://', '', 0, 0, '30', '', NULL, '', '白银9月已“预订”反弹 涨势或维持至年底'),
(7, '中印需求出现转机 引爆白银九月行情', '', '', '', '\r\n	上周，国际现货黄金价格下探1273美元/盎司附近后强劲反弹，但仍受制于1300美元/盎司整数关口下方压制。虽然从消息面上，美国宏观因素表现强劲，但是在地缘政治和需求改善及技术...', '未知', '未知', 15, 11, 2, '1410138599', '1410138599', 0, 0, 0, 0, 'htm/week/2014_0908_7.html', 'cn', 0, 'http://', '', 0, 0, '30', '', NULL, '', '中印需求出现转机 引爆白银九月行情'),
(8, '美指高位岿然不动 白银多头动能不足', '', '', '', '\r\n	行情回顾\r\n	\r\n	昨天自开盘后银价一路不断上涨，欧盘前后更是刷新了半个月以来的新高至19.90美元一线，然而，晚间美国方面强劲的经济数据沉重打压了白银的涨势，空头迅速的收回了...', '未知', '未知', 2, 11, 2, '1410138546', '1410138546', 0, 0, 0, 0, 'htm/week/2014_0908_8.html', 'cn', 0, 'http://', '', 0, 0, '30', '', NULL, '', '美指高位岿然不动 白银多头动能不足'),
(9, '地缘危机唱主角 白银反弹会持续', '', '', '', '\r\n	消息解读：\r\n\r\n	　　昨日在经济数据方面较为清淡，而地缘政治紧张状态却依然持续。在巴以方面，自双方达成长期停火协议之后，紧张的局势也有所缓和。不过，尽管已停火，以色列...', '未知', '未知', 3, 11, 2, '1410138575', '1410138575', 0, 0, 0, 0, 'htm/week/2014_0908_9.html', 'cn', 0, 'http://', '', 0, 0, '30', '', NULL, '', '地缘危机唱主角 白银反弹会持续'),
(10, '投资者预期中国实施刺激 LME铜收于三周高点', '', '', '', '\r\n	　　铜期货周一微幅走高，对于中国可能推出刺激举措的期望抵消了弱于预期的美国住房销售数据带来的影响。\r\n\r\n	　　纽约商品交易所Comex分部九月铜期货涨1.35美分，至3.2180美元/磅...', '未知', '未知', 2, 12, 2, '1410138596', '1410138596', 0, 0, 0, 0, 'htm/Financial/2014_0908_10.html', 'cn', 0, 'http://', '', 0, 0, '30', '', NULL, '', '投资者预期中国实施刺激 LME铜收于三周高点'),
(11, '周五夜盘沪铝振荡持稳', '', '', '', '\r\n	　　盘面走势，周五夜盘铝小幅下跌，沪铝主力1410下跌20元/吨至14310元/吨，跌幅为0.14%；美元指数上涨0.22%至82.331；标普指数上涨1.71%。\r\n\r\n	　　消息面，昨日中欧制造业PMI表现不佳，...', '未知', '未知', 2, 12, 2, '1410138573', '1410138573', 0, 0, 0, 0, 'htm/Financial/2014_0908_11.html', 'cn', 0, 'http://', '', 0, 0, '30', '', NULL, '', '周五夜盘沪铝振荡持稳'),
(12, '伦铜高位震荡 暂观望为宜', '', '', '', '\r\n	&nbsp; &nbsp; 周四，伦铜盘中先跌后涨高位震荡运行，，收盘报7027.25，微涨9.25美元/0.13%，沪铜1410夜盘暂报50390元。当前铜价大幅拉高后震荡整理，正要逐步消化涨幅，最新公布中欧疲弱...', '未知', '未知', 2, 13, 2, '1410138594', '1410138594', 0, 0, 0, 0, 'htm/Industry/2014_0908_12.html', 'cn', 0, 'http://', '', 0, 0, '30', '', NULL, '', '伦铜高位震荡 暂观望为宜'),
(13, '美住房数据强劲 铜空头趋势存疑', '', '', '', '\r\n	\r\n		\r\n			\r\n				\r\n					基本面：\r\n				\r\n					　　继8月NAHB房产市场指数创7个月新高后，昨日住房市场数据同样表现靓丽。7月新屋开工总数年化和营建许可总数分别录得109.3万户和105.2万户，表...', '未知', '未知', 1, 13, 2, '1410138559', '1410138559', 0, 0, 0, 0, 'htm/Industry/2014_0908_13.html', 'cn', 0, 'http://', '', 0, 0, '30', '', NULL, '', '美住房数据强劲 铜空头趋势存疑'),
(14, '7月30日白银价格走势分析', '', 'img/20140908/20140908092057_thumb.jpeg', '', '\r\n	\r\n		\r\n			\r\n				\r\n					目前白银价格是4.071/克。诚如我们昨日所说，白银维持震荡走势，等待空头力量重新聚集。今日白天价格仍将继续震荡为主，晚间将迎来三大数据：美国ADP数据（非农...', '未知', '未知', 2, 13, 2, '1410138579', '1410138579', 0, 0, 0, 0, 'htm/Industry/2014_0908_14.html', 'cn', 0, 'http://', '', 0, 0, '30', '', NULL, '', '7月30日白银价格走势分析'),
(15, '7月29日白银价格走势分析', '', 'img/20140908/20140908092140_thumb.jpeg', '', '\r\n	\r\n		\r\n			\r\n				\r\n					目前白银价格是4.074/克。昨日白银维持震荡走势，由于4小时下跌动能有所衰减，短期内价格暂无快速下跌需求，预计今日仍维持震荡下跌的概率较大。今日关注区间...', '未知', '未知', 2, 13, 2, '1410138561', '1410138561', 0, 0, 0, 0, 'htm/Industry/2014_0908_15.html', 'cn', 0, 'http://', '', 0, 0, '30', '', NULL, '', '7月29日白银价格走势分析'),
(16, '7月28日白银价格走势分析', '', 'img/20140908/20140908092204_thumb.jpeg', '', '\r\n	\r\n		\r\n			\r\n				\r\n					目前白银价格是4.104/克。自上周白银跌破分水岭4.1后，当前短线趋势已转变为下跌走势，虽周五价格触底反弹，但依据技术形态来分析，目前该反弹仅为反弹，仍未变...', '未知', '未知', 5, 13, 2, '1410138589', '1410138589', 0, 0, 0, 0, 'htm/Industry/2014_0908_16.html', 'cn', 0, 'http://', '', 0, 0, '30', '', NULL, '', '7月28日白银价格走势分析'),
(17, '白银', '', 'img/201409081309506685.jpg', '', '	    白银作为贵金属与黄金一样，它有许多优点，都是人们热衷的投资品种，都可以作为保值和流通工具。相对于黄金来说，白银的工业供需一直比较稳定，50%的白银需求来源于...', '未知', '未知', 8, 15, 3, '1410149341', '1410152982', 0, 0, 0, 0, 'htm/category/2014_0908_17.html', 'cn', 0, 'http://', '', 0, 0, '30', '', NULL, '', '白银'),
(18, '交易细则', NULL, '', '', '	\r\n		\r\n		\r\n			现货白银\r\n		\r\n			\r\n				\r\n					\r\n						\r\n							\r\n								交易品质\r\n							\r\n								AG9999，规格：1千克/锭\r\n						\r\n						\r\n							\r\n								交易单位\r\n							\r\n								15千克/手\r\n						\r\n						\r\n							\r\n....', '未知', '未知', 1, 16, 1, '1410152947', '1411477786', 0, 0, 0, 0, NULL, 'cn', 0, NULL, NULL, 0, 0, '30', NULL, NULL, NULL, NULL),
(19, '产品优势', NULL, '', '', '\r\n	\r\n\r\n	&nbsp;\r\n\r\n	&nbsp; &nbsp; 现货白银交易方式灵活，价格全球联动，22小时交易、市场公平、信息透明，与国际上主流的白银投资模式一致，交易所合规稽核：合规稽核部在天津市监管部门...', '未知', '未知', 1, 17, 1, '1410156573', '1410156573', 0, 0, 0, 0, NULL, 'cn', 0, NULL, NULL, 0, 0, '30', NULL, NULL, NULL, NULL),
(20, '风险控制', NULL, '', '', '	\r\n		\r\n			\r\n				\r\n					尊敬的投资者:\r\n				\r\n					 \r\n				\r\n					    长三角商品交易所（以下简称交易所）的贵金属现货延期交收交易业务是一种潜在收益和潜在风险较高的投资品种...', '未知', '未知', 1, 18, 1, '1410156547', '1411466960', 0, 0, 0, 0, NULL, 'cn', 0, NULL, NULL, 0, 0, '30', NULL, NULL, NULL, NULL),
(21, '开户指南', NULL, '', '', '	\r\n		\r\n			\r\n				\r\n				第一步：填写《客户调查表》（本人携带身份证原件及复印件）\r\n			\r\n				\r\n				第二步：签订《客户协议书》\r\n			\r\n				\r\n				第三步：到银行签署《现货资金汇划服务协议》...', '未知', '未知', 1, 21, 1, '1410156563', '1410156594', 0, 0, 0, 0, NULL, 'cn', 0, NULL, NULL, 0, 0, '30', NULL, NULL, NULL, NULL),
(22, '存取流程', NULL, '', '', '	存取流程存取流程存取流程\r\n', '未知', '未知', 1, 23, 1, '1410160198', '1410682186', 0, 0, 0, 0, NULL, 'cn', 0, NULL, NULL, 0, 0, '30', NULL, NULL, NULL, NULL),
(42, '安卓手机行情交易软件', '', 'img/201409231825549139.jpg', '', '	适用客户：安卓系统（Android），使用手机应用（UC浏览器，二维码扫描器等工具）扫描右边的二维码下载安装。\r\n', '未知', '未知', 2, 24, 4, '1411369749', '1411466984', 0, 0, 0, 0, 'htm/Download/2014_0922_42.html', 'cn', 0, 'http://', '', 0, 0, '30', '', NULL, '', '安卓手机行情交易软件'),
(43, '微软Framework组件', '', 'img/201409231825417481.jpg', '', '	适用客户：Windows XP操作系统用户没有安装.Net Framework 2.0组件的客户。\r\n\r\n	 \r\n\r\n	版本：3.0.0.0 \r\n\r\n	更新：2014-02-1 \r\n\r\n	大小：12.6MB \r\n\r\n	适用系统：XP/Win7/Win8\r\n', '未知', '未知', 2, 24, 4, '1411369764', '1411466971', 0, 0, 0, 0, 'htm/Download/2014_0922_43.html', 'cn', 0, 'http://', '', 0, 0, '30', '', NULL, '', '微软Framework组件'),
(24, '佟亚鹏', '', 'img/201409081547598399.jpg', '', '	       著名经济战略预测与投资理财专家，现任天津利安达贵金属经营有限公司首席金融分析师，一直致力于全球经济动态的研究，由于对欧元的独创见解，被誉为&ldq...', '未知', '未知', 3, 26, 2, '1410160155', '1410160175', 0, 0, 0, 0, 'htm/team/2014_0908_24.html', 'cn', 0, 'http://', '', 0, 0, '30', '', NULL, '', '佟亚鹏'),
(25, '李建', '', 'img/201409081547598399.jpg', '', '	自1991年投身股市以来，师学锐老师一直致力于全球金融市场趋势及金融产品的研究，由于对国内外金融市场趋势的把握，及其实效独特的操作手法，昵称“金融剑客”。\r\n\r\n	多年...', '未知', '未知', 3, 26, 2, '1410160180', '1410160143', 0, 0, 0, 0, 'htm/team/2014_0908_25.html', 'cn', 0, 'http://', '', 0, 0, '30', '', NULL, '', '李建'),
(26, '王新宇', '', 'img/201409081547598399.jpg', '', '\r\n	操盘实战高手，&ldquo;游泳理论&rdquo;创始人。历任证券公司咨询部经理、私募基金投资经理、上市公司调研经理，是利安达贵金属投资高级分析师。主张快乐投资、享受生活。有18年入...', '未知', '未知', 5, 26, 2, '1410160191', '1410160191', 0, 0, 0, 0, 'htm/team/2014_0908_26.html', 'cn', 0, 'http://', '', 0, 0, '30', '', NULL, '', '王新宇'),
(27, '入门知识', NULL, '', '', '\r\n	\r\n		\r\n			要在交易中学会止损\r\n		\r\n			\r\n				\r\n					&middot;要在交易中学会止损\r\n				\r\n					\r\n						&nbsp;\r\n					\r\n						\r\n							作为投资者，我们面对的是不为我们意志所转移的庞大的资金市场，外汇...', '未知', '未知', 1, 28, 1, '1410163791', '1410163791', 0, 0, 0, 0, NULL, 'cn', 0, NULL, NULL, 0, 0, '30', NULL, NULL, NULL, NULL),
(28, '疑难解答', NULL, '', '', '\r\n	\r\n		\r\n		\r\n			现货白银具有哪些优势？\r\n		\r\n			\r\n				\r\n					1.22小时交易：周一上午8：00－周六凌晨4：00不间断交易，其中凌晨4：00到6：00为结算时间。弥补国际现货白银报价波动最频繁的时...', '未知', '未知', 1, 30, 1, '1410163778', '1410163778', 0, 0, 0, 0, NULL, 'cn', 0, NULL, NULL, 0, 0, '30', NULL, NULL, NULL, NULL),
(29, '开户须知', '', '', '', '', '未知', '未知', 6, 29, 2, '1410163757', '1410163757', 0, 0, 0, 0, 'htm/Demo/2014_0908_29.html', 'cn', 0, 'http://', '', 0, 0, '30', '', NULL, '', '开户须知'),
(30, '开户视频（QQ视频版）样片', '', '', '', '', '未知', '未知', 3, 29, 2, '1410163770', '1410163770', 0, 0, 0, 0, 'htm/Demo/2014_0908_30.html', 'cn', 0, 'http://', '', 0, 0, '30', '', NULL, '', '开户视频（QQ视频版）样片'),
(31, '开户视频（现场版）样片', '', '', '', '', '未知', '未知', 4, 29, 2, '1410163759', '1410163759', 0, 0, 0, 0, 'htm/Demo/2014_0908_31.html', 'cn', 0, 'http://', '', 0, 0, '30', '', NULL, '', '开户视频（现场版）样片'),
(32, '风险提示函', '', '', '', '\r\n	各会员单位及投资者：\r\n\r\n	近期国内外贵金属市场行情波动剧烈，价格波动幅度逐步放大，鉴于目前市场不确定因素增多，市场操作风险加大，请各会员单位及投资者控制持仓风险，切...', '未知', '未知', 2, 31, 2, '1410167358', '1410167358', 0, 0, 0, 0, 'htm/company_news/2014_0908_32.html', 'cn', 0, 'http://', '', 0, 0, '30', '', NULL, '', '风险提示函'),
(33, '交易所管理办法的公告(转)', '', '', '', '\r\n	各会员单位：\r\n\r\n	&nbsp;\r\n\r\n	结合证监会对行业清理整顿的原则和市金融局对我所在会员管理方面的要求，为了进一步完善我所的会员管理制度，我所昨日颁布了《长三角商品交易所会员...', '未知', '未知', 2, 31, 2, '1410167344', '1410167344', 0, 0, 0, 0, 'htm/company_news/2014_0908_33.html', 'cn', 0, 'http://', '', 0, 0, '30', '', NULL, '', '交易所管理办法的公告(转)'),
(34, '关于中秋节国内假期开市的通知', '', '', '', '\r\n	关于中秋节国内假期开市的通知\r\n', '未知', '未知', 3, 31, 2, '1410167383', '1410167383', 0, 0, 0, 0, 'htm/company_news/2014_0908_34.html', 'cn', 0, 'http://', '', 0, 0, '30', '', NULL, '', '关于中秋节国内假期开市的通知'),
(35, '关于部分产品交易结束时间提前的公告', '', '', '', '\r\n	各会员单位及客户：\r\n	&nbsp; &nbsp; &nbsp; 按照2013年12月18日发布的交易日历，2014年9月1日（星期一）为金融假日，因此长三角商品交易所有限公司根据实际情况调整部分产品的交易时间。...', '未知', '未知', 4, 31, 2, '1410170963', '1410170963', 0, 0, 0, 0, 'htm/company_news/2014_0908_35.html', 'cn', 0, 'http://', '', 0, 0, '30', '', NULL, '', '关于部分产品交易结束时间提前的公告'),
(36, '2014中秋节假期运营安排的通告', '', '', '', '\r\n	2014年中秋节期间，根据国家规定和津贵所开市情况，我司运营部门安排如下：\r\n	1：9月8日（星期一）：交易服务正常，400咨询热线仅接受电话交易下单服务，其它相关业务咨询服务工...', '未知', '未知', 4, 31, 2, '1410170984', '1410170984', 0, 0, 0, 0, 'htm/company_news/2014_0908_36.html', 'cn', 0, 'http://', '', 0, 0, '30', '', NULL, '', '2014中秋节假期运营安排的通告'),
(37, '贵金属：欧银决议率先引爆行情 今晚再迎非农', '', 'img/201409081802376511.jpg', '', '	周四（9月4日），黄金白银再度遭遇重压，因日内欧洲央行意外宣布降息，且吐露将推出“欧版QE”计划，令欧元兑美元暴跌200多点，美元指数则继续升至一年来的高位。另外晚...', '未知', '未知', 4, 31, 2, '1410170947', '1410170948', 0, 0, 0, 0, 'htm/company_news/2014_0908_37.html', 'cn', 0, 'http://', '', 0, 0, '30', '', NULL, '', '贵金属：欧银决议率先引爆行情 今晚再迎非农'),
(38, '贵金属：美指“牛气冲天” 金银“疲弱不堪”', '', 'img/201409081804082143.jpg', '', '\r\n	周二（9月2日），因美元指数持续走高，并创下14个月来的新高，令黄金白银纷纷承压，此外，晚间美国公布的经济数据全面向好，令美指高位企稳，金银则反弹乏力。截止当日收盘，...', '未知', '未知', 4, 13, 2, '1410170966', '1410170966', 0, 0, 0, 0, 'htm/Industry/2014_0908_38.html', 'cn', 0, 'http://', '', 0, 0, '30', '', NULL, '', '贵金属：美指“牛气冲天” 金银“疲弱不堪”'),
(44, '正式交易软件', '', 'img/201409231825283537.jpg', '', '	提供实时行情、网上交易、报表功能、出入金管理等功能。\r\n\r\n	 \r\n', '未知', '未知', 2, 24, 4, '1411369789', '1411466996', 0, 0, 0, 0, 'htm/Download/2014_0922_44.html', 'cn', 0, 'http://', '', 0, 0, '30', '', NULL, '', '正式交易软件'),
(40, '镍', '', 'img/201409231859306196.jpg', '', '	镍，近似银白色、硬而有延展性并具有铁磁性的金属元素，它能够高度磨光和抗腐蚀。镍属于亲铁元素，在地球中的含量仅次于硅、氧、铁、镁，居第5位。在地核中含镍最高，是天然...', '未知', '未知', 3, 15, 3, '1410689362', '1411466952', 0, 0, 0, 0, 'htm/category/2014_0914_40.html', 'cn', 0, 'http://', '', 0, 0, '30', '', NULL, '', '镍'),
(41, '铜', '', 'img/201409231856414024.jpg', '', '	铜是人类发现最早的金属之一，也是人类广泛使用的第一种金属。\r\n\r\n	质量标准\r\n\r\n	按国标GB/T467－1997《阴极铜》的规定，阴极铜按化学成分分为高纯阴极铜（Cu－CATH－1）和标准阴极铜...', '未知', '未知', 3, 15, 3, '1410689376', '1411466960', 0, 0, 0, 0, 'htm/category/2014_0914_41.html', 'cn', 0, 'http://', '', 0, 0, '30', '', NULL, '', '铜'),
(45, '模拟交易软件', '', 'img/201409231813248480.jpg', '', '	提供模拟盘实时行情、模拟交易、报表功能等功能。\r\n\r\n	版本：3.0.0.0   更新：2014-02-1   大小：12.6MB   适用系统：XP/Win7/Win8\r\n', '未知', '未知', 7, 24, 4, '1411369786', '1411466982', 0, 0, 0, 0, 'htm/Download/2014_0922_45.html', 'cn', 0, 'http://', '', 0, 0, '30', '', NULL, '', '模拟交易软件'),
(46, '原油', '', 'img/201409231902122809.jpg', '', '\r\n	石油又称原油，是一种粘稠的、深褐色液体。地壳上层部分地区有石油储存。主要成分是各种烷烃、环烷烃、芳香烃的混合物。石油的成油机理有生物沉积变油和石化油两种学说，前...', '未知', '未知', 2, 15, 3, '1411470584', '1411470584', 0, 0, 0, 0, 'htm/category/2014_0923_46.html', 'cn', 0, 'http://', '', 0, 0, '30', '', NULL, '', '原油'),
(47, '国庆节前迎理财高潮 看重收益更需计算时间成本', '', '', '', '\r\n	金秋九月，众多市民都在计划着十一国庆节去哪里游玩，但也有不少市民则在挑选各种银行理财产品，算计着如何能在节日期间&ldquo;大赚一笔&rdquo;。而随着国庆的到来，部分银行会以...', '未知', '未知', 2, 32, 2, '1411481366', '1411481366', 0, 0, 0, 0, 'htm/last/2014_0923_47.html', 'cn', 0, 'http://', '', 0, 0, '30', '', NULL, '', '国庆节前迎理财高潮 看重收益更需计算时间成本'),
(48, '年轻人理财两大法宝：持之以恒以及开源节流', '', '', '', '\r\n	上一期我们给大家讲了一个银行&ldquo;桂圆&rdquo;妹纸理财的故事，引发猫友们的强烈回复，有人问妹纸在哪家银行工作，还有人关心妹纸是否单身，甚至要求妹纸晒账本好让自己对照着...', '未知', '未知', 1, 32, 2, '1411481341', '1411481341', 0, 0, 0, 0, 'htm/last/2014_0923_48.html', 'cn', 0, 'http://', '', 0, 0, '30', '', NULL, '', '年轻人理财两大法宝：持之以恒以及开源节流'),
(49, '三大缘由解读白银为何暴跌 不建议继续追空', '', '', '', '	本周一，国际现货白银价格继续下挫，刷新17.31美元/盎司近四年半以来新低。银价在自上周五晚间下破年内支撑之后，近两日累计跌幅4.32%。面对如此迅猛的下跌之势，投资者一时间茫...', '未知', '未知', 3, 32, 2, '1411481389', '1411538957', 0, 0, 0, 0, 'htm/last/2014_0923_49.html', 'cn', 0, 'http://', '', 0, 0, '30', '', NULL, '', '三大缘由解读白银为何暴跌 不建议继续追空');

-- --------------------------------------------------------

--
-- 表的结构 `eca_market`
--

CREATE TABLE IF NOT EXISTS `eca_market` (
  `id` mediumint(8) NOT NULL AUTO_INCREMENT,
  `market_name` varchar(60) DEFAULT NULL,
  `market_type` mediumint(8) NOT NULL DEFAULT '0',
  `market_num` varchar(60) NOT NULL,
  `market_order` varchar(60) NOT NULL DEFAULT '10',
  `market_is` mediumint(8) NOT NULL DEFAULT '1',
  `lang` varchar(60) NOT NULL,
  PRIMARY KEY (`id`)
) ENGINE=MyISAM DEFAULT CHARSET=utf8 AUTO_INCREMENT=1 ;

-- --------------------------------------------------------

--
-- 表的结构 `eca_member`
--

CREATE TABLE IF NOT EXISTS `eca_member` (
  `id` mediumint(8) NOT NULL AUTO_INCREMENT,
  `member_name` varchar(60) DEFAULT NULL,
  `member_password` varchar(60) NOT NULL,
  `member_nich` varchar(60) NOT NULL,
  `member_purview` mediumint(8) NOT NULL DEFAULT '0',
  `member_user` varchar(60) NOT NULL,
  `member_mail` varchar(60) NOT NULL,
  `member_tel` varchar(60) DEFAULT NULL,
  `is_disable` mediumint(8) NOT NULL DEFAULT '0',
  `member_ip` varchar(60) DEFAULT NULL,
  `member_time` varchar(60) DEFAULT NULL,
  `member_count` mediumint(8) NOT NULL DEFAULT '0',
  `member_qq` varchar(60) DEFAULT NULL,
  `member_phone` varchar(60) DEFAULT NULL,
  `member_sex` mediumint(8) DEFAULT '0',
  `member_addtime` varchar(60) DEFAULT NULL,
  `member_birth` varchar(60) DEFAULT NULL,
  PRIMARY KEY (`id`)
) ENGINE=MyISAM  DEFAULT CHARSET=utf8 AUTO_INCREMENT=5 ;

-- --------------------------------------------------------

--
-- 表的结构 `eca_member_group`
--

CREATE TABLE IF NOT EXISTS `eca_member_group` (
  `id` mediumint(8) NOT NULL AUTO_INCREMENT,
  `member_group_name` varchar(60) NOT NULL,
  `member_group_info` varchar(255) NOT NULL,
  `is_disable` mediumint(8) NOT NULL,
  PRIMARY KEY (`id`)
) ENGINE=MyISAM  DEFAULT CHARSET=utf8 AUTO_INCREMENT=3 ;

--
-- 转存表中的数据 `eca_member_group`
--

INSERT INTO `eca_member_group` (`id`, `member_group_name`, `member_group_info`, `is_disable`) VALUES
(1, '注册会员', '注册完成的所有会员都是这个级别', 0),
(2, 'VIP会员', '注册会员通过管理后台升级的级别', 0);

-- --------------------------------------------------------

--
-- 表的结构 `eca_mx_form`
--

CREATE TABLE IF NOT EXISTS `eca_mx_form` (
  `id` mediumint(8) NOT NULL,
  `form_id` varchar(60) DEFAULT NULL,
  PRIMARY KEY (`id`)
) ENGINE=MyISAM DEFAULT CHARSET=utf8;

-- --------------------------------------------------------

--
-- 表的结构 `eca_prinfo`
--

CREATE TABLE IF NOT EXISTS `eca_prinfo` (
  `id` mediumint(8) NOT NULL,
  `title` varchar(255) DEFAULT NULL,
  `username` varchar(255) DEFAULT NULL,
  `sex` varchar(255) DEFAULT NULL,
  `mail` varchar(255) DEFAULT NULL,
  `tel` varchar(255) DEFAULT NULL,
  `content` varchar(255) DEFAULT NULL,
  `address` varchar(255) DEFAULT NULL,
  `addcode` varchar(255) DEFAULT NULL,
  PRIMARY KEY (`id`)
) ENGINE=MyISAM DEFAULT CHARSET=utf8;

-- --------------------------------------------------------

--
-- 表的结构 `eca_product`
--

CREATE TABLE IF NOT EXISTS `eca_product` (
  `id` mediumint(8) NOT NULL,
  `model` varchar(255) DEFAULT NULL,
  `marketprice` varchar(255) DEFAULT NULL,
  `pics` varchar(255) DEFAULT NULL,
  `content` text,
  `wholesale` text,
  `shipping` text,
  `trading` text,
  `contact` varchar(255) DEFAULT NULL,
  PRIMARY KEY (`id`)
) ENGINE=MyISAM DEFAULT CHARSET=utf8;

--
-- 转存表中的数据 `eca_product`
--

INSERT INTO `eca_product` (`id`, `model`, `marketprice`, `pics`, `content`, `wholesale`, `shipping`, `trading`, `contact`) VALUES
(17, NULL, NULL, NULL, '<p style="margin: 0px; padding: 0px; border: 0px; outline: 0px; vertical-align: baseline; color: rgb(0, 0, 0); font-family: Simsun; line-height: 22px; text-align: center;">\r\n	<img alt="" src="../upload/img/201409081250062466.jpg" style="width: 700px; height: 280px;" /></p>\r\n<p style="margin: 0px; padding: 0px; border: 0px; outline: 0px; vertical-align: baseline; color: rgb(0, 0, 0); font-family: Simsun; line-height: 22px;">\r\n	<span style="margin: 0px; padding: 0px; border: 0px; outline: 0px; font-size: 14px; vertical-align: baseline; background-color: transparent; text-indent: 21pt; line-height: 21px; font-family: ''Microsoft YaHei''; color: rgb(102, 102, 102); background-position: initial initial; background-repeat: initial initial;">&nbsp; &nbsp; 白银作为贵金属与黄金一样，它有许多优点，都是人们热衷的投资品种，都可以作为保值和流通工具。相对于黄金来说，白银的工业供需一直比较稳定，</span><span style="margin: 0px; padding: 0px; border: 0px; outline: 0px; font-size: 14px; vertical-align: baseline; background-color: transparent; text-indent: 21pt; line-height: 21px; color: rgb(102, 102, 102); font-family: ''Microsoft YaHei''; background-position: initial initial; background-repeat: initial initial;">50%</span><span style="margin: 0px; padding: 0px; border: 0px; outline: 0px; font-size: 14px; vertical-align: baseline; background-color: transparent; text-indent: 21pt; line-height: 21px; font-family: ''Microsoft YaHei''; color: rgb(102, 102, 102); background-position: initial initial; background-repeat: initial initial;">的白银需求来源于工业用途，这一比重远高于黄金</span><span style="margin: 0px; padding: 0px; border: 0px; outline: 0px; font-size: 14px; vertical-align: baseline; background-color: transparent; text-indent: 21pt; line-height: 21px; color: rgb(102, 102, 102); font-family: ''Microsoft YaHei''; background-position: initial initial; background-repeat: initial initial;">11%</span><span style="margin: 0px; padding: 0px; border: 0px; outline: 0px; font-size: 14px; vertical-align: baseline; background-color: transparent; text-indent: 21pt; line-height: 21px; font-family: ''Microsoft YaHei''; color: rgb(102, 102, 102); background-position: initial initial; background-repeat: initial initial;">的占比。</span></p>\r\n<p style="margin: 0px; padding: 0px; border: 0px; outline: 0px; vertical-align: baseline; color: rgb(0, 0, 0); font-family: Simsun; line-height: 22px;">\r\n	&nbsp;</p>\r\n<p style="margin: 0px; padding: 0px; border: 0px; outline: 0px; vertical-align: baseline; color: rgb(0, 0, 0); font-family: Simsun; line-height: 22px;">\r\n	<span style="margin: 0px; padding: 0px; border: 0px; outline: 0px; vertical-align: baseline; background-color: transparent; text-indent: 21pt; line-height: 1.5; font-family: 宋体;"><span style="margin: 0px; padding: 0px; border: 0px; outline: 0px; font-size: 14px; vertical-align: baseline; background-color: transparent; color: rgb(102, 102, 102); font-family: ''Microsoft YaHei''; background-position: initial initial; background-repeat: initial initial;">&nbsp; &nbsp;&nbsp;</span><span style="margin: 0px; padding: 0px; border: 0px; outline: 0px; font-size: 14px; vertical-align: baseline; background-color: transparent; color: rgb(102, 102, 102); font-family: ''Microsoft YaHei''; background-position: initial initial; background-repeat: initial initial;">但白银作为一般等价物的作用相对较弱，因</span></span><span style="margin: 0px; padding: 0px; border: 0px; outline: 0px; font-size: 14px; vertical-align: baseline; background-color: transparent; text-indent: 21pt; line-height: 1.5; color: rgb(102, 102, 102); font-family: ''Microsoft YaHei''; background-position: initial initial; background-repeat: initial initial;">&nbsp;</span><span style="margin: 0px; padding: 0px; border: 0px; outline: 0px; font-size: 14px; vertical-align: baseline; background-color: transparent; text-indent: 21pt; line-height: 1.5; font-family: ''Microsoft YaHei''; color: rgb(102, 102, 102); background-position: initial initial; background-repeat: initial initial;">此必须要正视白银的金属属性。白银具有国际公认、交易灵活、产权转移便利、方便抵押等特点，因此白银的投资需求也尤为关键，特别是随着</span><span style="margin: 0px; padding: 0px; border: 0px; outline: 0px; font-size: 14px; vertical-align: baseline; background-color: transparent; text-indent: 21pt; line-height: 1.5; color: rgb(102, 102, 102); font-family: ''Microsoft YaHei''; background-position: initial initial; background-repeat: initial initial;">ETF</span><span style="margin: 0px; padding: 0px; border: 0px; outline: 0px; font-size: 14px; vertical-align: baseline; background-color: transparent; text-indent: 21pt; line-height: 1.5; font-family: ''Microsoft YaHei''; color: rgb(102, 102, 102); background-position: initial initial; background-repeat: initial initial;">等投资渠道的出现，白银投资需求得以充分展现。</span></p>\r\n<p style="margin: 0px; padding: 0px; border: 0px; outline: 0px; vertical-align: baseline; color: rgb(0, 0, 0); font-family: Simsun; line-height: 22px;">\r\n	&nbsp;</p>\r\n<p style="margin: 0px; padding: 0px; border: 0px; outline: 0px; vertical-align: baseline; color: rgb(0, 0, 0); font-family: Simsun; line-height: 22px;">\r\n	<span style="margin: 0px; padding: 0px; border: 0px; outline: 0px; font-size: 14px; vertical-align: baseline; background-color: transparent; font-family: ''Microsoft YaHei''; text-indent: 21pt; line-height: 1.5; color: rgb(102, 102, 102); background-position: initial initial; background-repeat: initial initial;">&nbsp; &nbsp;&nbsp;白银投资门槛更低，在经济环境持续利好贵金属价格时，白银往往会后发制人，幅度甚至会高于黄金，从而促使金银比价迅速走低，此时白银的金融属性得以充分体现，也给投资者带来了优良的投资机会。</span></p>\r\n<p style="margin: 0px; padding: 0px; border: 0px; outline: 0px; vertical-align: baseline; color: rgb(0, 0, 0); font-family: Simsun; line-height: 22px;">\r\n	&nbsp;</p>\r\n<p style="margin: 0px; padding: 0px; border: 0px; outline: 0px; vertical-align: baseline; color: rgb(0, 0, 0); font-family: Simsun; line-height: 22px;">\r\n	<span style="margin: 0px; padding: 0px; border: 0px; outline: 0px; font-size: 14px; vertical-align: baseline; background-color: transparent; font-family: ''Microsoft YaHei''; text-indent: 21pt; line-height: 1.5; color: rgb(102, 102, 102); background-position: initial initial; background-repeat: initial initial;">&nbsp; &nbsp;&nbsp;我国白银产量主要来自铜铅锌金属副产，其余来自再生和独立银矿。由于国内铜铅锌等产量大幅增加，国内白银产量也随之增加。目前国内主要精铅省份是河南、湖南和云南，而精铜的主要生产省份是江西、安徽、云南等。因此国内主要白银生产省份依旧集中于湖南、河南、云南和江西等地。</span></p>\r\n<p style="margin: 0px; padding: 0px; border: 0px; outline: 0px; vertical-align: baseline; color: rgb(0, 0, 0); font-family: Simsun; line-height: 22px;">\r\n	&nbsp;</p>\r\n<p style="margin: 0px; padding: 0px; border: 0px; outline: 0px; vertical-align: baseline; color: rgb(0, 0, 0); font-family: Simsun; line-height: 22px;">\r\n	<span style="margin: 0px; padding: 0px; border: 0px; outline: 0px; vertical-align: baseline; background-color: transparent; text-indent: 21pt; line-height: 1.5; font-family: 宋体;"><span style="margin: 0px; padding: 0px; border: 0px; outline: 0px; font-size: 14px; vertical-align: baseline; background-color: transparent; color: rgb(102, 102, 102); font-family: ''Microsoft YaHei''; background-position: initial initial; background-repeat: initial initial;">&nbsp; &nbsp;&nbsp;</span><span style="margin: 0px; padding: 0px; border: 0px; outline: 0px; font-size: 14px; vertical-align: baseline; background-color: transparent; color: rgb(102, 102, 102); font-family: ''Microsoft YaHei''; background-position: initial initial; background-repeat: initial initial;">近几年，我国白银产量持续增长。据中国有色金属工业协会统计，</span></span><span style="margin: 0px; padding: 0px; border: 0px; outline: 0px; font-size: 14px; vertical-align: baseline; background-color: transparent; text-indent: 21pt; line-height: 1.5; color: rgb(102, 102, 102); font-family: ''Microsoft YaHei''; background-position: initial initial; background-repeat: initial initial;">2005-2010</span><span style="margin: 0px; padding: 0px; border: 0px; outline: 0px; font-size: 14px; vertical-align: baseline; background-color: transparent; text-indent: 21pt; line-height: 1.5; font-family: ''Microsoft YaHei''; color: rgb(102, 102, 102); background-position: initial initial; background-repeat: initial initial;">年我国白银产量年均递增</span><span style="margin: 0px; padding: 0px; border: 0px; outline: 0px; font-size: 14px; vertical-align: baseline; background-color: transparent; text-indent: 21pt; line-height: 1.5; color: rgb(102, 102, 102); font-family: ''Microsoft YaHei''; background-position: initial initial; background-repeat: initial initial;">17.8%</span><span style="margin: 0px; padding: 0px; border: 0px; outline: 0px; font-size: 14px; vertical-align: baseline; background-color: transparent; text-indent: 21pt; line-height: 1.5; font-family: ''Microsoft YaHei''; color: rgb(102, 102, 102); background-position: initial initial; background-repeat: initial initial;">，</span><span style="margin: 0px; padding: 0px; border: 0px; outline: 0px; font-size: 14px; vertical-align: baseline; background-color: transparent; text-indent: 21pt; line-height: 1.5; color: rgb(102, 102, 102); font-family: ''Microsoft YaHei''; background-position: initial initial; background-repeat: initial initial;">2010</span><span style="margin: 0px; padding: 0px; border: 0px; outline: 0px; font-size: 14px; vertical-align: baseline; background-color: transparent; text-indent: 21pt; line-height: 1.5; font-family: ''Microsoft YaHei''; color: rgb(102, 102, 102); background-position: initial initial; background-repeat: initial initial;">年我国白银总产量累计达到</span><span style="margin: 0px; padding: 0px; border: 0px; outline: 0px; font-size: 14px; vertical-align: baseline; background-color: transparent; text-indent: 21pt; line-height: 1.5; color: rgb(102, 102, 102); font-family: ''Microsoft YaHei''; background-position: initial initial; background-repeat: initial initial;">11617</span><span style="margin: 0px; padding: 0px; border: 0px; outline: 0px; font-size: 14px; vertical-align: baseline; background-color: transparent; text-indent: 21pt; line-height: 1.5; font-family: ''Microsoft YaHei''; color: rgb(102, 102, 102); background-position: initial initial; background-repeat: initial initial;">吨。按照白银总产量统计（非海外机构之原生矿产银产量统计口径），</span><span style="margin: 0px; padding: 0px; border: 0px; outline: 0px; font-size: 14px; vertical-align: baseline; background-color: transparent; text-indent: 21pt; line-height: 1.5; color: rgb(102, 102, 102); font-family: ''Microsoft YaHei''; background-position: initial initial; background-repeat: initial initial;">2007</span><span style="margin: 0px; padding: 0px; border: 0px; outline: 0px; font-size: 14px; vertical-align: baseline; background-color: transparent; text-indent: 21pt; line-height: 1.5; font-family: ''Microsoft YaHei''; color: rgb(102, 102, 102); background-position: initial initial; background-repeat: initial initial;">年起我国白银总产量实际已经位居世界第一位。</span></p>\r\n<p style="margin: 0px; padding: 0px; border: 0px; outline: 0px; vertical-align: baseline; color: rgb(0, 0, 0); font-family: Simsun; line-height: 22px;">\r\n	&nbsp;</p>\r\n<p style="margin: 0px; padding: 0px; border: 0px; outline: 0px; vertical-align: baseline; color: rgb(0, 0, 0); font-family: Simsun; line-height: 22px;">\r\n	<span style="margin: 0px; padding: 0px; border: 0px; outline: 0px; font-size: 14px; vertical-align: baseline; background-color: transparent; font-family: ''Microsoft YaHei''; text-indent: 21pt; line-height: 1.5; color: rgb(102, 102, 102); background-position: initial initial; background-repeat: initial initial;">&nbsp; &nbsp;&nbsp;白银的传统用途是作为货币及制作工艺品和首饰。随着现代工业的兴起，白银的应用领域从首饰、器皿、制币业向照相、电子，乃至国防、航天、医药等行业扩展，成为工业金属家族中的一个重要成员，在国民经济中占有举足轻重的地位。</span></p>\r\n<p style="margin: 0px; padding: 0px; border: 0px; outline: 0px; vertical-align: baseline; color: rgb(0, 0, 0); font-family: Simsun; line-height: 22px;">\r\n	&nbsp;</p>\r\n<p style="margin: 0px; padding: 0px; border: 0px; outline: 0px; vertical-align: baseline; color: rgb(0, 0, 0); font-family: Simsun; line-height: 22px;">\r\n	<span style="margin: 0px; padding: 0px; border: 0px; outline: 0px; vertical-align: baseline; background-color: transparent; text-indent: 21pt; line-height: 1.5; font-family: 宋体;"><span style="margin: 0px; padding: 0px; border: 0px; outline: 0px; font-size: 14px; vertical-align: baseline; background-color: transparent; color: rgb(102, 102, 102); font-family: ''Microsoft YaHei''; background-position: initial initial; background-repeat: initial initial;">&nbsp; &nbsp;&nbsp;</span><span style="margin: 0px; padding: 0px; border: 0px; outline: 0px; font-size: 14px; vertical-align: baseline; background-color: transparent; color: rgb(102, 102, 102); font-family: ''Microsoft YaHei''; background-position: initial initial; background-repeat: initial initial;">近几年中国经济快速增长促进白银需求持续增长，中国成为世界白银需求潜力最大的国家之一。</span></span><span style="margin: 0px; padding: 0px; border: 0px; outline: 0px; font-size: 14px; vertical-align: baseline; background-color: transparent; text-indent: 21pt; line-height: 1.5; color: rgb(102, 102, 102); font-family: ''Microsoft YaHei''; background-position: initial initial; background-repeat: initial initial;">1985</span><span style="margin: 0px; padding: 0px; border: 0px; outline: 0px; font-size: 14px; vertical-align: baseline; background-color: transparent; text-indent: 21pt; line-height: 1.5; font-family: ''Microsoft YaHei''; color: rgb(102, 102, 102); background-position: initial initial; background-repeat: initial initial;">年我国白银消费量仅为</span><span style="margin: 0px; padding: 0px; border: 0px; outline: 0px; font-size: 14px; vertical-align: baseline; background-color: transparent; text-indent: 21pt; line-height: 1.5; color: rgb(102, 102, 102); font-family: ''Microsoft YaHei''; background-position: initial initial; background-repeat: initial initial;">900</span><span style="margin: 0px; padding: 0px; border: 0px; outline: 0px; font-size: 14px; vertical-align: baseline; background-color: transparent; text-indent: 21pt; line-height: 1.5; font-family: ''Microsoft YaHei''; color: rgb(102, 102, 102); background-position: initial initial; background-repeat: initial initial;">吨左右，</span><span style="margin: 0px; padding: 0px; border: 0px; outline: 0px; font-size: 14px; vertical-align: baseline; background-color: transparent; text-indent: 21pt; line-height: 1.5; color: rgb(102, 102, 102); font-family: ''Microsoft YaHei''; background-position: initial initial; background-repeat: initial initial;">2000</span><span style="margin: 0px; padding: 0px; border: 0px; outline: 0px; font-size: 14px; vertical-align: baseline; background-color: transparent; text-indent: 21pt; line-height: 1.5; font-family: ''Microsoft YaHei''; color: rgb(102, 102, 102); background-position: initial initial; background-repeat: initial initial;">年则达到了</span><span style="margin: 0px; padding: 0px; border: 0px; outline: 0px; font-size: 14px; vertical-align: baseline; background-color: transparent; text-indent: 21pt; line-height: 1.5; color: rgb(102, 102, 102); font-family: ''Microsoft YaHei''; background-position: initial initial; background-repeat: initial initial;">1360&nbsp;</span><span style="margin: 0px; padding: 0px; border: 0px; outline: 0px; font-size: 14px; vertical-align: baseline; background-color: transparent; text-indent: 21pt; line-height: 1.5; font-family: ''Microsoft YaHei''; color: rgb(102, 102, 102); background-position: initial initial; background-repeat: initial initial;">吨，</span><span style="margin: 0px; padding: 0px; border: 0px; outline: 0px; font-size: 14px; vertical-align: baseline; background-color: transparent; text-indent: 21pt; line-height: 1.5; color: rgb(102, 102, 102); font-family: ''Microsoft YaHei''; background-position: initial initial; background-repeat: initial initial;">2005</span><span style="margin: 0px; padding: 0px; border: 0px; outline: 0px; font-size: 14px; vertical-align: baseline; background-color: transparent; text-indent: 21pt; line-height: 1.5; font-family: ''Microsoft YaHei''; color: rgb(102, 102, 102); background-position: initial initial; background-repeat: initial initial;">年达到</span><span style="margin: 0px; padding: 0px; border: 0px; outline: 0px; font-size: 14px; vertical-align: baseline; background-color: transparent; text-indent: 21pt; line-height: 1.5; color: rgb(102, 102, 102); font-family: ''Microsoft YaHei''; background-position: initial initial; background-repeat: initial initial;">2545</span><span style="margin: 0px; padding: 0px; border: 0px; outline: 0px; font-size: 14px; vertical-align: baseline; background-color: transparent; text-indent: 21pt; line-height: 1.5; font-family: ''Microsoft YaHei''; color: rgb(102, 102, 102); background-position: initial initial; background-repeat: initial initial;">吨，</span><span style="margin: 0px; padding: 0px; border: 0px; outline: 0px; font-size: 14px; vertical-align: baseline; background-color: transparent; text-indent: 21pt; line-height: 1.5; color: rgb(102, 102, 102); font-family: ''Microsoft YaHei''; background-position: initial initial; background-repeat: initial initial;">2010</span><span style="margin: 0px; padding: 0px; border: 0px; outline: 0px; font-size: 14px; vertical-align: baseline; background-color: transparent; text-indent: 21pt; line-height: 1.5; font-family: ''Microsoft YaHei''; color: rgb(102, 102, 102); background-position: initial initial; background-repeat: initial initial;">年全国白银消费总量约</span><span style="margin: 0px; padding: 0px; border: 0px; outline: 0px; font-size: 14px; vertical-align: baseline; background-color: transparent; text-indent: 21pt; line-height: 1.5; color: rgb(102, 102, 102); font-family: ''Microsoft YaHei''; background-position: initial initial; background-repeat: initial initial;">5700</span><span style="margin: 0px; padding: 0px; border: 0px; outline: 0px; font-size: 14px; vertical-align: baseline; background-color: transparent; text-indent: 21pt; line-height: 1.5; font-family: ''Microsoft YaHei''; color: rgb(102, 102, 102); background-position: initial initial; background-repeat: initial initial;">吨，</span><span style="margin: 0px; padding: 0px; border: 0px; outline: 0px; font-size: 14px; vertical-align: baseline; background-color: transparent; text-indent: 21pt; line-height: 1.5; color: rgb(102, 102, 102); font-family: ''Microsoft YaHei''; background-position: initial initial; background-repeat: initial initial;">2005-2010</span><span style="margin: 0px; padding: 0px; border: 0px; outline: 0px; font-size: 14px; vertical-align: baseline; background-color: transparent; text-indent: 21pt; line-height: 1.5; font-family: ''Microsoft YaHei''; color: rgb(102, 102, 102); background-position: initial initial; background-repeat: initial initial;">年国内白银消费年均增幅超过</span><span style="margin: 0px; padding: 0px; border: 0px; outline: 0px; font-size: 14px; vertical-align: baseline; background-color: transparent; text-indent: 21pt; line-height: 1.5; color: rgb(102, 102, 102); font-family: ''Microsoft YaHei''; background-position: initial initial; background-repeat: initial initial;">10%</span><span style="margin: 0px; padding: 0px; border: 0px; outline: 0px; font-size: 14px; vertical-align: baseline; background-color: transparent; text-indent: 21pt; line-height: 1.5; font-family: ''Microsoft YaHei''; color: rgb(102, 102, 102); background-position: initial initial; background-repeat: initial initial;">。</span></p>\r\n<p style="margin: 0px; padding: 0px; border: 0px; outline: 0px; vertical-align: baseline; color: rgb(0, 0, 0); font-family: Simsun; line-height: 22px;">\r\n	&nbsp;</p>\r\n<p style="margin: 0px; padding: 0px; border: 0px; outline: 0px; vertical-align: baseline; color: rgb(0, 0, 0); font-family: Simsun; line-height: 22px;">\r\n	<span style="margin: 0px; padding: 0px; border: 0px; outline: 0px; vertical-align: baseline; background-color: transparent; text-indent: 21pt; line-height: 1.5; font-family: 宋体;"><span style="margin: 0px; padding: 0px; border: 0px; outline: 0px; font-size: 14px; vertical-align: baseline; background-color: transparent; color: rgb(102, 102, 102); font-family: ''Microsoft YaHei''; background-position: initial initial; background-repeat: initial initial;">&nbsp; &nbsp;&nbsp;</span><span style="margin: 0px; padding: 0px; border: 0px; outline: 0px; font-size: 14px; vertical-align: baseline; background-color: transparent; color: rgb(102, 102, 102); font-family: ''Microsoft YaHei''; background-position: initial initial; background-repeat: initial initial;">近年来，由于数码技术的进步，白银最传统的工业应用&mdash;&mdash;感光材料中白银的消费逐年减少；而随着电子工业的不断发展，白银深加工业发展迅速。目前我国白银消费结构大致为：电子电气</span></span><span style="margin: 0px; padding: 0px; border: 0px; outline: 0px; font-size: 14px; vertical-align: baseline; background-color: transparent; text-indent: 21pt; line-height: 1.5; color: rgb(102, 102, 102); font-family: ''Microsoft YaHei''; background-position: initial initial; background-repeat: initial initial;">37%</span><span style="margin: 0px; padding: 0px; border: 0px; outline: 0px; font-size: 14px; vertical-align: baseline; background-color: transparent; text-indent: 21pt; line-height: 1.5; font-family: ''Microsoft YaHei''; color: rgb(102, 102, 102); background-position: initial initial; background-repeat: initial initial;">、银基合金及钎焊料</span><span style="margin: 0px; padding: 0px; border: 0px; outline: 0px; font-size: 14px; vertical-align: baseline; background-color: transparent; text-indent: 21pt; line-height: 1.5; color: rgb(102, 102, 102); font-family: ''Microsoft YaHei''; background-position: initial initial; background-repeat: initial initial;">23%</span><span style="margin: 0px; padding: 0px; border: 0px; outline: 0px; font-size: 14px; vertical-align: baseline; background-color: transparent; text-indent: 21pt; line-height: 1.5; font-family: ''Microsoft YaHei''; color: rgb(102, 102, 102); background-position: initial initial; background-repeat: initial initial;">、银质工艺品、首饰银币</span><span style="margin: 0px; padding: 0px; border: 0px; outline: 0px; font-size: 14px; vertical-align: baseline; background-color: transparent; text-indent: 21pt; line-height: 1.5; color: rgb(102, 102, 102); font-family: ''Microsoft YaHei''; background-position: initial initial; background-repeat: initial initial;">31%</span><span style="margin: 0px; padding: 0px; border: 0px; outline: 0px; font-size: 14px; vertical-align: baseline; background-color: transparent; text-indent: 21pt; line-height: 1.5; font-family: ''Microsoft YaHei''; color: rgb(102, 102, 102); background-position: initial initial; background-repeat: initial initial;">，感光材料</span><span style="margin: 0px; padding: 0px; border: 0px; outline: 0px; font-size: 14px; vertical-align: baseline; background-color: transparent; text-indent: 21pt; line-height: 1.5; color: rgb(102, 102, 102); font-family: ''Microsoft YaHei''; background-position: initial initial; background-repeat: initial initial;">4%</span><span style="margin: 0px; padding: 0px; border: 0px; outline: 0px; font-size: 14px; vertical-align: baseline; background-color: transparent; text-indent: 21pt; line-height: 1.5; font-family: ''Microsoft YaHei''; color: rgb(102, 102, 102); background-position: initial initial; background-repeat: initial initial;">、抗菌等其他领域</span><span style="margin: 0px; padding: 0px; border: 0px; outline: 0px; font-size: 14px; vertical-align: baseline; background-color: transparent; text-indent: 21pt; line-height: 1.5; color: rgb(102, 102, 102); font-family: ''Microsoft YaHei''; background-position: initial initial; background-repeat: initial initial;">5%</span><span style="margin: 0px; padding: 0px; border: 0px; outline: 0px; font-size: 14px; vertical-align: baseline; background-color: transparent; text-indent: 21pt; line-height: 1.5; font-family: ''Microsoft YaHei''; color: rgb(102, 102, 102); background-position: initial initial; background-repeat: initial initial;">。</span></p>\r\n', NULL, NULL, NULL, NULL),
(40, NULL, NULL, NULL, '<p style="padding: 0px 0px 10px; margin: 0px; font-size: 14px; text-indent: 2.5em; color: rgb(68, 68, 68); font-family: 微软雅黑, Arial, sans-serif; line-height: 35px;">\r\n	镍，近似银白色、硬而有延展性并具有铁磁性的金属元素，它能够高度磨光和抗腐蚀。镍属于亲铁元素，在地球中的含量仅次于硅、氧、铁、镁，居第5位。在地核中含镍最高，是天然的镍铁合金。在地壳中铁镁质岩石含镍高于硅铝质岩石，例如橄榄岩含镍为花岗岩的1000倍，辉长岩含镍为花岗岩的80倍。</p>\r\n<p style="padding: 0px 0px 10px; margin: 0px; font-size: 14px; text-indent: 2.5em; color: rgb(68, 68, 68); font-family: 微软雅黑, Arial, sans-serif; line-height: 35px;">\r\n	<strong>矿产分布</strong></p>\r\n<p style="padding: 0px 0px 10px; margin: 0px; font-size: 14px; text-indent: 2.5em; color: rgb(68, 68, 68); font-family: 微软雅黑, Arial, sans-serif; line-height: 35px;">\r\n	世界上红土镍矿分布在赤道线南北30度以内的热带国家，集中分布在环太平洋的热带―亚热带地区，主要有：美洲的古巴、巴西；东南亚的印度尼西亚、菲律宾；大洋洲的澳大利亚、新喀里多尼亚、巴布亚新几内亚等。中国镍矿分布就大区来看，主要分布在西北、西南和东北，其保有储量占全国总储量的比例分别为76.8%、12.1%、4.9%。就各省(区)来看，甘肃储量最多，占全国镍矿总储量的62%，其次是新疆（11.6%）、云南（8.9%）、吉林（4.4%）、湖北（3.4%）和四川（3.3%）。其中甘肃金昌的铜镍共生矿床，镍资源储量巨大，仅次于加拿大萨德伯里镍矿，居世界第二，亚洲第一。</p>\r\n<p style="padding: 0px 0px 10px; margin: 0px; font-size: 14px; text-indent: 2.5em; color: rgb(68, 68, 68); font-family: 微软雅黑, Arial, sans-serif; line-height: 35px;">\r\n	<strong>市场发展</strong></p>\r\n<p style="padding: 0px 0px 10px; margin: 0px; font-size: 14px; text-indent: 2.5em; color: rgb(68, 68, 68); font-family: 微软雅黑, Arial, sans-serif; line-height: 35px;">\r\n	2006年1-12月，中国镍累计产量为111280.01吨，与2005年同期相比增长了22.07%；2007年1-12月，中国镍累计产量为115772.10吨，与2006年同期相比增长了8.51%；2008年1-10月，中国镍累计产量为112209.99吨，与2007年同期相比增长了8.99%。</p>\r\n<p style="padding: 0px 0px 10px; margin: 0px; font-size: 14px; text-indent: 2.5em; color: rgb(68, 68, 68); font-family: 微软雅黑, Arial, sans-serif; line-height: 35px;">\r\n	中国镍行业在不断发展的同时，也存在一些问题，如镍矿中多为低品味，露采比例很小，可采储量仅占总储量的10%，开采和冶炼的技术相对较为落后；选矿一般采用弱酸或弱碱介质浮选工艺，选矿能力为430万吨/年；中国镍冶炼除几家大型企业以外普遍采用火法的选锍熔炼技术，精炼镍主要采用硫化镍阳极隔膜电解和硫酸选择性浸出&mdash;&mdash;电积工艺，与世界先进技术还有一定差距，因此中国开采和冶炼的成本居高不下。</p>\r\n<p style="padding: 0px 0px 10px; margin: 0px; font-size: 14px; text-indent: 2.5em; color: rgb(68, 68, 68); font-family: 微软雅黑, Arial, sans-serif; line-height: 35px;">\r\n	2010年预计中国镍消费量将达到40万吨/年以后，中国将成为世界最大的镍消费国。2010年中国镍金属基础储量只有230万吨左右，2010-2013年来中国镍矿勘探没有重大进展，如果就按照这样消费下去的话，10年后中国的镍矿资源将逐渐消耗殆尽。</p>\r\n<p style="padding: 0px 0px 10px; margin: 0px; font-size: 14px; text-indent: 2.5em; color: rgb(68, 68, 68); font-family: 微软雅黑, Arial, sans-serif; line-height: 35px;">\r\n	2012年10月5日，中国新疆省地矿部门和矿产企业经4年勘查，在新疆若羌县发现百万吨级特大型镍矿，已探得镍金属资源量128万吨。</p>\r\n<p style="padding: 0px 0px 10px; margin: 0px; font-size: 14px; text-indent: 2.5em; color: rgb(68, 68, 68); font-family: 微软雅黑, Arial, sans-serif; line-height: 35px;">\r\n	《2013-2017年中国金属镍行业全景调研及投资前景预测报告》资料显示，中国和美国为最大消费国。Higo称，2013年中国镍生铁产量将增至35万吨。镍生铁为低级铁矿石的替代品。中国不锈钢生产商镍生铁使用量增加将抑制其对镍的风险偏好，拖累镍价。他表示，中国需求将增加8.5%至83万吨，而包括生铁在内的产量将增长10%至54万吨。中国需求占全球总量的47%。</p>\r\n<p style="padding: 0px 0px 10px; margin: 0px; font-size: 14px; text-indent: 2.5em; color: rgb(68, 68, 68); font-family: 微软雅黑, Arial, sans-serif; line-height: 35px;">\r\n	截至2013年5月23日，中国库存180，024吨。2013年全球不锈钢产量或自1月预估增长1.7%至3，650万吨。中国产量将增加3.7%至1，680万吨。根据国际不锈钢论坛，亚洲不锈钢产量占全球总量的70%。</p>\r\n', NULL, NULL, NULL, NULL),
(41, NULL, NULL, NULL, '<p style="padding: 0px 0px 10px; margin: 0px; color: rgb(102, 102, 102); font-family: ''Arial, Helvetica, sans-serif''; font-size: 14px; line-height: 27px; text-indent: 2.5em;">\r\n	<strong>铜</strong>是人类发现最早的金属之一，也是人类广泛使用的第一种金属。</p>\r\n<p style="padding: 0px 0px 10px; margin: 0px; color: rgb(102, 102, 102); font-family: ''Arial, Helvetica, sans-serif''; font-size: 14px; line-height: 27px; text-indent: 2.5em;">\r\n	<strong>质量标准</strong></p>\r\n<p style="padding: 0px 0px 10px; margin: 0px; color: rgb(102, 102, 102); font-family: ''Arial, Helvetica, sans-serif''; font-size: 14px; line-height: 27px; text-indent: 2.5em;">\r\n	按国标GB/T467－1997《阴极铜》的规定，阴极铜按化学成分分为高纯阴极铜（Cu－CATH－1）和标准阴极铜（Cu－CATH－2）和两个牌号。阴极铜的试验方法：高纯阴极铜化学成分的仲裁分析方法按GB/T13293－1991《高纯阳极铜化学分析方法》的规定进行，标准阴极铜化学成分的仲裁分析方法按GB/T5121-1996《铜及铜合金化学分析方法》的规定进行。表面质量用目视检测。</p>\r\n<p style="padding: 0px 0px 10px; margin: 0px; color: rgb(102, 102, 102); font-family: ''Arial, Helvetica, sans-serif''; font-size: 14px; line-height: 27px; text-indent: 2.5em;">\r\n	<strong>国内铜资源主要分布</strong></p>\r\n<p style="padding: 0px 0px 10px; margin: 0px; color: rgb(102, 102, 102); font-family: ''Arial, Helvetica, sans-serif''; font-size: 14px; line-height: 27px; text-indent: 2.5em;">\r\n	2006年，我国在新一轮国土资源大调查中对铜矿勘查取得重大突破，新增铜资源量2678万吨，截至目前我国累计查明资源储量（铜金属）8531万吨，已占同年世界储量基础的12.1%，居智利和美国之后,列世界第3位。</p>\r\n<p style="padding: 0px 0px 10px; margin: 0px; color: rgb(102, 102, 102); font-family: ''Arial, Helvetica, sans-serif''; font-size: 14px; line-height: 27px; text-indent: 2.5em;">\r\n	我国著名的大型铜矿有西藏玉龙铜矿、驱龙铜矿，江西德兴铜矿及近年来新发现的云南普朗、羊拉铜矿。<br />\r\n	（注：我国数据来自中国地质调查局2007年１月２４日报告）</p>\r\n<p style="padding: 0px 0px 10px; margin: 0px; color: rgb(102, 102, 102); font-family: ''Arial, Helvetica, sans-serif''; font-size: 14px; line-height: 27px; text-indent: 2.5em;">\r\n	2000年之后，我国自产铜精矿（按含铜量计算）一直徘徊在56-65万吨水平，但近年来铜精矿产量有较快增长，2007年达到95.1万吨,较2006年增长8.93%。</p>\r\n', NULL, NULL, NULL, NULL),
(46, NULL, NULL, NULL, '<p style="margin: 0px 0px 1em; text-indent: 2em; color: rgb(102, 102, 102); font-family: Arial, Helvetica, sans-serif; line-height: 21px;">\r\n	石油又称原油，是一种粘稠的、深褐色液体。地壳上层部分地区有石油储存。主要成分是各种烷烃、环烷烃、芳香烃的混合物。石油的成油机理有生物沉积变油和石化油两种学说，前者较广为接受，认为石油是古代海洋或湖泊中的生物经过漫长的演化形成，属于化石燃料，不可再生；后者认为石油是由地壳内本身的碳生成，与生物无关，可再生。石油主要被用来作为燃油和汽油，也是许多化学工业产品如溶液、化肥、杀虫剂和塑料等的原料。</p>\r\n<p style="margin: 0px 0px 1em; text-indent: 2em; color: rgb(102, 102, 102); font-family: Arial, Helvetica, sans-serif; line-height: 21px;">\r\n	石油的性质因产地而异，密度为0.8 -1.0g/cm3，粘度范围很宽，凝固点差别很大（30 ~ -60摄氏度），沸点范围为常温到500摄氏度以上，可溶于多种有机溶剂，不溶于水，但可与水形成乳状液。不过不同的油田的石油的成分和外貌可以区分很大。石油主要被用作燃油和汽油，燃料油和汽油在2012年组成世界上最重要的多次次能源之一。石油也是许多化学工业产品如溶剂、化肥、杀虫剂和塑料等的原料。2012年开采的石油88%被用作燃料，其它的12%作为化工业的原料。实际上，石油是一种不可再生原料，许多人担心石油会用尽以及带来的后果。</p>\r\n<p style="margin: 0px 0px 1em; text-indent: 2em; color: rgb(102, 102, 102); font-family: Arial, Helvetica, sans-serif; line-height: 21px;">\r\n	<strong>石油产品</strong></p>\r\n<p style="margin: 0px 0px 1em; text-indent: 2em; color: rgb(102, 102, 102); font-family: Arial, Helvetica, sans-serif; line-height: 21px;">\r\n	石油经过加工提炼，可以得到的产品大致可分为四大类：</p>\r\n<p style="margin: 0px 0px 1em; text-indent: 2em; color: rgb(102, 102, 102); font-family: Arial, Helvetica, sans-serif; line-height: 21px;">\r\n	燃料</p>\r\n<p style="margin: 0px 0px 1em; text-indent: 2em; color: rgb(102, 102, 102); font-family: Arial, Helvetica, sans-serif; line-height: 21px;">\r\n	石油燃料是用量最大的油品。按其用途和使用范围可以分为如下五种：</p>\r\n<p style="margin: 0px 0px 1em; text-indent: 2em; color: rgb(102, 102, 102); font-family: Arial, Helvetica, sans-serif; line-height: 21px;">\r\n	1．点燃式发动机燃料有航空汽油，车用汽油等。</p>\r\n<p style="margin: 0px 0px 1em; text-indent: 2em; color: rgb(102, 102, 102); font-family: Arial, Helvetica, sans-serif; line-height: 21px;">\r\n	2．喷气式发动机燃料(喷气燃料) 有航空煤油。</p>\r\n<p style="margin: 0px 0px 1em; text-indent: 2em; color: rgb(102, 102, 102); font-family: Arial, Helvetica, sans-serif; line-height: 21px;">\r\n	3．压燃式发动机燃料(柴油机燃料) 有高速、中速、低速柴油。</p>\r\n<p style="margin: 0px 0px 1em; text-indent: 2em; color: rgb(102, 102, 102); font-family: Arial, Helvetica, sans-serif; line-height: 21px;">\r\n	4．液化石油气燃料即液态烃。</p>\r\n<p style="margin: 0px 0px 1em; text-indent: 2em; color: rgb(102, 102, 102); font-family: Arial, Helvetica, sans-serif; line-height: 21px;">\r\n	5．锅炉燃料有炉用燃料油和船舶用燃料油。</p>\r\n<p style="margin: 0px 0px 1em; text-indent: 2em; color: rgb(102, 102, 102); font-family: Arial, Helvetica, sans-serif; line-height: 21px;">\r\n	<strong>价格机制</strong></p>\r\n<p style="margin: 0px 0px 1em; text-indent: 2em; color: rgb(102, 102, 102); font-family: Arial, Helvetica, sans-serif; line-height: 21px;">\r\n	一般提到油价，可能是指以下三种不同的价格：要么它指的是现货价格，要么指的是纽约商品交易所上在俄克拉何马州库欣的供货价格，或者是指国际石油交易所上的萨洛姆供货价格。不同石油根据其比重、含硫量和产地的价格可以非常不同。大多数石油不是在市场上买卖的，而是在柜台买卖的基础上交易的，其价格一般是参考一个定价机构如普氏公司给出的价格定的。国际石油交易所称65%交易的石油的价格低于该交易所提供的北海布伦特原油标价</p>\r\n<p style="margin: 0px 0px 1em; text-indent: 2em; color: rgb(102, 102, 102); font-family: Arial, Helvetica, sans-serif; line-height: 21px;">\r\n	很多人指责石油输出国组织控制油价，他们指出石油开采的实际价值只在每桶两美元左右。石油输出国组织则反驳说首先开采石油不仅仅是开采，而且此前的勘探、钻井等等的价值也必须被包括进去。此外不能只用最低的开采价值作为标准。许多地方的开采价值高于上述的每桶两美元。而且由于石油输出国组织通过控制开采量控制油价保持在一定的程度上使得一些油田（比如北海的油田）得以开采。此外石油输出国组织的能力往往被错误高估。1990年代由于油价低使得在石油工业的投资非常低。尤其是勘探新的油田的价格非常高。这导致了2000年代初油价飞涨时石油输出国组织没有任何扩大开采量的余地来保持油价的稳定。</p>\r\n<p style="margin: 0px 0px 1em; text-indent: 2em; color: rgb(102, 102, 102); font-family: Arial, Helvetica, sans-serif; line-height: 21px;">\r\n	油价与全球宏观经济状态息息相关，因此油价是一个关键性价格。一些经济学家称高油价对全球经济增长有负影响。虽然高油价一般认为是经济增长导致的，但这说明两者之间的关系是非常不稳定的。</p>\r\n<p style="margin: 0px 0px 1em; text-indent: 2em; color: rgb(102, 102, 102); font-family: Arial, Helvetica, sans-serif; line-height: 21px;">\r\n	据俄国际文传电讯社7月2日报道，俄石油开采量比2011年同期增长1.6%，为2.56亿吨。6月份，俄石油产量为4222.8万吨，平均每昼夜开采1031.8万桶。</p>\r\n', NULL, NULL, NULL, NULL);

-- --------------------------------------------------------

--
-- 表的结构 `eca_upfiles`
--

CREATE TABLE IF NOT EXISTS `eca_upfiles` (
  `id` mediumint(8) NOT NULL AUTO_INCREMENT,
  `file_info` varchar(255) DEFAULT NULL,
  `file_ext` varchar(255) DEFAULT NULL,
  `file_size` mediumint(8) DEFAULT '0',
  `file_path` varchar(255) DEFAULT NULL,
  `file_time` varchar(255) DEFAULT NULL,
  `hits` mediumint(8) NOT NULL DEFAULT '0',
  PRIMARY KEY (`id`)
) ENGINE=MyISAM  DEFAULT CHARSET=utf8 AUTO_INCREMENT=3 ;

--
-- 转存表中的数据 `eca_upfiles`
--

INSERT INTO `eca_upfiles` (`id`, `file_info`, `file_ext`, `file_size`, `file_path`, `file_time`, `hits`) VALUES
(2, '', 'apk', 1629378, 'upload/file/jwcss-20140922150308.apk', '1411369388', 0);

-- --------------------------------------------------------

--
-- 表的结构 `eca_uppics`
--

CREATE TABLE IF NOT EXISTS `eca_uppics` (
  `id` mediumint(8) NOT NULL AUTO_INCREMENT,
  `pic_name` varchar(60) NOT NULL COMMENT '图片名称',
  `pic_url` varchar(255) DEFAULT NULL COMMENT '外部链接',
  `pic_ext` varchar(60) NOT NULL COMMENT '图片后缀',
  `pic_alt` varchar(255) DEFAULT NULL COMMENT '图片alt',
  `pic_size` varchar(60) DEFAULT NULL,
  `pic_path` varchar(60) DEFAULT NULL COMMENT '图片路径',
  `pic_time` varchar(60) DEFAULT NULL COMMENT '图片上传修改时间',
  `pic_thumb` varchar(60) DEFAULT NULL COMMENT '缩略图',
  `pic_cate` mediumint(8) DEFAULT '0',
  PRIMARY KEY (`id`)
) ENGINE=MyISAM  DEFAULT CHARSET=utf8 AUTO_INCREMENT=27 ;

--
-- 转存表中的数据 `eca_uppics`
--

INSERT INTO `eca_uppics` (`id`, `pic_name`, `pic_url`, `pic_ext`, `pic_alt`, `pic_size`, `pic_path`, `pic_time`, `pic_thumb`, `pic_cate`) VALUES
(1, '20140908091654980', NULL, 'jpg', NULL, NULL, 'upload/img/20140908/', '1410139015', NULL, 2),
(2, '20140908091655416', NULL, 'jpg', NULL, NULL, 'upload/img/20140908/', '1410139015', NULL, 2),
(3, '20140908092056614', NULL, 'jpg', NULL, NULL, 'upload/img/20140908/', '1410139257', NULL, 2),
(4, '20140908092139575', NULL, 'jpg', NULL, NULL, 'upload/img/20140908/', '1410139300', NULL, 2),
(5, '20140908092203319', NULL, 'jpg', NULL, NULL, 'upload/img/20140908/', '1410139323', NULL, 2),
(6, '201409081250062466', NULL, 'jpg', '', '77542', 'upload/img/', '1410151806', 'img/201409081250062466_thumb.jpeg', 1),
(7, '201409081309506685', NULL, 'jpg', '', '22457', 'upload/img/', '1410152990', 'img/201409081309506685_thumb.jpeg', 1),
(8, '201409081428131098', NULL, 'jpg', '', '121595', 'upload/img/', '1410157693', 'img/201409081428131098_thumb.jpeg', 1),
(9, '201409081448077788', NULL, 'jpg', '', '10424', 'upload/img/', '1410158887', 'img/201409081448077788_thumb.jpeg', 4),
(10, '201409081448079042', NULL, 'jpg', '', '9886', 'upload/img/', '1410158887', 'img/201409081448079042_thumb.jpeg', 4),
(11, '201409081448074943', NULL, 'jpg', '', '10467', 'upload/img/', '1410158887', 'img/201409081448074943_thumb.jpeg', 4),
(12, '201409081448073016', NULL, 'jpg', '', '10891', 'upload/img/', '1410158887', 'img/201409081448073016_thumb.jpeg', 4),
(13, '20140908144807922', NULL, 'jpg', '', '10550', 'upload/img/', '1410158887', 'img/20140908144807922_thumb.jpeg', 4),
(14, '201409081502309642', NULL, 'jpg', '', '5521', 'upload/img/', '1410159750', 'img/201409081502309642_thumb.jpeg', 3),
(15, '201409081547598399', NULL, 'jpg', '', '7336', 'upload/img/', '1410162479', 'img/201409081547598399_thumb.jpeg', 5),
(16, '201409081802376511', NULL, 'jpg', '', '6477', 'upload/img/', '1410170557', 'img/201409081802376511_thumb.jpeg', 3),
(17, '201409081804082143', NULL, 'jpg', '', '6782', 'upload/img/', '1410170648', 'img/201409081804082143_thumb.jpeg', 1),
(18, '201409231813248480', NULL, 'jpg', '', '28090', 'upload/img/', '1411467204', 'img/201409231813248480_thumb.jpeg', 1),
(19, '201409231825283537', NULL, 'jpg', '', '20481', 'upload/img/', '1411467928', 'img/201409231825283537_thumb.jpeg', 1),
(20, '201409231825417481', NULL, 'jpg', '', '28647', 'upload/img/', '1411467941', 'img/201409231825417481_thumb.jpeg', 1),
(21, '201409231825549139', NULL, 'jpg', '', '20804', 'upload/img/', '1411467954', 'img/201409231825549139_thumb.jpeg', 1),
(22, '201409231836597541', NULL, 'jpg', '', '604610', 'upload/img/', '1411468619', 'img/201409231836597541_thumb.jpeg', 1),
(23, '201409231856414024', NULL, 'jpg', '', '36503', 'upload/img/', '1411469801', 'img/201409231856414024_thumb.jpeg', 1),
(24, '201409231859306196', NULL, 'jpg', '', '16368', 'upload/img/', '1411469970', 'img/201409231859306196_thumb.jpeg', 1),
(25, '201409231902122809', NULL, 'jpg', '', '30310', 'upload/img/', '1411470132', 'img/201409231902122809_thumb.jpeg', 1),
(26, '201410082037258521', NULL, 'jpg', '', '65591', 'upload/img/', '1412771846', 'img/201410082037258521_thumb.jpeg', 1);

-- --------------------------------------------------------

--
-- 表的结构 `eca_uppic_cate`
--

CREATE TABLE IF NOT EXISTS `eca_uppic_cate` (
  `id` mediumint(8) NOT NULL AUTO_INCREMENT,
  `cate_name` varchar(255) NOT NULL,
  PRIMARY KEY (`id`)
) ENGINE=MyISAM  DEFAULT CHARSET=utf8 AUTO_INCREMENT=6 ;

--
-- 转存表中的数据 `eca_uppic_cate`
--

INSERT INTO `eca_uppic_cate` (`id`, `cate_name`) VALUES
(1, '产品图片'),
(2, '下载图片'),
(3, '其它图片'),
(4, '单页图片'),
(5, '专家团队');

-- --------------------------------------------------------

--
-- 表的结构 `eca_webjob`
--

CREATE TABLE IF NOT EXISTS `eca_webjob` (
  `id` mediumint(8) NOT NULL,
  `jobname` varchar(255) DEFAULT NULL,
  `jobsex` varchar(255) DEFAULT NULL,
  `jobmoth` varchar(255) DEFAULT NULL,
  `jobjg` varchar(255) DEFAULT NULL,
  `jobxl` varchar(255) DEFAULT NULL,
  `jobzy` varchar(255) DEFAULT NULL,
  `jobbyyx` varchar(255) DEFAULT NULL,
  `jobphone` varchar(255) DEFAULT NULL,
  `jobmail` varchar(255) DEFAULT NULL,
  `jobhj` varchar(255) DEFAULT NULL,
  `jobgzjl` varchar(255) DEFAULT NULL,
  `jobzyjn` varchar(255) DEFAULT NULL,
  `jobyyah` varchar(255) DEFAULT NULL,
  PRIMARY KEY (`id`)
) ENGINE=MyISAM DEFAULT CHARSET=utf8;

/*!40101 SET CHARACTER_SET_CLIENT=@OLD_CHARACTER_SET_CLIENT */;
/*!40101 SET CHARACTER_SET_RESULTS=@OLD_CHARACTER_SET_RESULTS */;
/*!40101 SET COLLATION_CONNECTION=@OLD_COLLATION_CONNECTION */;
